ID_plaque,ID_puit,sample_id,Numero_unique_filtre,Numero_unique_echantillon,Numero_unique_site,Numero_unique_station,ID_projet,project,Loci,Type_echantillon,SNC,FNC,ENC,MNC,MPC,Run,File,Key_i7,Key_i5,tag_fwd,tag_rev,Station,Site_echantillonnage,plate_no,type,control_type,plate_row,plate_col,primer_fwd,primer_rev,nb_reads,nb_motus,nb_reads.tagjump,nb_motus.tagjump,seqdepth_ok,nb_reads.tagjump.subgroup,nb_motus.tagjump.subgroup,low_max_conta_level_10,artefact_type,nb_reads_postmetabaR,nb_motus_postmetabaR
B,G5,ADE_21_00397,F_21_00324,E_21_00364,ST_21_00188,STA_21_00088,PPO,PPO.Godbout.2021,16Schord,ECH,NA,ADE_21_00397,ADE_21_00560,N_21_1804.002.1;N_21_1804.002.2,P_21_1804.002,1804.002,NS.1804.002.UDP0135_i7---UDP0135_i5.ADE_21_00397,UDP0135,UDP0135,TGGCCTCTGT,TGAGACAGCG,NA,NA,1804.002_B,sample,NA,G,5,ATGCGAGAAGACCCTRTGGAGCT,CCTNGGTCGCCCCAAC,28947,188,28900,184,TRUE,28900,184,TRUE,Not artefactual,28769,180
A,G3,ADE_21_00398,F_21_00325,E_21_00379,ST_21_00188,STA_21_00093,PPO,PPO.Godbout.2021,16Schord,ECH,NA,ADE_21_00397,ADE_21_00560,N_21_1803.002.1;N_21_1803.002.2,P_21_1803.002,1803.002,NS.1803.002.UDP0023_i7---UDP0023_i5.ADE_21_00398,UDP0023,UDP0023,ACGCCTTGTT,TAAGGAACGT,NA,NA,1803.002_A,sample,NA,G,3,ATGCGAGAAGACCCTRTGGAGCT,CCTNGGTCGCCCCAAC,49064,269,49060,268,TRUE,49060,268,TRUE,Not artefactual,48696,267
A,C12,ADE_21_00399,F_21_00326,E_21_00384,ST_21_00188,STA_21_00095,PPO,PPO.Godbout.2021,16Schord,ECH,NA,ADE_21_00397,ADE_21_00560,N_21_1804.002.1;N_21_1804.002.2,P_21_1804.002,1804.002,NS.1804.002.UDP0091_i7---UDP0091_i5.ADE_21_00399,UDP0091,UDP0091,TCAGAAGGCG,GGCCATCATA,NA,NA,1804.002_A,sample,NA,C,12,ATGCGAGAAGACCCTRTGGAGCT,CCTNGGTCGCCCCAAC,23540,166,23496,160,TRUE,23496,160,TRUE,Not artefactual,22283,157
A,H10,ADE_21_00400,F_21_00327,E_21_00373,ST_21_00188,STA_21_00091,PPO,PPO.Godbout.2021,16Schord,ECH,NA,ADE_21_00397,ADE_21_00560,N_21_1804.001.1;N_21_1804.001.2,P_21_1804.001,1804.001,NS.1804.001.UDP0080_i7---UDP0080_i5.ADE_21_00400,UDP0080,UDP0080,GGCAAGCCAG,CAAGCATCCG,NA,NA,1804.001_A,sample,NA,H,10,ATGCGAGAAGACCCTRTGGAGCT,CCTNGGTCGCCCCAAC,28920,170,28752,163,TRUE,28752,163,TRUE,Not artefactual,28562,162
A,E3,ADE_21_00401,F_21_00328,E_21_00353,ST_21_00188,STA_21_00085,PPO,PPO.Godbout.2021,16Schord,ECH,NA,ADE_21_00397,ADE_21_00560,N_21_1804.002.1;N_21_1804.002.2,P_21_1804.002,1804.002,NS.1804.002.UDP0021_i7---UDP0021_i5.ADE_21_00401,UDP0021,UDP0021,ATGGTTGACT,GGCCTGTCCT,NA,NA,1804.002_A,sample,NA,E,3,ATGCGAGAAGACCCTRTGGAGCT,CCTNGGTCGCCCCAAC,20844,231,20793,226,TRUE,20793,226,TRUE,Not artefactual,20793,226
A,H8,ADE_21_00402,F_21_00329,E_21_00363,ST_21_00188,STA_21_00088,PPO,PPO.Godbout.2021,16Schord,ECH,NA,ADE_21_00397,ADE_21_00560,N_21_1803.002.1;N_21_1803.002.2,P_21_1803.002,1803.002,NS.1803.002.UDP0064_i7---UDP0064_i5.ADE_21_00402,UDP0064,UDP0064,TGGCGCGAAC,AACTGATACT,NA,NA,1803.002_A,sample,NA,H,8,ATGCGAGAAGACCCTRTGGAGCT,CCTNGGTCGCCCCAAC,13865,193,13759,186,TRUE,13759,186,TRUE,Not artefactual,13759,186
A,G7,ADE_21_00403,F_21_00330,E_21_00385,ST_21_00188,STA_21_00095,PPO,PPO.Godbout.2021,16Schord,ECH,NA,ADE_21_00397,ADE_21_00560,N_21_1804.002.1;N_21_1804.002.2,P_21_1804.002,1804.002,NS.1804.002.UDP0055_i7---UDP0055_i5.ADE_21_00403,UDP0055,UDP0055,CTGAGGAATA,CTTAACCACT,NA,NA,1804.002_A,sample,NA,G,7,ATGCGAGAAGACCCTRTGGAGCT,CCTNGGTCGCCCCAAC,29054,242,29003,236,TRUE,29003,236,TRUE,Not artefactual,28552,234
A,A11,ADE_21_00404,F_21_00331,E_21_00355,ST_21_00188,STA_21_00085,PPO,PPO.Godbout.2021,16Schord,ECH,NA,ADE_21_00397,ADE_21_00560,N_21_1804.001.1;N_21_1804.001.2,P_21_1804.001,1804.001,NS.1804.001.UDP0081_i7---UDP0081_i5.ADE_21_00404,UDP0081,UDP0081,TGTCGCTGGT,TCGTCTGACT,NA,NA,1804.001_A,sample,NA,A,11,ATGCGAGAAGACCCTRTGGAGCT,CCTNGGTCGCCCCAAC,23984,299,23949,296,TRUE,23949,296,TRUE,Not artefactual,23788,292
A,B4,ADE_21_00405,F_21_00332,E_21_00358,ST_21_00188,STA_21_00086,PPO,PPO.Godbout.2021,16Schord,ECH,NA,ADE_21_00397,ADE_21_00560,N_21_1803.002.1;N_21_1803.002.2,P_21_1803.002,1803.002,NS.1803.002.UDP0026_i7---UDP0026_i5.ADE_21_00405,UDP0026,UDP0026,GGTTGCGAGG,AATAGAGCAA,NA,NA,1803.002_A,sample,NA,B,4,ATGCGAGAAGACCCTRTGGAGCT,CCTNGGTCGCCCCAAC,8117,161,7990,152,TRUE,7990,152,TRUE,Not artefactual,7990,152
A,D10,ADE_21_00407,F_21_00334,E_21_00377,ST_21_00188,STA_21_00093,PPO,PPO.Godbout.2021,16Schord,ECH,NA,ADE_21_00397,ADE_21_00560,N_21_1804.002.1;N_21_1804.002.2,P_21_1804.002,1804.002,NS.1804.002.UDP0076_i7---UDP0076_i5.ADE_21_00407,UDP0076,UDP0076,CTGACTCTAC,ACGGCCGTCA,NA,NA,1804.002_A,sample,NA,D,10,ATGCGAGAAGACCCTRTGGAGCT,CCTNGGTCGCCCCAAC,30042,236,29995,231,TRUE,29995,231,TRUE,Not artefactual,29478,226
B,D6,ADE_21_00408,F_21_00335,E_21_00370,ST_21_00188,STA_21_00090,PPO,PPO.Godbout.2021,16Schord,ECH,NA,ADE_21_00397,ADE_21_00560,N_21_1803.002.1;N_21_1803.002.2,P_21_1803.002,1803.002,NS.1803.002.UDP0140_i7---UDP0140_i5.ADE_21_00408,UDP0140,UDP0140,TACGTGAAGG,CGGTTATTAG,NA,NA,1803.002_B,sample,NA,D,6,ATGCGAGAAGACCCTRTGGAGCT,CCTNGGTCGCCCCAAC,19190,196,19174,193,TRUE,19174,193,TRUE,Not artefactual,18722,191
A,B9,ADE_21_00409,F_21_00336,E_21_00381,ST_21_00188,STA_21_00094,PPO,PPO.Godbout.2021,16Schord,ECH,NA,ADE_21_00397,ADE_21_00560,N_21_1804.001.1;N_21_1804.001.2,P_21_1804.001,1804.001,NS.1804.001.UDP0066_i7---UDP0066_i5.ADE_21_00409,UDP0066,UDP0066,ATACCAACGC,AATTGCTGCG,NA,NA,1804.001_A,sample,NA,B,9,ATGCGAGAAGACCCTRTGGAGCT,CCTNGGTCGCCCCAAC,24431,135,24364,128,TRUE,24364,128,TRUE,Not artefactual,23872,127
A,F9,ADE_21_00410,F_21_00337,E_21_00382,ST_21_00188,STA_21_00094,PPO,PPO.Godbout.2021,16Schord,ECH,NA,ADE_21_00397,ADE_21_00560,N_21_1804.001.1;N_21_1804.001.2,P_21_1804.001,1804.001,NS.1804.001.UDP0070_i7---UDP0070_i5.ADE_21_00410,UDP0070,UDP0070,GTATTGACGT,GGAATTCCAA,NA,NA,1804.001_A,sample,NA,F,9,ATGCGAGAAGACCCTRTGGAGCT,CCTNGGTCGCCCCAAC,16023,199,15991,196,TRUE,15991,196,TRUE,Not artefactual,14668,192
A,E3,ADE_21_00411,F_21_00338,E_21_00371,ST_21_00188,STA_21_00091,PPO,PPO.Godbout.2021,16Schord,ECH,NA,ADE_21_00397,ADE_21_00560,N_21_1803.002.1;N_21_1803.002.2,P_21_1803.002,1803.002,NS.1803.002.UDP0021_i7---UDP0021_i5.ADE_21_00411,UDP0021,UDP0021,ATGGTTGACT,GGCCTGTCCT,NA,NA,1803.002_A,sample,NA,E,3,ATGCGAGAAGACCCTRTGGAGCT,CCTNGGTCGCCCCAAC,34651,200,34565,192,TRUE,34565,192,TRUE,Not artefactual,33640,190
A,G9,ADE_21_00412,F_21_00339,E_21_00368,ST_21_00188,STA_21_00090,PPO,PPO.Godbout.2021,16Schord,ECH,NA,ADE_21_00397,ADE_21_00560,N_21_1804.002.1;N_21_1804.002.2,P_21_1804.002,1804.002,NS.1804.002.UDP0071_i7---UDP0071_i5.ADE_21_00412,UDP0071,UDP0071,CTTGTACACC,AAGCGCGCTT,NA,NA,1804.002_A,sample,NA,G,9,ATGCGAGAAGACCCTRTGGAGCT,CCTNGGTCGCCCCAAC,26124,192,26102,190,TRUE,26102,190,TRUE,Not artefactual,26065,186
A,F3,ADE_21_00413,F_21_00340,E_21_00387,ST_21_00188,STA_21_00096,PPO,PPO.Godbout.2021,16Schord,ECH,NA,ADE_21_00397,ADE_21_00560,N_21_1804.002.1;N_21_1804.002.2,P_21_1804.002,1804.002,NS.1804.002.UDP0022_i7---UDP0022_i5.ADE_21_00413,UDP0022,UDP0022,TATTGCGCTC,CTGTGTTAGG,NA,NA,1804.002_A,sample,NA,F,3,ATGCGAGAAGACCCTRTGGAGCT,CCTNGGTCGCCCCAAC,68531,139,68472,132,TRUE,68472,132,TRUE,Not artefactual,67484,130
A,A6,ADE_21_00414,F_21_00341,E_21_00362,ST_21_00188,STA_21_00088,PPO,PPO.Godbout.2021,16Schord,ECH,NA,ADE_21_00397,ADE_21_00560,N_21_1804.001.1;N_21_1804.001.2,P_21_1804.001,1804.001,NS.1804.001.UDP0041_i7---UDP0041_i5.ADE_21_00414,UDP0041,UDP0041,ACTCGGCAAT,GACAACTGAA,NA,NA,1804.001_A,sample,NA,A,6,ATGCGAGAAGACCCTRTGGAGCT,CCTNGGTCGCCCCAAC,24189,125,24154,120,TRUE,24154,120,TRUE,Not artefactual,24120,119
A,E1,ADE_21_00415,F_21_00342,E_21_00361,ST_21_00188,STA_21_00087,PPO,PPO.Godbout.2021,16Schord,ECH,NA,ADE_21_00397,ADE_21_00560,N_21_1803.002.1;N_21_1803.002.2,P_21_1803.002,1803.002,NS.1803.002.UDP0005_i7---UDP0005_i5.ADE_21_00415,UDP0005,UDP0005,GACGAGATTA,ACATTATCCT,NA,NA,1803.002_A,sample,NA,E,1,ATGCGAGAAGACCCTRTGGAGCT,CCTNGGTCGCCCCAAC,23036,256,22897,250,TRUE,22897,250,TRUE,Not artefactual,22620,248
A,H2,ADE_21_00416,F_21_00343,E_21_00378,ST_21_00188,STA_21_00093,PPO,PPO.Godbout.2021,16Schord,ECH,NA,ADE_21_00397,ADE_21_00560,N_21_1804.001.1;N_21_1804.001.2,P_21_1804.001,1804.001,NS.1804.001.UDP0016_i7---UDP0016_i5.ADE_21_00416,UDP0016,UDP0016,CGGTTACGGC,AAGACTATAG,NA,NA,1804.001_A,sample,NA,H,2,ATGCGAGAAGACCCTRTGGAGCT,CCTNGGTCGCCCCAAC,27149,140,27146,139,TRUE,27146,139,FALSE,Contamination > 10%,23958,138
A,E2,ADE_21_00417,F_21_00344,E_21_00366,ST_21_00188,STA_21_00089,PPO,PPO.Godbout.2021,16Schord,ECH,NA,ADE_21_00397,ADE_21_00560,N_21_1804.001.1;N_21_1804.001.2,P_21_1804.001,1804.001,NS.1804.001.UDP0013_i7---UDP0013_i5.ADE_21_00417,UDP0013,UDP0013,CTTGCCATTA,ATCACGAAGG,NA,NA,1804.001_A,sample,NA,E,2,ATGCGAGAAGACCCTRTGGAGCT,CCTNGGTCGCCCCAAC,29605,138,29517,132,TRUE,29517,132,TRUE,Not artefactual,29184,131
A,A6,ADE_21_00418,F_21_00345,E_21_00360,ST_21_00188,STA_21_00087,PPO,PPO.Godbout.2021,16Schord,ECH,NA,ADE_21_00397,ADE_21_00560,N_21_1804.002.1;N_21_1804.002.2,P_21_1804.002,1804.002,NS.1804.002.UDP0041_i7---UDP0041_i5.ADE_21_00418,UDP0041,UDP0041,ACTCGGCAAT,GACAACTGAA,NA,NA,1804.002_A,sample,NA,A,6,ATGCGAGAAGACCCTRTGGAGCT,CCTNGGTCGCCCCAAC,28407,254,28377,250,TRUE,28377,250,TRUE,Not artefactual,26227,247
A,H1,ADE_21_00419,F_21_00346,E_21_00380,ST_21_00188,STA_21_00094,PPO,PPO.Godbout.2021,16Schord,ECH,NA,ADE_21_00397,ADE_21_00560,N_21_1803.002.1;N_21_1803.002.2,P_21_1803.002,1803.002,NS.1803.002.UDP0008_i7---UDP0008_i5.ADE_21_00419,UDP0008,UDP0008,GATCAAGGCA,CCTTGTTAAT,NA,NA,1803.002_A,sample,NA,H,1,ATGCGAGAAGACCCTRTGGAGCT,CCTNGGTCGCCCCAAC,24210,223,24196,222,TRUE,24196,222,TRUE,Not artefactual,22850,221
A,E6,ADE_21_00420,F_21_00347,E_21_00365,ST_21_00188,STA_21_00089,PPO,PPO.Godbout.2021,16Schord,ECH,NA,ADE_21_00397,ADE_21_00561,N_21_1804.002.1;N_21_1804.002.2,P_21_1804.002,1804.002,NS.1804.002.UDP0045_i7---UDP0045_i5.ADE_21_00420,UDP0045,UDP0045,CGTTATTCTA,CCATAAGGTT,NA,NA,1804.002_A,sample,NA,E,6,ATGCGAGAAGACCCTRTGGAGCT,CCTNGGTCGCCCCAAC,14854,159,14839,155,TRUE,14839,155,TRUE,Not artefactual,14662,153
A,H10,ADE_21_00421,F_21_00348,E_21_00367,ST_21_00188,STA_21_00089,PPO,PPO.Godbout.2021,16Schord,ECH,NA,ADE_21_00397,ADE_21_00561,N_21_1804.002.1;N_21_1804.002.2,P_21_1804.002,1804.002,NS.1804.002.UDP0080_i7---UDP0080_i5.ADE_21_00421,UDP0080,UDP0080,GGCAAGCCAG,CAAGCATCCG,NA,NA,1804.002_A,sample,NA,H,10,ATGCGAGAAGACCCTRTGGAGCT,CCTNGGTCGCCCCAAC,25083,254,25008,250,TRUE,25008,250,TRUE,Not artefactual,25008,250
B,D6,ADE_21_00422,F_21_00349,E_21_00372,ST_21_00188,STA_21_00091,PPO,PPO.Godbout.2021,16Schord,ECH,NA,ADE_21_00397,ADE_21_00561,N_21_1804.001.1;N_21_1804.001.2,P_21_1804.001,1804.001,NS.1804.001.UDP0140_i7---UDP0140_i5.ADE_21_00422,UDP0140,UDP0140,TACGTGAAGG,CGGTTATTAG,NA,NA,1804.001_B,sample,NA,D,6,ATGCGAGAAGACCCTRTGGAGCT,CCTNGGTCGCCCCAAC,27154,263,27100,260,TRUE,27100,260,TRUE,Not artefactual,26802,256
A,C7,ADE_21_00423,F_21_00350,E_21_00357,ST_21_00188,STA_21_00086,PPO,PPO.Godbout.2021,16Schord,ECH,NA,ADE_21_00397,ADE_21_00561,N_21_1804.001.1;N_21_1804.001.2,P_21_1804.001,1804.001,NS.1804.001.UDP0051_i7---UDP0051_i5.ADE_21_00423,UDP0051,UDP0051,CCTGTCTGTC,ACTGTTGTGA,NA,NA,1804.001_A,sample,NA,C,7,ATGCGAGAAGACCCTRTGGAGCT,CCTNGGTCGCCCCAAC,17872,285,17813,276,TRUE,17813,276,TRUE,Not artefactual,17794,274
A,F11,ADE_21_00424,F_21_00351,E_21_00376,ST_21_00188,STA_21_00092,PPO,PPO.Godbout.2021,16Schord,ECH,NA,ADE_21_00397,ADE_21_00561,N_21_1804.002.1;N_21_1804.002.2,P_21_1804.002,1804.002,NS.1804.002.UDP0086_i7---UDP0086_i5.ADE_21_00424,UDP0086,UDP0086,TTGGAATTCC,ACGTCAATAC,NA,NA,1804.002_A,sample,NA,F,11,ATGCGAGAAGACCCTRTGGAGCT,CCTNGGTCGCCCCAAC,18604,195,18481,184,TRUE,18481,184,TRUE,Not artefactual,18481,184
A,C6,ADE_21_00425,F_21_00352,E_21_00354,ST_21_00188,STA_21_00085,PPO,PPO.Godbout.2021,16Schord,ECH,NA,ADE_21_00397,ADE_21_00561,N_21_1804.002.1;N_21_1804.002.2,P_21_1804.002,1804.002,NS.1804.002.UDP0043_i7---UDP0043_i5.ADE_21_00425,UDP0043,UDP0043,CCATCTCGCC,TTCTATGGTT,NA,NA,1804.002_A,sample,NA,C,6,ATGCGAGAAGACCCTRTGGAGCT,CCTNGGTCGCCCCAAC,17469,192,17440,187,TRUE,17440,187,TRUE,Not artefactual,17407,186
A,D3,ADE_21_00426,F_21_00353,E_21_00359,ST_21_00188,STA_21_00087,PPO,PPO.Godbout.2021,16Schord,ECH,NA,ADE_21_00397,ADE_21_00561,N_21_1803.002.1;N_21_1803.002.2,P_21_1803.002,1803.002,NS.1803.002.UDP0020_i7---UDP0020_i5.ADE_21_00426,UDP0020,UDP0020,GATAGGCCGA,CGCACATGGC,NA,NA,1803.002_A,sample,NA,D,3,ATGCGAGAAGACCCTRTGGAGCT,CCTNGGTCGCCCCAAC,16914,174,16908,173,TRUE,16908,173,TRUE,Not artefactual,16876,172
B,D2,ADE_21_00427,F_21_00354,E_21_00369,ST_21_00188,STA_21_00090,PPO,PPO.Godbout.2021,16Schord,ECH,NA,ADE_21_00397,ADE_21_00561,N_21_1804.002.1;N_21_1804.002.2,P_21_1804.002,1804.002,NS.1804.002.UDP0108_i7---UDP0108_i5.ADE_21_00427,UDP0108,UDP0108,AGTACTCATG,ATGTCGTGGT,NA,NA,1804.002_B,sample,NA,D,2,ATGCGAGAAGACCCTRTGGAGCT,CCTNGGTCGCCCCAAC,27283,219,27269,218,TRUE,27269,218,TRUE,Not artefactual,27204,217
A,D3,ADE_21_00428,F_21_00355,E_21_00375,ST_21_00188,STA_21_00092,PPO,PPO.Godbout.2021,16Schord,ECH,NA,ADE_21_00397,ADE_21_00561,N_21_1804.002.1;N_21_1804.002.2,P_21_1804.002,1804.002,NS.1804.002.UDP0020_i7---UDP0020_i5.ADE_21_00428,UDP0020,UDP0020,GATAGGCCGA,CGCACATGGC,NA,NA,1804.002_A,sample,NA,D,3,ATGCGAGAAGACCCTRTGGAGCT,CCTNGGTCGCCCCAAC,18285,147,18141,138,TRUE,18141,138,TRUE,Not artefactual,18118,137
A,A3,ADE_21_00429,F_21_00356,E_21_00383,ST_21_00188,STA_21_00095,PPO,PPO.Godbout.2021,16Schord,ECH,NA,ADE_21_00397,ADE_21_00561,N_21_1804.001.1;N_21_1804.001.2,P_21_1804.001,1804.001,NS.1804.001.UDP0017_i7---UDP0017_i5.ADE_21_00429,UDP0017,UDP0017,GAGAATGGTT,TCGGCAGCAA,NA,NA,1804.001_A,sample,NA,A,3,ATGCGAGAAGACCCTRTGGAGCT,CCTNGGTCGCCCCAAC,37520,139,37453,133,TRUE,37453,133,FALSE,Contamination > 10%,32913,130
A,F3,ADE_21_00430,F_21_00357,E_21_00386,ST_21_00188,STA_21_00096,PPO,PPO.Godbout.2021,16Schord,ECH,NA,ADE_21_00397,ADE_21_00561,N_21_1804.001.1;N_21_1804.001.2,P_21_1804.001,1804.001,NS.1804.001.UDP0022_i7---UDP0022_i5.ADE_21_00430,UDP0022,UDP0022,TATTGCGCTC,CTGTGTTAGG,NA,NA,1804.001_A,sample,NA,F,3,ATGCGAGAAGACCCTRTGGAGCT,CCTNGGTCGCCCCAAC,47522,239,47290,234,TRUE,47290,234,TRUE,Not artefactual,46045,231
B,E6,ADE_21_00431,F_21_00358,E_21_00388,ST_21_00188,STA_21_00096,PPO,PPO.Godbout.2021,16Schord,ECH,NA,ADE_21_00397,ADE_21_00561,N_21_1804.001.1;N_21_1804.001.2,P_21_1804.001,1804.001,NS.1804.001.UDP0141_i7---UDP0141_i5.ADE_21_00431,UDP0141,UDP0141,CTTATTGGCC,GATAACAAGT,NA,NA,1804.001_B,sample,NA,E,6,ATGCGAGAAGACCCTRTGGAGCT,CCTNGGTCGCCCCAAC,26657,175,26577,166,TRUE,26577,166,TRUE,Not artefactual,24935,161
A,D3,ADE_21_00432,F_21_00359,E_21_00374,ST_21_00188,STA_21_00092,PPO,PPO.Godbout.2021,16Schord,ECH,NA,ADE_21_00397,ADE_21_00561,N_21_1804.001.1;N_21_1804.001.2,P_21_1804.001,1804.001,NS.1804.001.UDP0020_i7---UDP0020_i5.ADE_21_00432,UDP0020,UDP0020,GATAGGCCGA,CGCACATGGC,NA,NA,1804.001_A,sample,NA,D,3,ATGCGAGAAGACCCTRTGGAGCT,CCTNGGTCGCCCCAAC,26491,190,26453,186,TRUE,26453,186,TRUE,Not artefactual,26453,186
A,H7,ADE_21_00433,F_21_00360,E_21_00356,ST_21_00188,STA_21_00086,PPO,PPO.Godbout.2021,16Schord,ECH,NA,ADE_21_00397,ADE_21_00561,N_21_1803.002.1;N_21_1803.002.2,P_21_1803.002,1803.002,NS.1803.002.UDP0056_i7---UDP0056_i5.ADE_21_00433,UDP0056,UDP0056,AACGCACGAG,GCCTCGGATA,NA,NA,1803.002_A,sample,NA,H,7,ATGCGAGAAGACCCTRTGGAGCT,CCTNGGTCGCCCCAAC,20469,260,20359,255,TRUE,20359,255,TRUE,Not artefactual,20359,255
A,E9,ADE_21_00434,F_21_00361,E_21_00286,ST_21_00188,STA_21_00063,PPO,PPO.Godbout.2021,16Schord,ECH,NA,ADE_21_00434,ADE_21_00561,N_21_1804.002.1;N_21_1804.002.2,P_21_1804.002,1804.002,NS.1804.002.UDP0069_i7---UDP0069_i5.ADE_21_00434,UDP0069,UDP0069,TGGAGTACTT,TCTGTGTGGA,NA,NA,1804.002_A,sample,NA,E,9,ATGCGAGAAGACCCTRTGGAGCT,CCTNGGTCGCCCCAAC,42956,135,42954,134,TRUE,42954,134,TRUE,Not artefactual,42954,134
B,E1,ADE_21_00435,F_21_00362,E_21_00278,ST_21_00188,STA_21_00060,PPO,PPO.Godbout.2021,16Schord,ECH,NA,ADE_21_00434,ADE_21_00561,N_21_1804.002.1;N_21_1804.002.2,P_21_1804.002,1804.002,NS.1804.002.UDP0101_i7---UDP0101_i5.ADE_21_00435,UDP0101,UDP0101,ATATGCATGT,TGGTGCCTGG,NA,NA,1804.002_B,sample,NA,E,1,ATGCGAGAAGACCCTRTGGAGCT,CCTNGGTCGCCCCAAC,39272,158,39263,156,TRUE,39263,156,TRUE,Not artefactual,38501,154
A,B11,ADE_21_00436,F_21_00363,E_21_00283,ST_21_00188,STA_21_00062,PPO,PPO.Godbout.2021,16Schord,ECH,NA,ADE_21_00434,ADE_21_00561,N_21_1804.001.1;N_21_1804.001.2,P_21_1804.001,1804.001,NS.1804.001.UDP0082_i7---UDP0082_i5.ADE_21_00436,UDP0082,UDP0082,ACCGTTACAA,CTCATAGCGA,NA,NA,1804.001_A,sample,NA,B,11,ATGCGAGAAGACCCTRTGGAGCT,CCTNGGTCGCCCCAAC,31131,117,31129,116,TRUE,31129,116,TRUE,Not artefactual,31129,116
A,G8,ADE_21_00437,F_21_00364,E_21_00289,ST_21_00188,STA_21_00064,PPO,PPO.Godbout.2021,16Schord,ECH,NA,ADE_21_00434,ADE_21_00561,N_21_1804.001.1;N_21_1804.001.2,P_21_1804.001,1804.001,NS.1804.001.UDP0063_i7---UDP0063_i5.ADE_21_00437,UDP0063,UDP0063,ATTGCGCGGT,TTGGCTCCGC,NA,NA,1804.001_A,sample,NA,G,8,ATGCGAGAAGACCCTRTGGAGCT,CCTNGGTCGCCCCAAC,41456,108,41456,108,TRUE,41456,108,TRUE,Not artefactual,41004,107
A,F12,ADE_21_00438,F_21_00365,E_21_00281,ST_21_00188,STA_21_00061,PPO,PPO.Godbout.2021,16Schord,ECH,NA,ADE_21_00434,ADE_21_00561,N_21_1804.001.1;N_21_1804.001.2,P_21_1804.001,1804.001,NS.1804.001.UDP0094_i7---UDP0094_i5.ADE_21_00438,UDP0094,UDP0094,TCATAGATTG,GATTAAGGTG,NA,NA,1804.001_A,sample,NA,F,12,ATGCGAGAAGACCCTRTGGAGCT,CCTNGGTCGCCCCAAC,37186,130,37006,124,TRUE,37006,124,TRUE,Not artefactual,36690,122
A,G5,ADE_21_00439,F_21_00366,E_21_00285,ST_21_00188,STA_21_00063,PPO,PPO.Godbout.2021,16Schord,ECH,NA,ADE_21_00434,ADE_21_00561,N_21_1803.002.1;N_21_1803.002.2,P_21_1803.002,1803.002,NS.1803.002.UDP0039_i7---UDP0039_i5.ADE_21_00439,UDP0039,UDP0039,CAATCGGCTG,GCTGTAGGAA,NA,NA,1803.002_A,sample,NA,G,5,ATGCGAGAAGACCCTRTGGAGCT,CCTNGGTCGCCCCAAC,53141,133,53093,131,TRUE,53093,131,TRUE,Not artefactual,52736,130
B,E5,ADE_21_00440,F_21_00367,E_21_00298,ST_21_00188,STA_21_00067,PPO,PPO.Godbout.2021,16Schord,ECH,NA,ADE_21_00434,ADE_21_00561,N_21_1804.001.1;N_21_1804.001.2,P_21_1804.001,1804.001,NS.1804.001.UDP0133_i7---UDP0133_i5.ADE_21_00440,UDP0133,UDP0133,AACGAGGCCG,ATACCTGGAT,NA,NA,1804.001_B,sample,NA,E,5,ATGCGAGAAGACCCTRTGGAGCT,CCTNGGTCGCCCCAAC,47703,224,47670,222,TRUE,47670,222,TRUE,Not artefactual,46860,220
A,B9,ADE_21_00441,F_21_00368,E_21_00299,ST_21_00188,STA_21_00067,PPO,PPO.Godbout.2021,16Schord,ECH,NA,ADE_21_00434,ADE_21_00561,N_21_1803.002.1;N_21_1803.002.2,P_21_1803.002,1803.002,NS.1803.002.UDP0066_i7---UDP0066_i5.ADE_21_00441,UDP0066,UDP0066,ATACCAACGC,AATTGCTGCG,NA,NA,1803.002_A,sample,NA,B,9,ATGCGAGAAGACCCTRTGGAGCT,CCTNGGTCGCCCCAAC,33218,220,33067,218,TRUE,33067,218,TRUE,Not artefactual,33067,218
B,B6,ADE_21_00442,F_21_00369,E_21_00288,ST_21_00188,STA_21_00064,PPO,PPO.Godbout.2021,16Schord,ECH,NA,ADE_21_00434,ADE_21_00561,N_21_1803.002.1;N_21_1803.002.2,P_21_1803.002,1803.002,NS.1803.002.UDP0138_i7---UDP0138_i5.ADE_21_00442,UDP0138,UDP0138,GGCCAATATT,CGGTCCGATA,NA,NA,1803.002_B,sample,NA,B,6,ATGCGAGAAGACCCTRTGGAGCT,CCTNGGTCGCCCCAAC,55453,119,55357,117,TRUE,55357,117,TRUE,Not artefactual,55352,116
A,B6,ADE_21_00443,F_21_00370,E_21_00291,ST_21_00188,STA_21_00065,PPO,PPO.Godbout.2021,16Schord,ECH,NA,ADE_21_00434,ADE_21_00562,N_21_1803.002.1;N_21_1803.002.2,P_21_1803.002,1803.002,NS.1803.002.UDP0042_i7---UDP0042_i5.ADE_21_00443,UDP0042,UDP0042,GTCTAATGGC,AGTGGTCAGG,NA,NA,1803.002_A,sample,NA,B,6,ATGCGAGAAGACCCTRTGGAGCT,CCTNGGTCGCCCCAAC,45365,124,45358,123,TRUE,45358,123,TRUE,Not artefactual,43689,122
A,A8,ADE_21_00444,F_21_00371,E_21_00296,ST_21_00188,STA_21_00066,PPO,PPO.Godbout.2021,16Schord,ECH,NA,ADE_21_00434,ADE_21_00562,N_21_1804.002.1;N_21_1804.002.2,P_21_1804.002,1804.002,NS.1804.002.UDP0057_i7---UDP0057_i5.ADE_21_00444,UDP0057,UDP0057,TCTATCCTAA,CGTCGACTGG,NA,NA,1804.002_A,sample,NA,A,8,ATGCGAGAAGACCCTRTGGAGCT,CCTNGGTCGCCCCAAC,47044,192,47015,190,TRUE,47015,190,TRUE,Not artefactual,47007,189
A,F6,ADE_21_00445,F_21_00372,E_21_00293,ST_21_00188,STA_21_00065,PPO,PPO.Godbout.2021,16Schord,ECH,NA,ADE_21_00434,ADE_21_00562,N_21_1804.001.1;N_21_1804.001.2,P_21_1804.001,1804.001,NS.1804.001.UDP0046_i7---UDP0046_i5.ADE_21_00445,UDP0046,UDP0046,AGATCCATTA,ATCTCTACCA,NA,NA,1804.001_A,sample,NA,F,6,ATGCGAGAAGACCCTRTGGAGCT,CCTNGGTCGCCCCAAC,21168,172,20935,166,TRUE,20935,166,TRUE,Not artefactual,20313,165
B,H3,ADE_21_00446,F_21_00373,E_21_00292,ST_21_00188,STA_21_00065,PPO,PPO.Godbout.2021,16Schord,ECH,NA,ADE_21_00434,ADE_21_00562,N_21_1803.002.1;N_21_1803.002.2,P_21_1803.002,1803.002,NS.1803.002.UDP0120_i7---UDP0120_i5.ADE_21_00446,UDP0120,UDP0120,AGGACAGGCC,CATTCCAGCT,NA,NA,1803.002_B,sample,NA,H,3,ATGCGAGAAGACCCTRTGGAGCT,CCTNGGTCGCCCCAAC,31257,141,31257,141,TRUE,31257,141,TRUE,Not artefactual,30907,140
A,C9,ADE_21_00447,F_21_00374,E_21_00290,ST_21_00188,STA_21_00064,PPO,PPO.Godbout.2021,16Schord,ECH,NA,ADE_21_00434,ADE_21_00562,N_21_1804.001.1;N_21_1804.001.2,P_21_1804.001,1804.001,NS.1804.001.UDP0067_i7---UDP0067_i5.ADE_21_00447,UDP0067,UDP0067,AGGATGTGCT,TTACAATTCC,NA,NA,1804.001_A,sample,NA,C,9,ATGCGAGAAGACCCTRTGGAGCT,CCTNGGTCGCCCCAAC,21929,97,21902,93,TRUE,21902,93,TRUE,Not artefactual,20959,90
A,H11,ADE_21_00448,F_21_00375,E_21_00279,ST_21_00188,STA_21_00061,PPO,PPO.Godbout.2021,16Schord,ECH,NA,ADE_21_00434,ADE_21_00562,N_21_1804.001.1;N_21_1804.001.2,P_21_1804.001,1804.001,NS.1804.001.UDP0088_i7---UDP0088_i5.ADE_21_00448,UDP0088,UDP0088,GGAGCGTGTA,ATCCGTAAGT,NA,NA,1804.001_A,sample,NA,H,11,ATGCGAGAAGACCCTRTGGAGCT,CCTNGGTCGCCCCAAC,17626,90,17591,86,TRUE,17591,86,TRUE,Not artefactual,17536,85
A,A5,ADE_21_00449,F_21_00376,E_21_00282,ST_21_00188,STA_21_00062,PPO,PPO.Godbout.2021,16Schord,ECH,NA,ADE_21_00434,ADE_21_00562,N_21_1804.001.1;N_21_1804.001.2,P_21_1804.001,1804.001,NS.1804.001.UDP0033_i7---UDP0033_i5.ADE_21_00449,UDP0033,UDP0033,TGATTATACG,GTCGATTACA,NA,NA,1804.001_A,sample,NA,A,5,ATGCGAGAAGACCCTRTGGAGCT,CCTNGGTCGCCCCAAC,26678,51,26678,51,TRUE,26678,51,FALSE,Contamination > 10%,9155,46
B,C5,ADE_21_00450,F_21_00377,E_21_00280,ST_21_00188,STA_21_00061,PPO,PPO.Godbout.2021,16Schord,ECH,NA,ADE_21_00434,ADE_21_00562,N_21_1803.002.1;N_21_1803.002.2,P_21_1803.002,1803.002,NS.1803.002.UDP0131_i7---UDP0131_i5.ADE_21_00450,UDP0131,UDP0131,TTCGGTGTGA,GAACAAGTAT,NA,NA,1803.002_B,sample,NA,C,5,ATGCGAGAAGACCCTRTGGAGCT,CCTNGGTCGCCCCAAC,18983,98,18374,92,TRUE,18374,92,TRUE,Not artefactual,18374,92
B,H4,ADE_21_00451,F_21_00378,E_21_00284,ST_21_00188,STA_21_00062,PPO,PPO.Godbout.2021,16Schord,ECH,NA,ADE_21_00434,ADE_21_00562,N_21_1804.002.1;N_21_1804.002.2,P_21_1804.002,1804.002,NS.1804.002.UDP0128_i7---UDP0128_i5.ADE_21_00451,UDP0128,UDP0128,CTAATAACCG,AACCGCATCG,NA,NA,1804.002_B,sample,NA,H,4,ATGCGAGAAGACCCTRTGGAGCT,CCTNGGTCGCCCCAAC,39222,106,39218,105,TRUE,39218,105,TRUE,Not artefactual,38862,104
A,E11,ADE_21_00452,F_21_00379,E_21_00276,ST_21_00188,STA_21_00060,PPO,PPO.Godbout.2021,16Schord,ECH,NA,ADE_21_00434,ADE_21_00562,N_21_1803.002.1;N_21_1803.002.2,P_21_1803.002,1803.002,NS.1803.002.UDP0085_i7---UDP0085_i5.ADE_21_00452,UDP0085,UDP0085,TGGTACCTAA,CATGAGTACT,NA,NA,1803.002_A,sample,NA,E,11,ATGCGAGAAGACCCTRTGGAGCT,CCTNGGTCGCCCCAAC,31358,158,31356,157,TRUE,31356,157,TRUE,Not artefactual,31048,156
A,B11,ADE_21_00453,F_21_00380,E_21_00297,ST_21_00188,STA_21_00067,PPO,PPO.Godbout.2021,16Schord,ECH,NA,ADE_21_00434,ADE_21_00562,N_21_1803.002.1;N_21_1803.002.2,P_21_1803.002,1803.002,NS.1803.002.UDP0082_i7---UDP0082_i5.ADE_21_00453,UDP0082,UDP0082,ACCGTTACAA,CTCATAGCGA,NA,NA,1803.002_A,sample,NA,B,11,ATGCGAGAAGACCCTRTGGAGCT,CCTNGGTCGCCCCAAC,38116,211,38075,209,TRUE,38075,209,TRUE,Not artefactual,37228,207
A,H8,ADE_21_00454,F_21_00381,E_21_00295,ST_21_00188,STA_21_00066,PPO,PPO.Godbout.2021,16Schord,ECH,NA,ADE_21_00434,ADE_21_00562,N_21_1804.002.1;N_21_1804.002.2,P_21_1804.002,1804.002,NS.1804.002.UDP0064_i7---UDP0064_i5.ADE_21_00454,UDP0064,UDP0064,TGGCGCGAAC,AACTGATACT,NA,NA,1804.002_A,sample,NA,H,8,ATGCGAGAAGACCCTRTGGAGCT,CCTNGGTCGCCCCAAC,38372,203,38360,200,TRUE,38360,200,TRUE,Not artefactual,37615,199
A,G6,ADE_21_00456,F_21_00383,E_21_00294,ST_21_00188,STA_21_00066,PPO,PPO.Godbout.2021,16Schord,ECH,NA,ADE_21_00434,ADE_21_00562,N_21_1804.002.1;N_21_1804.002.2,P_21_1804.002,1804.002,NS.1804.002.UDP0047_i7---UDP0047_i5.ADE_21_00456,UDP0047,UDP0047,GTCCTGGATA,CGGTGGCGAA,NA,NA,1804.002_A,sample,NA,G,6,ATGCGAGAAGACCCTRTGGAGCT,CCTNGGTCGCCCCAAC,49186,208,49178,207,TRUE,49178,207,TRUE,Not artefactual,49178,207
A,F11,ADE_21_00457,F_21_00384,E_21_00277,ST_21_00188,STA_21_00060,PPO,PPO.Godbout.2021,16Schord,ECH,NA,ADE_21_00434,ADE_21_00562,N_21_1804.001.1;N_21_1804.001.2,P_21_1804.001,1804.001,NS.1804.001.UDP0086_i7---UDP0086_i5.ADE_21_00457,UDP0086,UDP0086,TTGGAATTCC,ACGTCAATAC,NA,NA,1804.001_A,sample,NA,F,11,ATGCGAGAAGACCCTRTGGAGCT,CCTNGGTCGCCCCAAC,24041,116,24039,115,TRUE,24039,115,TRUE,Not artefactual,23409,114
A,F9,ADE_21_00458,F_21_00385,E_21_00287,ST_21_00188,STA_21_00063,PPO,PPO.Godbout.2021,16Schord,ECH,NA,ADE_21_00434,ADE_21_00562,N_21_1804.002.1;N_21_1804.002.2,P_21_1804.002,1804.002,NS.1804.002.UDP0070_i7---UDP0070_i5.ADE_21_00458,UDP0070,UDP0070,GTATTGACGT,GGAATTCCAA,NA,NA,1804.002_A,sample,NA,F,9,ATGCGAGAAGACCCTRTGGAGCT,CCTNGGTCGCCCCAAC,25859,111,25848,110,TRUE,25848,110,TRUE,Not artefactual,25848,110
A,C1,ADE_21_00459,F_21_00386,E_21_00324,ST_21_00188,STA_21_00075,PPO,PPO.Godbout.2021,16Schord,ECH,NA,ADE_21_00459,ADE_21_00562,N_21_1804.002.1;N_21_1804.002.2,P_21_1804.002,1804.002,NS.1804.002.UDP0003_i7---UDP0003_i5.ADE_21_00459,UDP0003,UDP0003,CGTCTCATAT,TATAGTAGCT,NA,NA,1804.002_A,sample,NA,C,1,ATGCGAGAAGACCCTRTGGAGCT,CCTNGGTCGCCCCAAC,21707,159,21682,157,TRUE,21682,157,TRUE,Not artefactual,21682,157
A,A1,ADE_21_00460,F_21_00387,E_21_00329,ST_21_00188,STA_21_00077,PPO,PPO.Godbout.2021,16Schord,ECH,NA,ADE_21_00459,ADE_21_00562,N_21_1804.001.1;N_21_1804.001.2,P_21_1804.001,1804.001,NS.1804.001.UDP0001_i7---UDP0001_i5.ADE_21_00460,UDP0001,UDP0001,GAACTGAGCG,TCGTGGAGCG,NA,NA,1804.001_A,sample,NA,A,1,ATGCGAGAAGACCCTRTGGAGCT,CCTNGGTCGCCCCAAC,50487,103,50487,103,TRUE,50487,103,FALSE,Contamination > 10%,44582,102
B,H3,ADE_21_00461,F_21_00388,E_21_00325,ST_21_00188,STA_21_00076,PPO,PPO.Godbout.2021,16Schord,ECH,NA,ADE_21_00459,ADE_21_00562,N_21_1804.001.1;N_21_1804.001.2,P_21_1804.001,1804.001,NS.1804.001.UDP0120_i7---UDP0120_i5.ADE_21_00461,UDP0120,UDP0120,AGGACAGGCC,CATTCCAGCT,NA,NA,1804.001_B,sample,NA,H,3,ATGCGAGAAGACCCTRTGGAGCT,CCTNGGTCGCCCCAAC,24915,125,24426,122,TRUE,24426,122,TRUE,Not artefactual,24426,122
A,E7,ADE_21_00462,F_21_00389,E_21_00340,ST_21_00188,STA_21_00081,PPO,PPO.Godbout.2021,16Schord,ECH,NA,ADE_21_00459,ADE_21_00562,N_21_1804.002.1;N_21_1804.002.2,P_21_1804.002,1804.002,NS.1804.002.UDP0053_i7---UDP0053_i5.ADE_21_00462,UDP0053,UDP0053,GGAATTGTAA,AGCACATCCT,NA,NA,1804.002_A,sample,NA,E,7,ATGCGAGAAGACCCTRTGGAGCT,CCTNGGTCGCCCCAAC,29822,133,29798,130,TRUE,29798,130,TRUE,Not artefactual,29053,129
A,A11,ADE_21_00463,F_21_00390,E_21_00313,ST_21_00188,STA_21_00072,PPO,PPO.Godbout.2021,16Schord,ECH,NA,ADE_21_00459,ADE_21_00562,N_21_1803.002.1;N_21_1803.002.2,P_21_1803.002,1803.002,NS.1803.002.UDP0081_i7---UDP0081_i5.ADE_21_00463,UDP0081,UDP0081,TGTCGCTGGT,TCGTCTGACT,NA,NA,1803.002_A,sample,NA,A,11,ATGCGAGAAGACCCTRTGGAGCT,CCTNGGTCGCCCCAAC,39962,157,39927,153,TRUE,39927,153,TRUE,Not artefactual,38933,150
A,F12,ADE_21_00464,F_21_00391,E_21_00317,ST_21_00188,STA_21_00073,PPO,PPO.Godbout.2021,16Schord,ECH,NA,ADE_21_00459,ADE_21_00562,N_21_1803.002.1;N_21_1803.002.2,P_21_1803.002,1803.002,NS.1803.002.UDP0094_i7---UDP0094_i5.ADE_21_00464,UDP0094,UDP0094,TCATAGATTG,GATTAAGGTG,NA,NA,1803.002_A,sample,NA,F,12,ATGCGAGAAGACCCTRTGGAGCT,CCTNGGTCGCCCCAAC,21393,130,21328,126,TRUE,21328,126,TRUE,Not artefactual,20251,123
A,B1,ADE_21_00465,F_21_00392,E_21_00323,ST_21_00188,STA_21_00075,PPO,PPO.Godbout.2021,16Schord,ECH,NA,ADE_21_00459,ADE_21_00562,N_21_1803.002.1;N_21_1803.002.2,P_21_1803.002,1803.002,NS.1803.002.UDP0002_i7---UDP0002_i5.ADE_21_00465,UDP0002,UDP0002,AGGTCAGATA,CTACAAGATA,NA,NA,1803.002_A,sample,NA,B,1,ATGCGAGAAGACCCTRTGGAGCT,CCTNGGTCGCCCCAAC,74763,274,74745,271,TRUE,74745,271,TRUE,Not artefactual,73473,270
B,A5,ADE_21_00466,F_21_00393,E_21_00336,ST_21_00188,STA_21_00079,PPO,PPO.Godbout.2021,16Schord,ECH,NA,ADE_21_00459,ADE_21_00563,N_21_1804.001.1;N_21_1804.001.2,P_21_1804.001,1804.001,NS.1804.001.UDP0129_i7---UDP0129_i5.ADE_21_00466,UDP0129,UDP0129,TCTAGGCGCG,CGAAGGTTAA,NA,NA,1804.001_B,sample,NA,A,5,ATGCGAGAAGACCCTRTGGAGCT,CCTNGGTCGCCCCAAC,31836,87,31804,85,TRUE,31804,85,TRUE,Not artefactual,31804,85
B,E3,ADE_21_00467,F_21_00394,E_21_00322,ST_21_00188,STA_21_00075,PPO,PPO.Godbout.2021,16Schord,ECH,NA,ADE_21_00459,ADE_21_00563,N_21_1804.001.1;N_21_1804.001.2,P_21_1804.001,1804.001,NS.1804.001.UDP0117_i7---UDP0117_i5.ADE_21_00467,UDP0117,UDP0117,CCGTGACCGA,CCGAACGTTG,NA,NA,1804.001_B,sample,NA,E,3,ATGCGAGAAGACCCTRTGGAGCT,CCTNGGTCGCCCCAAC,37696,154,37675,151,TRUE,37675,151,TRUE,Not artefactual,37424,150
B,E3,ADE_21_00468,F_21_00395,E_21_00311,ST_21_00188,STA_21_00071,PPO,PPO.Godbout.2021,16Schord,ECH,NA,ADE_21_00459,ADE_21_00563,N_21_1803.002.1;N_21_1803.002.2,P_21_1803.002,1803.002,NS.1803.002.UDP0117_i7---UDP0117_i5.ADE_21_00468,UDP0117,UDP0117,CCGTGACCGA,CCGAACGTTG,NA,NA,1803.002_B,sample,NA,E,3,ATGCGAGAAGACCCTRTGGAGCT,CCTNGGTCGCCCCAAC,38282,156,38282,156,TRUE,38282,156,TRUE,Not artefactual,37637,155
B,F4,ADE_21_00469,F_21_00396,E_21_00321,ST_21_00188,STA_21_00074,PPO,PPO.Godbout.2021,16Schord,ECH,NA,ADE_21_00459,ADE_21_00563,N_21_1803.002.1;N_21_1803.002.2,P_21_1803.002,1803.002,NS.1803.002.UDP0126_i7---UDP0126_i5.ADE_21_00469,UDP0126,UDP0126,AGGAGGTATC,CCAGTTGGCA,NA,NA,1803.002_B,sample,NA,F,4,ATGCGAGAAGACCCTRTGGAGCT,CCTNGGTCGCCCCAAC,28626,228,28563,221,TRUE,28563,221,TRUE,Not artefactual,27886,219
A,A2,ADE_21_00470,F_21_00397,E_21_00335,ST_21_00188,STA_21_00079,PPO,PPO.Godbout.2021,16Schord,ECH,NA,ADE_21_00459,ADE_21_00563,N_21_1804.001.1;N_21_1804.001.2,P_21_1804.001,1804.001,NS.1804.001.UDP0009_i7---UDP0009_i5.ADE_21_00470,UDP0009,UDP0009,GACTGAGTAG,GTTGATAGTG,NA,NA,1804.001_A,sample,NA,A,2,ATGCGAGAAGACCCTRTGGAGCT,CCTNGGTCGCCCCAAC,10532,52,10532,52,TRUE,10532,52,FALSE,Contamination > 10%,9314,51
A,C3,ADE_21_00471,F_21_00398,E_21_00327,ST_21_00188,STA_21_00076,PPO,PPO.Godbout.2021,16Schord,ECH,NA,ADE_21_00459,ADE_21_00563,N_21_1803.002.1;N_21_1803.002.2,P_21_1803.002,1803.002,NS.1803.002.UDP0019_i7---UDP0019_i5.ADE_21_00471,UDP0019,UDP0019,CCATCATTAG,GGTTGCCTCT,NA,NA,1803.002_A,sample,NA,C,3,ATGCGAGAAGACCCTRTGGAGCT,CCTNGGTCGCCCCAAC,18869,106,18325,104,TRUE,18325,104,TRUE,Not artefactual,17832,102
B,F2,ADE_21_00472,F_21_00399,E_21_00314,ST_21_00188,STA_21_00072,PPO,PPO.Godbout.2021,16Schord,ECH,NA,ADE_21_00459,ADE_21_00563,N_21_1804.002.1;N_21_1804.002.2,P_21_1804.002,1804.002,NS.1804.002.UDP0110_i7---UDP0110_i5.ADE_21_00472,UDP0110,UDP0110,TAATTAGCGT,TGGTTAAGAA,NA,NA,1804.002_B,sample,NA,F,2,ATGCGAGAAGACCCTRTGGAGCT,CCTNGGTCGCCCCAAC,29571,137,29566,135,TRUE,29566,135,TRUE,Not artefactual,29522,134
A,G10,ADE_21_00473,F_21_00400,E_21_00319,ST_21_00188,STA_21_00074,PPO,PPO.Godbout.2021,16Schord,ECH,NA,ADE_21_00459,ADE_21_00563,N_21_1803.002.1;N_21_1803.002.2,P_21_1803.002,1803.002,NS.1803.002.UDP0079_i7---UDP0079_i5.ADE_21_00473,UDP0079,UDP0079,ACGGTCAGGA,CGGCCTCGTT,NA,NA,1803.002_A,sample,NA,G,10,ATGCGAGAAGACCCTRTGGAGCT,CCTNGGTCGCCCCAAC,58079,168,58072,166,TRUE,58072,166,TRUE,Not artefactual,58042,165
A,D10,ADE_21_00474,F_21_00401,E_21_00334,ST_21_00188,STA_21_00079,PPO,PPO.Godbout.2021,16Schord,ECH,NA,ADE_21_00459,ADE_21_00563,N_21_1803.002.1;N_21_1803.002.2,P_21_1803.002,1803.002,NS.1803.002.UDP0076_i7---UDP0076_i5.ADE_21_00474,UDP0076,UDP0076,CTGACTCTAC,ACGGCCGTCA,NA,NA,1803.002_A,sample,NA,D,10,ATGCGAGAAGACCCTRTGGAGCT,CCTNGGTCGCCCCAAC,41146,87,41146,87,TRUE,41146,87,TRUE,Not artefactual,40480,86
B,A2,ADE_21_00475,F_21_00402,E_21_00338,ST_21_00188,STA_21_00080,PPO,PPO.Godbout.2021,16Schord,ECH,NA,ADE_21_00459,ADE_21_00563,N_21_1804.002.1;N_21_1804.002.2,P_21_1804.002,1804.002,NS.1804.002.UDP0105_i7---UDP0105_i5.ADE_21_00475,UDP0105,UDP0105,CAGCAATCGT,TGTGATGTAT,NA,NA,1804.002_B,sample,NA,A,2,ATGCGAGAAGACCCTRTGGAGCT,CCTNGGTCGCCCCAAC,40070,82,40068,81,TRUE,40068,81,TRUE,Not artefactual,39162,79
A,C3,ADE_21_00476,F_21_00403,E_21_00318,ST_21_00188,STA_21_00073,PPO,PPO.Godbout.2021,16Schord,ECH,NA,ADE_21_00459,ADE_21_00563,N_21_1804.002.1;N_21_1804.002.2,P_21_1804.002,1804.002,NS.1804.002.UDP0019_i7---UDP0019_i5.ADE_21_00476,UDP0019,UDP0019,CCATCATTAG,GGTTGCCTCT,NA,NA,1804.002_A,sample,NA,C,3,ATGCGAGAAGACCCTRTGGAGCT,CCTNGGTCGCCCCAAC,22332,126,22321,124,TRUE,22321,124,TRUE,Not artefactual,22321,124
A,C1,ADE_21_00477,F_21_00404,E_21_00330,ST_21_00188,STA_21_00077,PPO,PPO.Godbout.2021,16Schord,ECH,NA,ADE_21_00459,ADE_21_00563,N_21_1803.002.1;N_21_1803.002.2,P_21_1803.002,1803.002,NS.1803.002.UDP0003_i7---UDP0003_i5.ADE_21_00477,UDP0003,UDP0003,CGTCTCATAT,TATAGTAGCT,NA,NA,1803.002_A,sample,NA,C,1,ATGCGAGAAGACCCTRTGGAGCT,CCTNGGTCGCCCCAAC,56189,141,56189,141,TRUE,56189,141,TRUE,Not artefactual,56189,141
A,F8,ADE_21_00478,F_21_00405,E_21_00310,ST_21_00188,STA_21_00071,PPO,PPO.Godbout.2021,16Schord,ECH,NA,ADE_21_00459,ADE_21_00563,N_21_1803.002.1;N_21_1803.002.2,P_21_1803.002,1803.002,NS.1803.002.UDP0062_i7---UDP0062_i5.ADE_21_00478,UDP0062,UDP0062,AACACTGTTA,GCAAGTCTCA,NA,NA,1803.002_A,sample,NA,F,8,ATGCGAGAAGACCCTRTGGAGCT,CCTNGGTCGCCCCAAC,20334,121,20219,115,TRUE,20219,115,FALSE,Contamination > 10%,16046,113
B,A5,ADE_21_00479,F_21_00406,E_21_00331,ST_21_00188,STA_21_00078,PPO,PPO.Godbout.2021,16Schord,ECH,NA,ADE_21_00459,ADE_21_00563,N_21_1803.002.1;N_21_1803.002.2,P_21_1803.002,1803.002,NS.1803.002.UDP0129_i7---UDP0129_i5.ADE_21_00479,UDP0129,UDP0129,TCTAGGCGCG,CGAAGGTTAA,NA,NA,1803.002_B,sample,NA,A,5,ATGCGAGAAGACCCTRTGGAGCT,CCTNGGTCGCCCCAAC,22278,106,22229,100,TRUE,22229,100,TRUE,Not artefactual,22229,100
A,F2,ADE_21_00480,F_21_00407,E_21_00316,ST_21_00188,STA_21_00073,PPO,PPO.Godbout.2021,16Schord,ECH,NA,ADE_21_00459,ADE_21_00563,N_21_1804.001.1;N_21_1804.001.2,P_21_1804.001,1804.001,NS.1804.001.UDP0014_i7---UDP0014_i5.ADE_21_00480,UDP0014,UDP0014,GAAGCGGCAC,CGGCTCTACT,NA,NA,1804.001_A,sample,NA,F,2,ATGCGAGAAGACCCTRTGGAGCT,CCTNGGTCGCCCCAAC,26807,120,26770,117,TRUE,26770,117,TRUE,Not artefactual,24751,116
A,G2,ADE_21_00481,F_21_00408,E_21_00320,ST_21_00188,STA_21_00074,PPO,PPO.Godbout.2021,16Schord,ECH,NA,ADE_21_00459,ADE_21_00563,N_21_1804.002.1;N_21_1804.002.2,P_21_1804.002,1804.002,NS.1804.002.UDP0015_i7---UDP0015_i5.ADE_21_00481,UDP0015,UDP0015,TCCATTGCCG,GAATGCACGA,NA,NA,1804.002_A,sample,NA,G,2,ATGCGAGAAGACCCTRTGGAGCT,CCTNGGTCGCCCCAAC,23962,56,23956,54,TRUE,23956,54,TRUE,Not artefactual,22874,53
A,A2,ADE_21_00482,F_21_00409,E_21_00333,ST_21_00188,STA_21_00078,PPO,PPO.Godbout.2021,16Schord,ECH,NA,ADE_21_00459,ADE_21_00563,N_21_1803.002.1;N_21_1803.002.2,P_21_1803.002,1803.002,NS.1803.002.UDP0009_i7---UDP0009_i5.ADE_21_00482,UDP0009,UDP0009,GACTGAGTAG,GTTGATAGTG,NA,NA,1803.002_A,sample,NA,A,2,ATGCGAGAAGACCCTRTGGAGCT,CCTNGGTCGCCCCAAC,11636,90,11597,86,TRUE,11597,86,FALSE,Contamination > 10%,9594,84
A,H12,ADE_21_00483,F_21_00410,E_21_00328,ST_21_00188,STA_21_00077,PPO,PPO.Godbout.2021,16Schord,ECH,NA,ADE_21_00459,ADE_21_00563,N_21_1804.002.1;N_21_1804.002.2,P_21_1804.002,1804.002,NS.1804.002.UDP0096_i7---UDP0096_i5.ADE_21_00483,UDP0096,UDP0096,CCTCCGTCCA,CACATCGGTG,NA,NA,1804.002_A,sample,NA,H,12,ATGCGAGAAGACCCTRTGGAGCT,CCTNGGTCGCCCCAAC,35194,120,35194,120,TRUE,35194,120,TRUE,Not artefactual,34878,119
A,F4,ADE_21_00484,F_21_00411,E_21_00332,ST_21_00188,STA_21_00078,PPO,PPO.Godbout.2021,16Schord,ECH,NA,ADE_21_00459,ADE_21_00563,N_21_1804.002.1;N_21_1804.002.2,P_21_1804.002,1804.002,NS.1804.002.UDP0030_i7---UDP0030_i5.ADE_21_00484,UDP0030,UDP0030,CCACCAGGCA,CTTATGGAAT,NA,NA,1804.002_A,sample,NA,F,4,ATGCGAGAAGACCCTRTGGAGCT,CCTNGGTCGCCCCAAC,22357,181,22341,178,TRUE,22341,178,TRUE,Not artefactual,22333,177
A,D5,ADE_21_00485,F_21_00412,E_21_00326,ST_21_00188,STA_21_00076,PPO,PPO.Godbout.2021,16Schord,ECH,NA,ADE_21_00459,ADE_21_00563,N_21_1803.002.1;N_21_1803.002.2,P_21_1803.002,1803.002,NS.1803.002.UDP0036_i7---UDP0036_i5.ADE_21_00485,UDP0036,UDP0036,ACCGGCCGTA,TGGCAATATT,NA,NA,1803.002_A,sample,NA,D,5,ATGCGAGAAGACCCTRTGGAGCT,CCTNGGTCGCCCCAAC,44902,144,44888,142,TRUE,44888,142,TRUE,Not artefactual,44823,141
B,G2,ADE_21_00486,F_21_00413,E_21_00315,ST_21_00188,STA_21_00072,PPO,PPO.Godbout.2021,16Schord,ECH,NA,ADE_21_00459,ADE_21_00563,N_21_1803.002.1;N_21_1803.002.2,P_21_1803.002,1803.002,NS.1803.002.UDP0111_i7---UDP0111_i5.ADE_21_00486,UDP0111,UDP0111,ATTAACAAGG,TGTTGTTCGT,NA,NA,1803.002_B,sample,NA,G,2,ATGCGAGAAGACCCTRTGGAGCT,CCTNGGTCGCCCCAAC,26151,115,26144,112,TRUE,26144,112,TRUE,Not artefactual,26144,112
A,A12,ADE_21_00487,F_21_00414,E_21_00312,ST_21_00188,STA_21_00071,PPO,PPO.Godbout.2021,16Schord,ECH,NA,ADE_21_00459,ADE_21_00563,N_21_1804.001.1;N_21_1804.001.2,P_21_1804.001,1804.001,NS.1804.001.UDP0089_i7---UDP0089_i5.ADE_21_00487,UDP0089,UDP0089,GTCCGTAAGC,CGTGTATCTT,NA,NA,1804.001_A,sample,NA,A,12,ATGCGAGAAGACCCTRTGGAGCT,CCTNGGTCGCCCCAAC,37968,166,37946,162,TRUE,37946,162,TRUE,Not artefactual,37758,159
B,B6,ADE_21_00488,F_21_00415,E_21_00337,ST_21_00188,STA_21_00080,PPO,PPO.Godbout.2021,16Schord,ECH,NA,ADE_21_00459,ADE_21_00563,N_21_1804.001.1;N_21_1804.001.2,P_21_1804.001,1804.001,NS.1804.001.UDP0138_i7---UDP0138_i5.ADE_21_00488,UDP0138,UDP0138,GGCCAATATT,CGGTCCGATA,NA,NA,1804.001_B,sample,NA,B,6,ATGCGAGAAGACCCTRTGGAGCT,CCTNGGTCGCCCCAAC,45163,127,45159,126,TRUE,45159,126,TRUE,Not artefactual,44112,125
A,F6,ADE_21_00489,F_21_00416,E_21_00349,ST_21_00188,STA_21_00084,PPO,PPO.Godbout.2021,16Schord,ECH,NA,ADE_21_00459,ADE_21_00564,N_21_1803.002.1;N_21_1803.002.2,P_21_1803.002,1803.002,NS.1803.002.UDP0046_i7---UDP0046_i5.ADE_21_00489,UDP0046,UDP0046,AGATCCATTA,ATCTCTACCA,NA,NA,1803.002_A,sample,NA,F,6,ATGCGAGAAGACCCTRTGGAGCT,CCTNGGTCGCCCCAAC,23438,227,23438,227,TRUE,23438,227,TRUE,Not artefactual,22900,225
B,D3,ADE_21_00490,F_21_00417,E_21_00346,ST_21_00188,STA_21_00083,PPO,PPO.Godbout.2021,16Schord,ECH,NA,ADE_21_00459,ADE_21_00564,N_21_1803.002.1;N_21_1803.002.2,P_21_1803.002,1803.002,NS.1803.002.UDP0116_i7---UDP0116_i5.ADE_21_00490,UDP0116,UDP0116,ATCGGCGAAG,TCCAAGAATT,NA,NA,1803.002_B,sample,NA,D,3,ATGCGAGAAGACCCTRTGGAGCT,CCTNGGTCGCCCCAAC,40983,135,40682,129,TRUE,40682,129,TRUE,Not artefactual,38167,126
A,A9,ADE_21_00491,F_21_00418,E_21_00348,ST_21_00188,STA_21_00083,PPO,PPO.Godbout.2021,16Schord,ECH,NA,ADE_21_00459,ADE_21_00564,N_21_1804.001.1;N_21_1804.001.2,P_21_1804.001,1804.001,NS.1804.001.UDP0065_i7---UDP0065_i5.ADE_21_00491,UDP0065,UDP0065,TAATGTGTCT,GTAAGGCATA,NA,NA,1804.001_A,sample,NA,A,9,ATGCGAGAAGACCCTRTGGAGCT,CCTNGGTCGCCCCAAC,36596,84,36590,82,TRUE,36590,82,TRUE,Not artefactual,35864,80
A,C11,ADE_21_00492,F_21_00419,E_21_00347,ST_21_00188,STA_21_00083,PPO,PPO.Godbout.2021,16Schord,ECH,NA,ADE_21_00459,ADE_21_00564,N_21_1804.001.1;N_21_1804.001.2,P_21_1804.001,1804.001,NS.1804.001.UDP0083_i7---UDP0083_i5.ADE_21_00492,UDP0083,UDP0083,TATGCCTTAC,AGACACATTA,NA,NA,1804.001_A,sample,NA,C,11,ATGCGAGAAGACCCTRTGGAGCT,CCTNGGTCGCCCCAAC,38973,77,38848,73,TRUE,38848,73,TRUE,Not artefactual,38848,73
A,C8,ADE_21_00493,F_21_00420,E_21_00343,ST_21_00188,STA_21_00082,PPO,PPO.Godbout.2021,16Schord,ECH,NA,ADE_21_00459,ADE_21_00564,N_21_1803.002.1;N_21_1803.002.2,P_21_1803.002,1803.002,NS.1803.002.UDP0059_i7---UDP0059_i5.ADE_21_00493,UDP0059,UDP0059,CTGTTGGTCC,ATAGACCGTT,NA,NA,1803.002_A,sample,NA,C,8,ATGCGAGAAGACCCTRTGGAGCT,CCTNGGTCGCCCCAAC,52804,199,52796,196,TRUE,52796,196,TRUE,Not artefactual,52095,194
A,D5,ADE_21_00494,F_21_00421,E_21_00342,ST_21_00188,STA_21_00081,PPO,PPO.Godbout.2021,16Schord,ECH,NA,ADE_21_00459,ADE_21_00564,N_21_1804.002.1;N_21_1804.002.2,P_21_1804.002,1804.002,NS.1804.002.UDP0036_i7---UDP0036_i5.ADE_21_00494,UDP0036,UDP0036,ACCGGCCGTA,TGGCAATATT,NA,NA,1804.002_A,sample,NA,D,5,ATGCGAGAAGACCCTRTGGAGCT,CCTNGGTCGCCCCAAC,36498,142,36494,141,TRUE,36494,141,TRUE,Not artefactual,36001,139
A,E8,ADE_21_00496,F_21_00423,E_21_00350,ST_21_00188,STA_21_00084,PPO,PPO.Godbout.2021,16Schord,ECH,NA,ADE_21_00459,ADE_21_00564,N_21_1804.001.1;N_21_1804.001.2,P_21_1804.001,1804.001,NS.1804.001.UDP0061_i7---UDP0061_i5.ADE_21_00496,UDP0061,UDP0061,TGGCTAATCA,AGGCATGTAG,NA,NA,1804.001_A,sample,NA,E,8,ATGCGAGAAGACCCTRTGGAGCT,CCTNGGTCGCCCCAAC,24611,174,24592,172,TRUE,24592,172,TRUE,Not artefactual,22690,170
A,G7,ADE_21_00497,F_21_00424,E_21_00341,ST_21_00188,STA_21_00081,PPO,PPO.Godbout.2021,16Schord,ECH,NA,ADE_21_00459,ADE_21_00564,N_21_1803.002.1;N_21_1803.002.2,P_21_1803.002,1803.002,NS.1803.002.UDP0055_i7---UDP0055_i5.ADE_21_00497,UDP0055,UDP0055,CTGAGGAATA,CTTAACCACT,NA,NA,1803.002_A,sample,NA,G,7,ATGCGAGAAGACCCTRTGGAGCT,CCTNGGTCGCCCCAAC,33905,98,33844,95,TRUE,33844,95,FALSE,Contamination > 10%,25922,94
A,D7,ADE_21_00498,F_21_00425,E_21_00345,ST_21_00188,STA_21_00082,PPO,PPO.Godbout.2021,16Schord,ECH,NA,ADE_21_00459,ADE_21_00564,N_21_1803.002.1;N_21_1803.002.2,P_21_1803.002,1803.002,NS.1803.002.UDP0052_i7---UDP0052_i5.ADE_21_00498,UDP0052,UDP0052,TGATGTAAGA,GTGCGTCCTT,NA,NA,1803.002_A,sample,NA,D,7,ATGCGAGAAGACCCTRTGGAGCT,CCTNGGTCGCCCCAAC,31808,164,31777,161,TRUE,31777,161,TRUE,Not artefactual,31358,160
A,C12,ADE_21_00499,F_21_00426,E_21_00344,ST_21_00188,STA_21_00082,PPO,PPO.Godbout.2021,16Schord,ECH,NA,ADE_21_00459,ADE_21_00564,N_21_1803.002.1;N_21_1803.002.2,P_21_1803.002,1803.002,NS.1803.002.UDP0091_i7---UDP0091_i5.ADE_21_00499,UDP0091,UDP0091,TCAGAAGGCG,GGCCATCATA,NA,NA,1803.002_A,sample,NA,C,12,ATGCGAGAAGACCCTRTGGAGCT,CCTNGGTCGCCCCAAC,23542,172,23530,170,TRUE,23530,170,TRUE,Not artefactual,23081,168
A,A5,ADE_21_00500,F_21_00427,E_21_00351,ST_21_00188,STA_21_00084,PPO,PPO.Godbout.2021,16Schord,ECH,NA,ADE_21_00459,ADE_21_00564,N_21_1804.002.1;N_21_1804.002.2,P_21_1804.002,1804.002,NS.1804.002.UDP0033_i7---UDP0033_i5.ADE_21_00500,UDP0033,UDP0033,TGATTATACG,GTCGATTACA,NA,NA,1804.002_A,sample,NA,A,5,ATGCGAGAAGACCCTRTGGAGCT,CCTNGGTCGCCCCAAC,21164,119,21097,113,TRUE,21097,113,TRUE,Not artefactual,20894,112
A,C2,ADE_21_00501,F_21_00428,E_21_00339,ST_21_00188,STA_21_00080,PPO,PPO.Godbout.2021,16Schord,ECH,NA,ADE_21_00459,ADE_21_00564,N_21_1804.002.1;N_21_1804.002.2,P_21_1804.002,1804.002,NS.1804.002.UDP0011_i7---UDP0011_i5.ADE_21_00501,UDP0011,UDP0011,CCGTATGTTC,CATACACTGT,NA,NA,1804.002_A,sample,NA,C,2,ATGCGAGAAGACCCTRTGGAGCT,CCTNGGTCGCCCCAAC,21652,88,21645,87,TRUE,21645,87,FALSE,Contamination > 10%,18223,85
A,B3,ADE_21_00502,F_21_00429,E_21_00305,ST_21_00188,STA_21_00069,PPO,PPO.Godbout.2021,16Schord,ECH,NA,ADE_21_00502,ADE_21_00564,N_21_1803.002.1;N_21_1803.002.2,P_21_1803.002,1803.002,NS.1803.002.UDP0018_i7---UDP0018_i5.ADE_21_00502,UDP0018,UDP0018,AGAGGCAACC,CTAATGATGG,NA,NA,1803.002_A,sample,NA,B,3,ATGCGAGAAGACCCTRTGGAGCT,CCTNGGTCGCCCCAAC,47326,91,47295,87,TRUE,47295,87,TRUE,Not artefactual,47295,87
A,E11,ADE_21_00503,F_21_00430,E_21_00306,ST_21_00188,STA_21_00069,PPO,PPO.Godbout.2021,16Schord,ECH,NA,ADE_21_00502,ADE_21_00564,N_21_1804.002.1;N_21_1804.002.2,P_21_1804.002,1804.002,NS.1804.002.UDP0085_i7---UDP0085_i5.ADE_21_00503,UDP0085,UDP0085,TGGTACCTAA,CATGAGTACT,NA,NA,1804.002_A,sample,NA,E,11,ATGCGAGAAGACCCTRTGGAGCT,CCTNGGTCGCCCCAAC,30190,145,30186,143,TRUE,30186,143,TRUE,Not artefactual,29270,142
A,E1,ADE_21_00504,F_21_00431,E_21_00308,ST_21_00188,STA_21_00070,PPO,PPO.Godbout.2021,16Schord,ECH,NA,ADE_21_00502,ADE_21_00564,N_21_1804.001.1;N_21_1804.001.2,P_21_1804.001,1804.001,NS.1804.001.UDP0005_i7---UDP0005_i5.ADE_21_00504,UDP0005,UDP0005,GACGAGATTA,ACATTATCCT,NA,NA,1804.001_A,sample,NA,E,1,ATGCGAGAAGACCCTRTGGAGCT,CCTNGGTCGCCCCAAC,25556,115,25531,112,TRUE,25531,112,FALSE,Contamination > 10%,21091,109
A,H5,ADE_21_00506,F_21_00433,E_21_00307,ST_21_00188,STA_21_00070,PPO,PPO.Godbout.2021,16Schord,ECH,NA,ADE_21_00502,ADE_21_00564,N_21_1804.001.1;N_21_1804.001.2,P_21_1804.001,1804.001,NS.1804.001.UDP0040_i7---UDP0040_i5.ADE_21_00506,UDP0040,UDP0040,TATGTAGTCA,CGCACTAATG,NA,NA,1804.001_A,sample,NA,H,5,ATGCGAGAAGACCCTRTGGAGCT,CCTNGGTCGCCCCAAC,24852,102,24823,99,TRUE,24823,99,TRUE,Not artefactual,22416,97
B,H2,ADE_21_00507,F_21_00434,E_21_00301,ST_21_00188,STA_21_00068,PPO,PPO.Godbout.2021,16Schord,ECH,NA,ADE_21_00502,ADE_21_00564,N_21_1804.002.1;N_21_1804.002.2,P_21_1804.002,1804.002,NS.1804.002.UDP0112_i7---UDP0112_i5.ADE_21_00507,UDP0112,UDP0112,TGATGGCTAC,CCAACAACAT,NA,NA,1804.002_B,sample,NA,H,2,ATGCGAGAAGACCCTRTGGAGCT,CCTNGGTCGCCCCAAC,23212,56,23161,54,TRUE,23161,54,FALSE,Contamination > 10%,20595,53
B,D4,ADE_21_00508,F_21_00435,E_21_00302,ST_21_00188,STA_21_00068,PPO,PPO.Godbout.2021,16Schord,ECH,NA,ADE_21_00502,ADE_21_00564,N_21_1804.001.1;N_21_1804.001.2,P_21_1804.001,1804.001,NS.1804.001.UDP0124_i7---UDP0124_i5.ADE_21_00508,UDP0124,UDP0124,CTGCGTTACC,TATGGCTCGA,NA,NA,1804.001_B,sample,NA,D,4,ATGCGAGAAGACCCTRTGGAGCT,CCTNGGTCGCCCCAAC,30887,206,30636,200,TRUE,30636,200,TRUE,Not artefactual,30581,199
A,G11,ADE_21_00509,F_21_00436,E_21_00303,ST_21_00188,STA_21_00068,PPO,PPO.Godbout.2021,16Schord,ECH,NA,ADE_21_00502,ADE_21_00564,N_21_1804.002.1;N_21_1804.002.2,P_21_1804.002,1804.002,NS.1804.002.UDP0087_i7---UDP0087_i5.ADE_21_00509,UDP0087,UDP0087,CCTCTACATG,GATACCTCCT,NA,NA,1804.002_A,sample,NA,G,11,ATGCGAGAAGACCCTRTGGAGCT,CCTNGGTCGCCCCAAC,29365,115,29362,114,TRUE,29362,114,TRUE,Not artefactual,29362,114
A,H4,ADE_21_00510,F_21_00437,E_21_00304,ST_21_00188,STA_21_00069,PPO,PPO.Godbout.2021,16Schord,ECH,NA,ADE_21_00502,ADE_21_00564,N_21_1804.002.1;N_21_1804.002.2,P_21_1804.002,1804.002,NS.1804.002.UDP0032_i7---UDP0032_i5.ADE_21_00510,UDP0032,UDP0032,ACAGTGTATG,GAACATACGG,NA,NA,1804.002_A,sample,NA,H,4,ATGCGAGAAGACCCTRTGGAGCT,CCTNGGTCGCCCCAAC,26394,98,26365,96,TRUE,26365,96,TRUE,Not artefactual,25270,95
B,G2,ADE_21_00511,F_21_00438,E_21_00435,ST_21_00188,STA_21_00112,PPO,PPO.Godbout.2021,16Schord,ECH,NA,ADE_21_00511,ADE_21_00564,N_21_1804.001.1;N_21_1804.001.2,P_21_1804.001,1804.001,NS.1804.001.UDP0111_i7---UDP0111_i5.ADE_21_00511,UDP0111,UDP0111,ATTAACAAGG,TGTTGTTCGT,NA,NA,1804.001_B,sample,NA,G,2,ATGCGAGAAGACCCTRTGGAGCT,CCTNGGTCGCCCCAAC,31043,88,31027,86,TRUE,31027,86,TRUE,Not artefactual,30600,85
A,E7,ADE_21_00512,F_21_00439,E_21_00408,ST_21_00188,STA_21_00103,PPO,PPO.Godbout.2021,16Schord,ECH,NA,ADE_21_00511,ADE_21_00565,N_21_1803.002.1;N_21_1803.002.2,P_21_1803.002,1803.002,NS.1803.002.UDP0053_i7---UDP0053_i5.ADE_21_00512,UDP0053,UDP0053,GGAATTGTAA,AGCACATCCT,NA,NA,1803.002_A,sample,NA,E,7,ATGCGAGAAGACCCTRTGGAGCT,CCTNGGTCGCCCCAAC,23165,135,23155,132,TRUE,23155,132,TRUE,Not artefactual,21370,125
B,A2,ADE_21_00513,F_21_00440,E_21_00406,ST_21_00188,STA_21_00102,PPO,PPO.Godbout.2021,16Schord,ECH,NA,ADE_21_00511,ADE_21_00565,N_21_1803.002.1;N_21_1803.002.2,P_21_1803.002,1803.002,NS.1803.002.UDP0105_i7---UDP0105_i5.ADE_21_00513,UDP0105,UDP0105,CAGCAATCGT,TGTGATGTAT,NA,NA,1803.002_B,sample,NA,A,2,ATGCGAGAAGACCCTRTGGAGCT,CCTNGGTCGCCCCAAC,20820,137,20804,135,TRUE,20804,135,TRUE,Not artefactual,19271,132
A,G1,ADE_21_00514,F_21_00441,E_21_00409,ST_21_00188,STA_21_00103,PPO,PPO.Godbout.2021,16Schord,ECH,NA,ADE_21_00511,ADE_21_00565,N_21_1804.002.1;N_21_1804.002.2,P_21_1804.002,1804.002,NS.1804.002.UDP0007_i7---UDP0007_i5.ADE_21_00514,UDP0007,UDP0007,CTAGTGCTCT,TGGAACAGTA,NA,NA,1804.002_A,sample,NA,G,1,ATGCGAGAAGACCCTRTGGAGCT,CCTNGGTCGCCCCAAC,26289,220,26251,215,TRUE,26251,215,TRUE,Not artefactual,26251,215
B,A4,ADE_21_00515,F_21_00442,E_21_00429,ST_21_00188,STA_21_00110,PPO,PPO.Godbout.2021,16Schord,ECH,NA,ADE_21_00511,ADE_21_00565,N_21_1804.002.1;N_21_1804.002.2,P_21_1804.002,1804.002,NS.1804.002.UDP0121_i7---UDP0121_i5.ADE_21_00515,UDP0121,UDP0121,AGAGAACCTA,GGTTATGCTA,NA,NA,1804.002_B,sample,NA,A,4,ATGCGAGAAGACCCTRTGGAGCT,CCTNGGTCGCCCCAAC,27391,136,27387,135,TRUE,27387,135,TRUE,Not artefactual,27387,135
A,C9,ADE_21_00516,F_21_00443,E_21_00399,ST_21_00188,STA_21_00100,PPO,PPO.Godbout.2021,16Schord,ECH,NA,ADE_21_00511,ADE_21_00565,N_21_1803.002.1;N_21_1803.002.2,P_21_1803.002,1803.002,NS.1803.002.UDP0067_i7---UDP0067_i5.ADE_21_00516,UDP0067,UDP0067,AGGATGTGCT,TTACAATTCC,NA,NA,1803.002_A,sample,NA,C,9,ATGCGAGAAGACCCTRTGGAGCT,CCTNGGTCGCCCCAAC,12490,273,12230,264,TRUE,12230,264,TRUE,Not artefactual,12112,261
A,D10,ADE_21_00517,F_21_00444,E_21_00393,ST_21_00188,STA_21_00098,PPO,PPO.Godbout.2021,16Schord,ECH,NA,ADE_21_00511,ADE_21_00565,N_21_1804.001.1;N_21_1804.001.2,P_21_1804.001,1804.001,NS.1804.001.UDP0076_i7---UDP0076_i5.ADE_21_00517,UDP0076,UDP0076,CTGACTCTAC,ACGGCCGTCA,NA,NA,1804.001_A,sample,NA,D,10,ATGCGAGAAGACCCTRTGGAGCT,CCTNGGTCGCCCCAAC,41666,195,41653,192,TRUE,41653,192,TRUE,Not artefactual,41641,191
A,D8,ADE_21_00518,F_21_00445,E_21_00400,ST_21_00188,STA_21_00100,PPO,PPO.Godbout.2021,16Schord,ECH,NA,ADE_21_00511,ADE_21_00565,N_21_1804.002.1;N_21_1804.002.2,P_21_1804.002,1804.002,NS.1804.002.UDP0060_i7---UDP0060_i5.ADE_21_00518,UDP0060,UDP0060,TTACCTGGAA,ACAGTTCCAG,NA,NA,1804.002_A,sample,NA,D,8,ATGCGAGAAGACCCTRTGGAGCT,CCTNGGTCGCCCCAAC,26293,438,26117,429,TRUE,26117,429,TRUE,Not artefactual,26087,427
A,C8,ADE_21_00519,F_21_00446,E_21_00410,ST_21_00188,STA_21_00103,PPO,PPO.Godbout.2021,16Schord,ECH,NA,ADE_21_00511,ADE_21_00565,N_21_1804.002.1;N_21_1804.002.2,P_21_1804.002,1804.002,NS.1804.002.UDP0059_i7---UDP0059_i5.ADE_21_00519,UDP0059,UDP0059,CTGTTGGTCC,ATAGACCGTT,NA,NA,1804.002_A,sample,NA,C,8,ATGCGAGAAGACCCTRTGGAGCT,CCTNGGTCGCCCCAAC,34926,118,34898,116,TRUE,34898,116,TRUE,Not artefactual,34898,116
A,B10,ADE_21_00520,F_21_00447,E_21_00405,ST_21_00188,STA_21_00102,PPO,PPO.Godbout.2021,16Schord,ECH,NA,ADE_21_00511,ADE_21_00565,N_21_1804.002.1;N_21_1804.002.2,P_21_1804.002,1804.002,NS.1804.002.UDP0074_i7---UDP0074_i5.ADE_21_00520,UDP0074,UDP0074,TTCATAAGGT,TGTTAGAAGG,NA,NA,1804.002_A,sample,NA,B,10,ATGCGAGAAGACCCTRTGGAGCT,CCTNGGTCGCCCCAAC,40025,154,40009,152,TRUE,40009,152,TRUE,Not artefactual,39258,151
A,C5,ADE_21_00521,F_21_00448,E_21_00422,ST_21_00188,STA_21_00107,PPO,PPO.Godbout.2021,16Schord,ECH,NA,ADE_21_00511,ADE_21_00565,N_21_1804.001.1;N_21_1804.001.2,P_21_1804.001,1804.001,NS.1804.001.UDP0035_i7---UDP0035_i5.ADE_21_00521,UDP0035,UDP0035,GGTAACTCGC,AAGTTGGTGA,NA,NA,1804.001_A,sample,NA,C,5,ATGCGAGAAGACCCTRTGGAGCT,CCTNGGTCGCCCCAAC,24699,215,24627,210,TRUE,24627,210,TRUE,Not artefactual,24627,210
A,E5,ADE_21_00522,F_21_00449,E_21_00433,ST_21_00188,STA_21_00111,PPO,PPO.Godbout.2021,16Schord,ECH,NA,ADE_21_00511,ADE_21_00565,N_21_1803.002.1;N_21_1803.002.2,P_21_1803.002,1803.002,NS.1803.002.UDP0037_i7---UDP0037_i5.ADE_21_00522,UDP0037,UDP0037,TGTAATCGAC,GATCACCGCG,NA,NA,1803.002_A,sample,NA,E,5,ATGCGAGAAGACCCTRTGGAGCT,CCTNGGTCGCCCCAAC,33711,87,33707,86,TRUE,33707,86,TRUE,Not artefactual,33707,86
A,D7,ADE_21_00523,F_21_00450,E_21_00432,ST_21_00188,STA_21_00111,PPO,PPO.Godbout.2021,16Schord,ECH,NA,ADE_21_00511,ADE_21_00565,N_21_1804.001.1;N_21_1804.001.2,P_21_1804.001,1804.001,NS.1804.001.UDP0052_i7---UDP0052_i5.ADE_21_00523,UDP0052,UDP0052,TGATGTAAGA,GTGCGTCCTT,NA,NA,1804.001_A,sample,NA,D,7,ATGCGAGAAGACCCTRTGGAGCT,CCTNGGTCGCCCCAAC,30225,92,30225,92,TRUE,30225,92,TRUE,Not artefactual,29595,91
A,G3,ADE_21_00524,F_21_00451,E_21_00413,ST_21_00188,STA_21_00104,PPO,PPO.Godbout.2021,16Schord,ECH,NA,ADE_21_00511,ADE_21_00565,N_21_1804.001.1;N_21_1804.001.2,P_21_1804.001,1804.001,NS.1804.001.UDP0023_i7---UDP0023_i5.ADE_21_00524,UDP0023,UDP0023,ACGCCTTGTT,TAAGGAACGT,NA,NA,1804.001_A,sample,NA,G,3,ATGCGAGAAGACCCTRTGGAGCT,CCTNGGTCGCCCCAAC,31325,135,31244,129,TRUE,31244,129,TRUE,Not artefactual,29895,127
A,F3,ADE_21_00525,F_21_00452,E_21_00421,ST_21_00188,STA_21_00107,PPO,PPO.Godbout.2021,16Schord,ECH,NA,ADE_21_00511,ADE_21_00565,N_21_1803.002.1;N_21_1803.002.2,P_21_1803.002,1803.002,NS.1803.002.UDP0022_i7---UDP0022_i5.ADE_21_00525,UDP0022,UDP0022,TATTGCGCTC,CTGTGTTAGG,NA,NA,1803.002_A,sample,NA,F,3,ATGCGAGAAGACCCTRTGGAGCT,CCTNGGTCGCCCCAAC,54115,210,54070,205,TRUE,54070,205,FALSE,Contamination > 10%,45414,203
A,A1,ADE_21_00526,F_21_00453,E_21_00414,ST_21_00188,STA_21_00105,PPO,PPO.Godbout.2021,16Schord,ECH,NA,ADE_21_00511,ADE_21_00565,N_21_1804.002.1;N_21_1804.002.2,P_21_1804.002,1804.002,NS.1804.002.UDP0001_i7---UDP0001_i5.ADE_21_00526,UDP0001,UDP0001,GAACTGAGCG,TCGTGGAGCG,NA,NA,1804.002_A,sample,NA,A,1,ATGCGAGAAGACCCTRTGGAGCT,CCTNGGTCGCCCCAAC,42468,139,42464,138,TRUE,42464,138,TRUE,Not artefactual,42464,138
A,G6,ADE_21_00527,F_21_00454,E_21_00431,ST_21_00188,STA_21_00110,PPO,PPO.Godbout.2021,16Schord,ECH,NA,ADE_21_00511,ADE_21_00565,N_21_1804.001.1;N_21_1804.001.2,P_21_1804.001,1804.001,NS.1804.001.UDP0047_i7---UDP0047_i5.ADE_21_00527,UDP0047,UDP0047,GTCCTGGATA,CGGTGGCGAA,NA,NA,1804.001_A,sample,NA,G,6,ATGCGAGAAGACCCTRTGGAGCT,CCTNGGTCGCCCCAAC,33143,145,33135,144,TRUE,33135,144,TRUE,Not artefactual,33135,144
B,E1,ADE_21_00528,F_21_00455,E_21_00426,ST_21_00188,STA_21_00109,PPO,PPO.Godbout.2021,16Schord,ECH,NA,ADE_21_00511,ADE_21_00565,N_21_1803.002.1;N_21_1803.002.2,P_21_1803.002,1803.002,NS.1803.002.UDP0101_i7---UDP0101_i5.ADE_21_00528,UDP0101,UDP0101,ATATGCATGT,TGGTGCCTGG,NA,NA,1803.002_B,sample,NA,E,1,ATGCGAGAAGACCCTRTGGAGCT,CCTNGGTCGCCCCAAC,22660,135,22655,134,TRUE,22655,134,TRUE,Not artefactual,22655,134
A,E12,ADE_21_00529,F_21_00456,E_21_00411,ST_21_00188,STA_21_00104,PPO,PPO.Godbout.2021,16Schord,ECH,NA,ADE_21_00511,ADE_21_00565,N_21_1804.002.1;N_21_1804.002.2,P_21_1804.002,1804.002,NS.1804.002.UDP0093_i7---UDP0093_i5.ADE_21_00529,UDP0093,UDP0093,ACATATCCAG,TATGTGCAAT,NA,NA,1804.002_A,sample,NA,E,12,ATGCGAGAAGACCCTRTGGAGCT,CCTNGGTCGCCCCAAC,12284,114,12266,112,TRUE,12266,112,TRUE,Not artefactual,12215,111
A,C8,ADE_21_00530,F_21_00457,E_21_00396,ST_21_00188,STA_21_00099,PPO,PPO.Godbout.2021,16Schord,ECH,NA,ADE_21_00511,ADE_21_00565,N_21_1804.001.1;N_21_1804.001.2,P_21_1804.001,1804.001,NS.1804.001.UDP0059_i7---UDP0059_i5.ADE_21_00530,UDP0059,UDP0059,CTGTTGGTCC,ATAGACCGTT,NA,NA,1804.001_A,sample,NA,C,8,ATGCGAGAAGACCCTRTGGAGCT,CCTNGGTCGCCCCAAC,32694,339,32672,336,TRUE,32672,336,TRUE,Not artefactual,32449,331
A,H2,ADE_21_00531,F_21_00458,E_21_00391,ST_21_00188,STA_21_00097,PPO,PPO.Godbout.2021,16Schord,ECH,NA,ADE_21_00511,ADE_21_00565,N_21_1803.002.1;N_21_1803.002.2,P_21_1803.002,1803.002,NS.1803.002.UDP0016_i7---UDP0016_i5.ADE_21_00531,UDP0016,UDP0016,CGGTTACGGC,AAGACTATAG,NA,NA,1803.002_A,sample,NA,H,2,ATGCGAGAAGACCCTRTGGAGCT,CCTNGGTCGCCCCAAC,19623,160,19612,158,TRUE,19612,158,TRUE,Not artefactual,19083,157
A,A7,ADE_21_00532,F_21_00459,E_21_00407,ST_21_00188,STA_21_00102,PPO,PPO.Godbout.2021,16Schord,ECH,NA,ADE_21_00511,ADE_21_00565,N_21_1803.002.1;N_21_1803.002.2,P_21_1803.002,1803.002,NS.1803.002.UDP0049_i7---UDP0049_i5.ADE_21_00532,UDP0049,UDP0049,AGTGTTGCAC,CTGGTACACG,NA,NA,1803.002_A,sample,NA,A,7,ATGCGAGAAGACCCTRTGGAGCT,CCTNGGTCGCCCCAAC,25009,179,24933,170,TRUE,24933,170,TRUE,Not artefactual,24885,169
A,C11,ADE_21_00533,F_21_00460,E_21_00428,ST_21_00188,STA_21_00109,PPO,PPO.Godbout.2021,16Schord,ECH,NA,ADE_21_00511,ADE_21_00565,N_21_1804.002.1;N_21_1804.002.2,P_21_1804.002,1804.002,NS.1804.002.UDP0083_i7---UDP0083_i5.ADE_21_00533,UDP0083,UDP0083,TATGCCTTAC,AGACACATTA,NA,NA,1804.002_A,sample,NA,C,11,ATGCGAGAAGACCCTRTGGAGCT,CCTNGGTCGCCCCAAC,24470,131,24456,129,TRUE,24456,129,TRUE,Not artefactual,24456,129
A,D2,ADE_21_00534,F_21_00461,E_21_00427,ST_21_00188,STA_21_00109,PPO,PPO.Godbout.2021,16Schord,ECH,NA,ADE_21_00511,ADE_21_00565,N_21_1803.002.1;N_21_1803.002.2,P_21_1803.002,1803.002,NS.1803.002.UDP0012_i7---UDP0012_i5.ADE_21_00534,UDP0012,UDP0012,GAGTCATAGG,GTGTGGCGCT,NA,NA,1803.002_A,sample,NA,D,2,ATGCGAGAAGACCCTRTGGAGCT,CCTNGGTCGCCCCAAC,46236,242,46220,239,TRUE,46220,239,TRUE,Not artefactual,45620,238
B,H3,ADE_21_00535,F_21_00462,E_21_00417,ST_21_00188,STA_21_00106,PPO,PPO.Godbout.2021,16Schord,ECH,NA,ADE_21_00511,ADE_21_00565,N_21_1804.002.1;N_21_1804.002.2,P_21_1804.002,1804.002,NS.1804.002.UDP0120_i7---UDP0120_i5.ADE_21_00535,UDP0120,UDP0120,AGGACAGGCC,CATTCCAGCT,NA,NA,1804.002_B,sample,NA,H,3,ATGCGAGAAGACCCTRTGGAGCT,CCTNGGTCGCCCCAAC,33105,127,33096,126,TRUE,33096,126,TRUE,Not artefactual,33089,125
B,B3,ADE_21_00536,F_21_00463,E_21_00390,ST_21_00188,STA_21_00097,PPO,PPO.Godbout.2021,16Schord,ECH,NA,ADE_21_00511,ADE_21_00565,N_21_1804.002.1;N_21_1804.002.2,P_21_1804.002,1804.002,NS.1804.002.UDP0114_i7---UDP0114_i5.ADE_21_00536,UDP0114,UDP0114,TAGAATTGGA,GTTAATCTGA,NA,NA,1804.002_B,sample,NA,B,3,ATGCGAGAAGACCCTRTGGAGCT,CCTNGGTCGCCCCAAC,6406,2,6406,2,TRUE,6406,2,FALSE,Contamination > 10%,3670,1
A,A4,ADE_21_00537,F_21_00464,E_21_00404,ST_21_00188,STA_21_00101,PPO,PPO.Godbout.2021,16Schord,ECH,NA,ADE_21_00511,ADE_21_00566,N_21_1803.002.1;N_21_1803.002.2,P_21_1803.002,1803.002,NS.1803.002.UDP0025_i7---UDP0025_i5.ADE_21_00537,UDP0025,UDP0025,AACCATAGAA,GGCGAGATGG,NA,NA,1803.002_A,sample,NA,A,4,ATGCGAGAAGACCCTRTGGAGCT,CCTNGGTCGCCCCAAC,46002,194,45969,189,TRUE,45969,189,TRUE,Not artefactual,42658,187
B,C5,ADE_21_00538,F_21_00465,E_21_00436,ST_21_00188,STA_21_00112,PPO,PPO.Godbout.2021,16Schord,ECH,NA,ADE_21_00511,ADE_21_00566,N_21_1804.002.1;N_21_1804.002.2,P_21_1804.002,1804.002,NS.1804.002.UDP0131_i7---UDP0131_i5.ADE_21_00538,UDP0131,UDP0131,TTCGGTGTGA,GAACAAGTAT,NA,NA,1804.002_B,sample,NA,C,5,ATGCGAGAAGACCCTRTGGAGCT,CCTNGGTCGCCCCAAC,32528,253,32491,249,TRUE,32491,249,TRUE,Not artefactual,31634,247
A,C4,ADE_21_00539,F_21_00466,E_21_00424,ST_21_00188,STA_21_00108,PPO,PPO.Godbout.2021,16Schord,ECH,NA,ADE_21_00511,ADE_21_00566,N_21_1804.001.1;N_21_1804.001.2,P_21_1804.001,1804.001,NS.1804.001.UDP0027_i7---UDP0027_i5.ADE_21_00539,UDP0027,UDP0027,TAAGCATCCA,TCAATCCATT,NA,NA,1804.001_A,sample,NA,C,4,ATGCGAGAAGACCCTRTGGAGCT,CCTNGGTCGCCCCAAC,17839,217,17660,204,TRUE,17660,204,TRUE,Not artefactual,17382,203
A,D12,ADE_21_00541,F_21_00468,E_21_00418,ST_21_00188,STA_21_00106,PPO,PPO.Godbout.2021,16Schord,ECH,NA,ADE_21_00511,ADE_21_00566,N_21_1804.001.1;N_21_1804.001.2,P_21_1804.001,1804.001,NS.1804.001.UDP0092_i7---UDP0092_i5.ADE_21_00541,UDP0092,UDP0092,GCGTTGGTAT,ACATACTTCC,NA,NA,1804.001_A,sample,NA,D,12,ATGCGAGAAGACCCTRTGGAGCT,CCTNGGTCGCCCCAAC,6330,149,6173,140,TRUE,6173,140,TRUE,Not artefactual,6173,140
A,A3,ADE_21_00542,F_21_00469,E_21_00397,ST_21_00188,STA_21_00099,PPO,PPO.Godbout.2021,16Schord,ECH,NA,ADE_21_00511,ADE_21_00566,N_21_1804.002.1;N_21_1804.002.2,P_21_1804.002,1804.002,NS.1804.002.UDP0017_i7---UDP0017_i5.ADE_21_00542,UDP0017,UDP0017,GAGAATGGTT,TCGGCAGCAA,NA,NA,1804.002_A,sample,NA,A,3,ATGCGAGAAGACCCTRTGGAGCT,CCTNGGTCGCCCCAAC,20071,175,20063,173,TRUE,20063,173,TRUE,Not artefactual,18613,169
B,B6,ADE_21_00543,F_21_00470,E_21_00398,ST_21_00188,STA_21_00099,PPO,PPO.Godbout.2021,16Schord,ECH,NA,ADE_21_00511,ADE_21_00566,N_21_1804.002.1;N_21_1804.002.2,P_21_1804.002,1804.002,NS.1804.002.UDP0138_i7---UDP0138_i5.ADE_21_00543,UDP0138,UDP0138,GGCCAATATT,CGGTCCGATA,NA,NA,1804.002_B,sample,NA,B,6,ATGCGAGAAGACCCTRTGGAGCT,CCTNGGTCGCCCCAAC,27457,160,27430,156,TRUE,27430,156,FALSE,Contamination > 10%,22676,154
B,H5,ADE_21_00544,F_21_00471,E_21_00430,ST_21_00188,STA_21_00110,PPO,PPO.Godbout.2021,16Schord,ECH,NA,ADE_21_00511,ADE_21_00566,N_21_1803.002.1;N_21_1803.002.2,P_21_1803.002,1803.002,NS.1803.002.UDP0136_i7---UDP0136_i5.ADE_21_00544,UDP0136,UDP0136,CCAGGCACCA,ACGCTAATTA,NA,NA,1803.002_B,sample,NA,H,5,ATGCGAGAAGACCCTRTGGAGCT,CCTNGGTCGCCCCAAC,19001,120,18970,116,TRUE,18970,116,TRUE,Not artefactual,18274,115
A,B4,ADE_21_00545,F_21_00472,E_21_00394,ST_21_00188,STA_21_00098,PPO,PPO.Godbout.2021,16Schord,ECH,NA,ADE_21_00511,ADE_21_00566,N_21_1804.001.1;N_21_1804.001.2,P_21_1804.001,1804.001,NS.1804.001.UDP0026_i7---UDP0026_i5.ADE_21_00545,UDP0026,UDP0026,GGTTGCGAGG,AATAGAGCAA,NA,NA,1804.001_A,sample,NA,B,4,ATGCGAGAAGACCCTRTGGAGCT,CCTNGGTCGCCCCAAC,7723,198,7490,189,TRUE,7490,189,TRUE,Not artefactual,7361,184
A,H1,ADE_21_00546,F_21_00473,E_21_00416,ST_21_00188,STA_21_00105,PPO,PPO.Godbout.2021,16Schord,ECH,NA,ADE_21_00511,ADE_21_00566,N_21_1804.001.1;N_21_1804.001.2,P_21_1804.001,1804.001,NS.1804.001.UDP0008_i7---UDP0008_i5.ADE_21_00546,UDP0008,UDP0008,GATCAAGGCA,CCTTGTTAAT,NA,NA,1804.001_A,sample,NA,H,1,ATGCGAGAAGACCCTRTGGAGCT,CCTNGGTCGCCCCAAC,32927,174,32899,171,TRUE,32899,171,TRUE,Not artefactual,31675,169
B,A2,ADE_21_00547,F_21_00474,E_21_00402,ST_21_00188,STA_21_00101,PPO,PPO.Godbout.2021,16Schord,ECH,NA,ADE_21_00511,ADE_21_00566,N_21_1804.001.1;N_21_1804.001.2,P_21_1804.001,1804.001,NS.1804.001.UDP0105_i7---UDP0105_i5.ADE_21_00547,UDP0105,UDP0105,CAGCAATCGT,TGTGATGTAT,NA,NA,1804.001_B,sample,NA,A,2,ATGCGAGAAGACCCTRTGGAGCT,CCTNGGTCGCCCCAAC,12357,114,12346,112,TRUE,12346,112,FALSE,Contamination > 10%,9390,111
A,B12,ADE_21_00548,F_21_00475,E_21_00437,ST_21_00188,STA_21_00112,PPO,PPO.Godbout.2021,16Schord,ECH,NA,ADE_21_00511,ADE_21_00566,N_21_1804.002.1;N_21_1804.002.2,P_21_1804.002,1804.002,NS.1804.002.UDP0090_i7---UDP0090_i5.ADE_21_00548,UDP0090,UDP0090,ACTTCAAGCG,GAACCATGAA,NA,NA,1804.002_A,sample,NA,B,12,ATGCGAGAAGACCCTRTGGAGCT,CCTNGGTCGCCCCAAC,27076,122,26944,115,TRUE,26944,115,TRUE,Not artefactual,25707,114
A,F9,ADE_21_00549,F_21_00476,E_21_00415,ST_21_00188,STA_21_00105,PPO,PPO.Godbout.2021,16Schord,ECH,NA,ADE_21_00511,ADE_21_00566,N_21_1803.002.1;N_21_1803.002.2,P_21_1803.002,1803.002,NS.1803.002.UDP0070_i7---UDP0070_i5.ADE_21_00549,UDP0070,UDP0070,GTATTGACGT,GGAATTCCAA,NA,NA,1803.002_A,sample,NA,F,9,ATGCGAGAAGACCCTRTGGAGCT,CCTNGGTCGCCCCAAC,24536,169,24525,168,TRUE,24525,168,TRUE,Not artefactual,24463,166
A,G11,ADE_21_00550,F_21_00477,E_21_00412,ST_21_00188,STA_21_00104,PPO,PPO.Godbout.2021,16Schord,ECH,NA,ADE_21_00511,ADE_21_00566,N_21_1803.002.1;N_21_1803.002.2,P_21_1803.002,1803.002,NS.1803.002.UDP0087_i7---UDP0087_i5.ADE_21_00550,UDP0087,UDP0087,CCTCTACATG,GATACCTCCT,NA,NA,1803.002_A,sample,NA,G,11,ATGCGAGAAGACCCTRTGGAGCT,CCTNGGTCGCCCCAAC,44103,317,44088,314,TRUE,44088,314,TRUE,Not artefactual,43172,310
B,F1,ADE_21_00551,F_21_00478,E_21_00401,ST_21_00188,STA_21_00100,PPO,PPO.Godbout.2021,16Schord,ECH,NA,ADE_21_00511,ADE_21_00566,N_21_1804.002.1;N_21_1804.002.2,P_21_1804.002,1804.002,NS.1804.002.UDP0102_i7---UDP0102_i5.ADE_21_00551,UDP0102,UDP0102,ATGGCGCCTG,TCCACGGCCT,NA,NA,1804.002_B,sample,NA,F,1,ATGCGAGAAGACCCTRTGGAGCT,CCTNGGTCGCCCCAAC,16150,234,16072,226,TRUE,16072,226,TRUE,Not artefactual,15752,222
B,E4,ADE_21_00552,F_21_00479,E_21_00403,ST_21_00188,STA_21_00101,PPO,PPO.Godbout.2021,16Schord,ECH,NA,ADE_21_00511,ADE_21_00566,N_21_1804.001.1;N_21_1804.001.2,P_21_1804.001,1804.001,NS.1804.001.UDP0125_i7---UDP0125_i5.ADE_21_00552,UDP0125,UDP0125,AGGCCGTGGA,CTCGTGCGTT,NA,NA,1804.001_B,sample,NA,E,4,ATGCGAGAAGACCCTRTGGAGCT,CCTNGGTCGCCCCAAC,16554,121,16527,118,TRUE,16527,118,TRUE,Not artefactual,16527,118
A,D8,ADE_21_00553,F_21_00480,E_21_00423,ST_21_00188,STA_21_00108,PPO,PPO.Godbout.2021,16Schord,ECH,NA,ADE_21_00511,ADE_21_00566,N_21_1804.001.1;N_21_1804.001.2,P_21_1804.001,1804.001,NS.1804.001.UDP0060_i7---UDP0060_i5.ADE_21_00553,UDP0060,UDP0060,TTACCTGGAA,ACAGTTCCAG,NA,NA,1804.001_A,sample,NA,D,8,ATGCGAGAAGACCCTRTGGAGCT,CCTNGGTCGCCCCAAC,31539,340,31465,331,TRUE,31465,331,TRUE,Not artefactual,30912,327
A,C5,ADE_21_00554,F_21_00481,E_21_00425,ST_21_00188,STA_21_00108,PPO,PPO.Godbout.2021,16Schord,ECH,NA,ADE_21_00511,ADE_21_00566,N_21_1804.002.1;N_21_1804.002.2,P_21_1804.002,1804.002,NS.1804.002.UDP0035_i7---UDP0035_i5.ADE_21_00554,UDP0035,UDP0035,GGTAACTCGC,AAGTTGGTGA,NA,NA,1804.002_A,sample,NA,C,5,ATGCGAGAAGACCCTRTGGAGCT,CCTNGGTCGCCCCAAC,24855,113,24825,109,TRUE,24825,109,TRUE,Not artefactual,23867,108
A,B8,ADE_21_00555,F_21_00482,E_21_00419,ST_21_00188,STA_21_00106,PPO,PPO.Godbout.2021,16Schord,ECH,NA,ADE_21_00511,ADE_21_00566,N_21_1803.002.1;N_21_1803.002.2,P_21_1803.002,1803.002,NS.1803.002.UDP0058_i7---UDP0058_i5.ADE_21_00555,UDP0058,UDP0058,CTCGCTTCGG,TACTAGTCAA,NA,NA,1803.002_A,sample,NA,B,8,ATGCGAGAAGACCCTRTGGAGCT,CCTNGGTCGCCCCAAC,35332,230,35253,225,TRUE,35253,225,TRUE,Not artefactual,34835,222
B,C1,ADE_21_00556,F_21_00483,E_21_00395,ST_21_00188,STA_21_00098,PPO,PPO.Godbout.2021,16Schord,ECH,NA,ADE_21_00511,ADE_21_00566,N_21_1804.002.1;N_21_1804.002.2,P_21_1804.002,1804.002,NS.1804.002.UDP0099_i7---UDP0099_i5.ADE_21_00556,UDP0099,UDP0099,TCTCACACGC,CGGACAGTGA,NA,NA,1804.002_B,sample,NA,C,1,ATGCGAGAAGACCCTRTGGAGCT,CCTNGGTCGCCCCAAC,21371,239,21348,237,TRUE,21348,237,TRUE,Not artefactual,19840,232
A,G4,ADE_21_00557,F_21_00484,E_21_00392,ST_21_00188,STA_21_00097,PPO,PPO.Godbout.2021,16Schord,ECH,NA,ADE_21_00511,ADE_21_00566,N_21_1804.001.1;N_21_1804.001.2,P_21_1804.001,1804.001,NS.1804.001.UDP0031_i7---UDP0031_i5.ADE_21_00557,UDP0031,UDP0031,GTGACACGCA,GCTTACGGAC,NA,NA,1804.001_A,sample,NA,G,4,ATGCGAGAAGACCCTRTGGAGCT,CCTNGGTCGCCCCAAC,13256,112,12941,103,TRUE,12941,103,TRUE,Not artefactual,12783,102
A,H3,ADE_21_00558,F_21_00485,E_21_00434,ST_21_00188,STA_21_00111,PPO,PPO.Godbout.2021,16Schord,ECH,NA,ADE_21_00511,ADE_21_00566,N_21_1803.002.1;N_21_1803.002.2,P_21_1803.002,1803.002,NS.1803.002.UDP0024_i7---UDP0024_i5.ADE_21_00558,UDP0024,UDP0024,TTCTACATAC,CTAACTGTAA,NA,NA,1803.002_A,sample,NA,H,3,ATGCGAGAAGACCCTRTGGAGCT,CCTNGGTCGCCCCAAC,53396,160,53372,157,TRUE,53372,157,TRUE,Not artefactual,52601,156
B,C1,ADE_21_00559,F_21_00486,E_21_00420,ST_21_00188,STA_21_00107,PPO,PPO.Godbout.2021,16Schord,ECH,NA,ADE_21_00511,ADE_21_00566,N_21_1803.002.1;N_21_1803.002.2,P_21_1803.002,1803.002,NS.1803.002.UDP0099_i7---UDP0099_i5.ADE_21_00559,UDP0099,UDP0099,TCTCACACGC,CGGACAGTGA,NA,NA,1803.002_B,sample,NA,C,1,ATGCGAGAAGACCCTRTGGAGCT,CCTNGGTCGCCCCAAC,18515,248,18428,239,TRUE,18428,239,TRUE,Not artefactual,18386,236
