plate_no,ID_puit,sample_id,ID_projet,project,Loci,Type_echantillon,Neg_prelevement,Neg_filtration,Neg_extraction,Neg_PCR,Run,File,File_mod,Key_i7,Key_i5,tag_fwd,tag_rev,Date_collected,Latitude,Longitude,Station,Site_echantillonnage,Profondeur_m,Replicat_biologique,type,control_type,plate_row,plate_col,primer_fwd,primer_rev,nb_reads,nb_motus,nb_reads.tagjump,nb_motus.tagjump,seqdepth_ok,nb_reads.tagjump.subgroup,nb_motus.tagjump.subgroup,low_max_conta_level_10,artefact_type,nb_reads_postmetabaR,nb_motus_postmetabaR
1,B01,PPO20_055,PPO,PPO.Leim.MJRoux.2019,MiFishU,ECH,PPO20_054,PPO20_054,PPO20_236,NEG_PCR1;NEG_PCR2;NEG_PCR3;NEG_PCR4;NEG_PCR5;NEG_PCR6;NEG_PCR7;NEG_PCR8;BlankpcrCES,1524,NS.1524.FLD0002---PE1-CS1-IDT_i5_5.PPO20_055_MiFish,NS.1524.FLD0002.PE1-CS1-IDT_i5_5_PPO20_055_MiFish,FLD0002,5,GTGTATGCGT,GGGGGTTTTT,43741,48.60011,69.06795,"NA",Forestville,48,"NA",sample,NA,B,1,GTCGGTAAAACTCGTGCCAGC,CATAGTGGGGTATCTAATCCCAGTTTG,708,11,10,1,FALSE,10,1,TRUE,Low sequencing depth,10,1
2,D03,PPO20_056,PPO,PPO.Leim.MJRoux.2019,MiFishU,ECH,PPO20_054,PPO20_054,PPO20_236,NEG_PCR1;NEG_PCR2;NEG_PCR3;NEG_PCR4;NEG_PCR5;NEG_PCR6;NEG_PCR7;NEG_PCR8;BlankpcrCES,1524,NS.1524.FLD0116---PE1-CS1-IDT_i5_5.PPO20_056_MifishU,NS.1524.FLD0116.PE1-CS1-IDT_i5_5_PPO20_056_MifishU,FLD0116,5,TACACAGTAG,GGGGGTTTTT,43741,48.65348,69.03955,"NA",Forestville,30,"NA",sample,NA,D,3,GTCGGTAAAACTCGTGCCAGC,CATAGTGGGGTATCTAATCCCAGTTTG,0,0,0,0,FALSE,0,0,FALSE,Contamination > 10% and low sequencing depth,0,0
2,A01,PPO20_058,PPO,PPO.Leim.MJRoux.2019,MiFishU,ECH,PPO20_057,PPO20_057,PPO20_236,NEG_PCR1;NEG_PCR2;NEG_PCR3;NEG_PCR4;NEG_PCR5;NEG_PCR6;NEG_PCR7;NEG_PCR8;BlankpcrCES,1524,NS.1524.FLD0097---PE1-CS1-IDT_i5_5.PPO20_058_MifishU,NS.1524.FLD0097.PE1-CS1-IDT_i5_5_PPO20_058_MifishU,FLD0097,5,TGCTACATCA,GGGGGTTTTT,43742,48.79437,68.876,"NA",Colombier,43,"NA",sample,NA,A,1,GTCGGTAAAACTCGTGCCAGC,CATAGTGGGGTATCTAATCCCAGTTTG,149,14,19,1,FALSE,19,1,TRUE,Low sequencing depth,19,1
1,A12,PPO20_059,PPO,PPO.Leim.MJRoux.2019,MiFishU,ECH,PPO20_057,PPO20_057,PPO20_236,NEG_PCR1;NEG_PCR2;NEG_PCR3;NEG_PCR4;NEG_PCR5;NEG_PCR6;NEG_PCR7;NEG_PCR8;BlankpcrCES,1524,NS.1524.FLD0089---PE1-CS1-IDT_i5_5.PPO20_059_MiFish,NS.1524.FLD0089.PE1-CS1-IDT_i5_5_PPO20_059_MiFish,FLD0089,5,TATCAGTCTG,GGGGGTTTTT,43742,48.8461,68.78669,"NA",Colombier,16,"NA",sample,NA,A,12,GTCGGTAAAACTCGTGCCAGC,CATAGTGGGGTATCTAATCCCAGTTTG,12,3,0,0,FALSE,0,0,FALSE,Contamination > 10% and low sequencing depth,0,0
4,H07,PPO20_061,PPO,PPO.Leim.MJRoux.2019,MiFishU,ECH,PPO20_060,PPO20_060,PPO20_236,NEG_PCR1;NEG_PCR2;NEG_PCR3;NEG_PCR4;NEG_PCR5;NEG_PCR6;NEG_PCR7;NEG_PCR8;BlankpcrCES,1524,NS.1524.FLD0344---PE1-CS1-IDT_i5_5.PPO20_061_MifishU,NS.1524.FLD0344.PE1-CS1-IDT_i5_5_PPO20_061_MifishU,FLD0344,5,GCACTGTTGC,GGGGGTTTTT,43743,49.28037,67.88645,"NA",Baie-Comeau,37,"NA",sample,NA,H,7,GTCGGTAAAACTCGTGCCAGC,CATAGTGGGGTATCTAATCCCAGTTTG,50,8,0,0,FALSE,0,0,FALSE,Contamination > 10% and low sequencing depth,0,0
4,F05,PPO20_062,PPO,PPO.Leim.MJRoux.2019,MiFishU,ECH,PPO20_060,PPO20_060,PPO20_236,NEG_PCR1;NEG_PCR2;NEG_PCR3;NEG_PCR4;NEG_PCR5;NEG_PCR6;NEG_PCR7;NEG_PCR8;BlankpcrCES,1524,NS.1524.FLD0326---PE1-CS1-IDT_i5_5.PPO20_062_MifishU,NS.1524.FLD0326.PE1-CS1-IDT_i5_5_PPO20_062_MifishU,FLD0326,5,GTCCAGACAT,GGGGGTTTTT,43743,49.28826,67.9161,"NA",Baie-Comeau,34,"NA",sample,NA,F,5,GTCGGTAAAACTCGTGCCAGC,CATAGTGGGGTATCTAATCCCAGTTTG,40,5,0,0,FALSE,0,0,FALSE,Contamination > 10% and low sequencing depth,0,0
1,C05,PPO20_063,PPO,PPO.Leim.MJRoux.2019,MiFishU,ECH,PPO20_060,PPO20_060,PPO20_236,NEG_PCR1;NEG_PCR2;NEG_PCR3;NEG_PCR4;NEG_PCR5;NEG_PCR6;NEG_PCR7;NEG_PCR8;BlankpcrCES,1524,NS.1524.FLD0035---PE1-CS1-IDT_i5_5.PPO20_063_MiFish,NS.1524.FLD0035.PE1-CS1-IDT_i5_5_PPO20_063_MiFish,FLD0035,5,CTGTACGTGA,GGGGGTTTTT,43743,49.28083,68.0001,"NA",Baie-Comeau,24,"NA",sample,NA,C,5,GTCGGTAAAACTCGTGCCAGC,CATAGTGGGGTATCTAATCCCAGTTTG,341,16,60,2,FALSE,60,2,TRUE,Low sequencing depth,60,2
3,E04,PPO20_065,PPO,PPO.Leim.MJRoux.2019,MiFishU,ECH,PPO20_064,PPO20_064,PPO20_236,NEG_PCR1;NEG_PCR2;NEG_PCR3;NEG_PCR4;NEG_PCR5;NEG_PCR6;NEG_PCR7;NEG_PCR8;BlankpcrCES,1524,NS.1524.FLD0221---PE1-CS1-IDT_i5_5.PPO20_065_MifishU,NS.1524.FLD0221.PE1-CS1-IDT_i5_5_PPO20_065_MifishU,FLD0221,5,CATTCTCTGA,GGGGGTTTTT,43744,49.28627,67.78276,"NA",Godbout,48,"NA",sample,NA,E,4,GTCGGTAAAACTCGTGCCAGC,CATAGTGGGGTATCTAATCCCAGTTTG,367,15,127,1,FALSE,127,1,FALSE,Contamination > 10% and low sequencing depth,0,0
4,C07,PPO20_066,PPO,PPO.Leim.MJRoux.2019,MiFishU,ECH,PPO20_064,PPO20_064,PPO20_236,NEG_PCR1;NEG_PCR2;NEG_PCR3;NEG_PCR4;NEG_PCR5;NEG_PCR6;NEG_PCR7;NEG_PCR8;BlankpcrCES,1524,NS.1524.FLD0339---PE1-CS1-IDT_i5_5.PPO20_066_MifishU,NS.1524.FLD0339.PE1-CS1-IDT_i5_5_PPO20_066_MifishU,FLD0339,5,GACGTGCTTC,GGGGGTTTTT,43744,49.2977,67.72546,"NA",Godbout,38,"NA",sample,NA,C,7,GTCGGTAAAACTCGTGCCAGC,CATAGTGGGGTATCTAATCCCAGTTTG,367,16,52,3,FALSE,52,3,TRUE,Low sequencing depth,52,3
2,G11,PPO20_067,PPO,PPO.Leim.MJRoux.2019,MiFishU,ECH,PPO20_064,PPO20_064,PPO20_236,NEG_PCR1;NEG_PCR2;NEG_PCR3;NEG_PCR4;NEG_PCR5;NEG_PCR6;NEG_PCR7;NEG_PCR8;BlankpcrCES,1524,NS.1524.FLD0183---PE1-CS1-IDT_i5_5.PPO20_067_MifishU,NS.1524.FLD0183.PE1-CS1-IDT_i5_5_PPO20_067_MifishU,FLD0183,5,AGAGATATCA,GGGGGTTTTT,43744,49.29925,67.69592,"NA",Godbout,12,"NA",sample,NA,G,11,GTCGGTAAAACTCGTGCCAGC,CATAGTGGGGTATCTAATCCCAGTTTG,215,16,18,1,FALSE,18,1,TRUE,Low sequencing depth,18,1
1,D03,PPO20_068,PPO,PPO.Leim.MJRoux.2019,MiFishU,ECH,PPO20_064,PPO20_064,PPO20_236,NEG_PCR1;NEG_PCR2;NEG_PCR3;NEG_PCR4;NEG_PCR5;NEG_PCR6;NEG_PCR7;NEG_PCR8;BlankpcrCES,1524,NS.1524.FLD0020---PE1-CS1-IDT_i5_5.PPO20_068_MiFish,NS.1524.FLD0020.PE1-CS1-IDT_i5_5_PPO20_068_MiFish,FLD0020,5,GTGCTCATGT,GGGGGTTTTT,43744,49.29101,67.68433,"NA",Godbout,49.5,"NA",sample,NA,D,3,GTCGGTAAAACTCGTGCCAGC,CATAGTGGGGTATCTAATCCCAGTTTG,342,15,41,2,FALSE,41,2,TRUE,Low sequencing depth,41,2
1,G01,PPO20_070,PPO,PPO.Leim.MJRoux.2019,MiFishU,ECH,PPO20_069,PPO20_069,PPO20_236,NEG_PCR1;NEG_PCR2;NEG_PCR3;NEG_PCR4;NEG_PCR5;NEG_PCR6;NEG_PCR7;NEG_PCR8;BlankpcrCES,1524,NS.1524.FLD0007---PE1-CS1-IDT_i5_5.PPO20_070_MiFish,NS.1524.FLD0007.PE1-CS1-IDT_i5_5_PPO20_070_MiFish,FLD0007,5,GTCGTGTACT,GGGGGTTTTT,43745,49.32012,67.57712,"NA",Godbout,47,"NA",sample,NA,G,1,GTCGGTAAAACTCGTGCCAGC,CATAGTGGGGTATCTAATCCCAGTTTG,248,13,0,0,FALSE,0,0,FALSE,Contamination > 10% and low sequencing depth,0,0
2,F02,PPO20_071,PPO,PPO.Leim.MJRoux.2019,MiFishU,ECH,PPO20_069,PPO20_069,PPO20_236,NEG_PCR1;NEG_PCR2;NEG_PCR3;NEG_PCR4;NEG_PCR5;NEG_PCR6;NEG_PCR7;NEG_PCR8;BlankpcrCES,1524,NS.1524.FLD0110---PE1-CS1-IDT_i5_5.PPO20_071_MifishU,NS.1524.FLD0110.PE1-CS1-IDT_i5_5_PPO20_071_MifishU,FLD0110,5,GTCTGATACG,GGGGGTTTTT,43745,49.29731,67.63039,"NA",Godbout,45,"NA",sample,NA,F,2,GTCGGTAAAACTCGTGCCAGC,CATAGTGGGGTATCTAATCCCAGTTTG,2932,16,909,2,FALSE,909,2,TRUE,Low sequencing depth,909,2
1,F12,PPO20_072,PPO,PPO.Leim.MJRoux.2019,MiFishU,ECH,PPO20_069,PPO20_069,PPO20_236,NEG_PCR1;NEG_PCR2;NEG_PCR3;NEG_PCR4;NEG_PCR5;NEG_PCR6;NEG_PCR7;NEG_PCR8;BlankpcrCES,1524,NS.1524.FLD0094---PE1-CS1-IDT_i5_5.PPO20_072_MiFish,NS.1524.FLD0094.PE1-CS1-IDT_i5_5_PPO20_072_MiFish,FLD0094,5,TCAGCGATAT,GGGGGTTTTT,43745,49.29839,67.64391,"NA",Godbout,32,"NA",sample,NA,F,12,GTCGGTAAAACTCGTGCCAGC,CATAGTGGGGTATCTAATCCCAGTTTG,474,17,168,2,FALSE,168,2,FALSE,Contamination > 10% and low sequencing depth,48,1
4,A07,PPO20_074,PPO,PPO.Leim.MJRoux.2019,MiFishU,ECH,PPO20_073,PPO20_073,PPO20_236,NEG_PCR1;NEG_PCR2;NEG_PCR3;NEG_PCR4;NEG_PCR5;NEG_PCR6;NEG_PCR7;NEG_PCR8;BlankpcrCES,1524,NS.1524.FLD0337---PE1-CS1-IDT_i5_5.PPO20_074_MifishU,NS.1524.FLD0337.PE1-CS1-IDT_i5_5_PPO20_074_MifishU,FLD0337,5,CACGAAGAGC,GGGGGTTTTT,43746,49.2803,68.05069,"NA",St-Pancrace,37,"NA",sample,NA,A,7,GTCGGTAAAACTCGTGCCAGC,CATAGTGGGGTATCTAATCCCAGTTTG,43,5,0,0,FALSE,0,0,FALSE,Contamination > 10% and low sequencing depth,0,0
2,G08,PPO20_075,PPO,PPO.Leim.MJRoux.2019,MiFishU,ECH,PPO20_073,PPO20_073,PPO20_236,NEG_PCR1;NEG_PCR2;NEG_PCR3;NEG_PCR4;NEG_PCR5;NEG_PCR6;NEG_PCR7;NEG_PCR8;BlankpcrCES,1524,NS.1524.FLD0159---PE1-CS1-IDT_i5_5.PPO20_075_MifishU,NS.1524.FLD0159.PE1-CS1-IDT_i5_5_PPO20_075_MifishU,FLD0159,5,GATATATGTC,GGGGGTTTTT,43746,49.28514,68.04388,"NA",St-Pancrace,61,"NA",sample,NA,G,8,GTCGGTAAAACTCGTGCCAGC,CATAGTGGGGTATCTAATCCCAGTTTG,385,15,108,2,FALSE,108,2,TRUE,Low sequencing depth,108,2
2,B04,PPO20_077,PPO,PPO.Leim.MJRoux.2019,MiFishU,ECH,PPO20_076,PPO20_076,PPO20_236,NEG_PCR1;NEG_PCR2;NEG_PCR3;NEG_PCR4;NEG_PCR5;NEG_PCR6;NEG_PCR7;NEG_PCR8;BlankpcrCES,1524,NS.1524.FLD0122---PE1-CS1-IDT_i5_5.PPO20_077_MifishU,NS.1524.FLD0122.PE1-CS1-IDT_i5_5_PPO20_077_MifishU,FLD0122,5,CGCAGAGCAT,GGGGGTTTTT,43747,48.88758,68.65827,"NA",Betsiamides,39,"NA",sample,NA,B,4,GTCGGTAAAACTCGTGCCAGC,CATAGTGGGGTATCTAATCCCAGTTTG,258,15,88,1,FALSE,88,1,FALSE,Contamination > 10% and low sequencing depth,0,0
2,H08,PPO20_078,PPO,PPO.Leim.MJRoux.2019,MiFishU,ECH,PPO20_076,PPO20_076,PPO20_237,NEG_PCR1;NEG_PCR2;NEG_PCR3;NEG_PCR4;NEG_PCR5;NEG_PCR6;NEG_PCR7;NEG_PCR8;BlankpcrCES,1524,NS.1524.FLD0160---PE1-CS1-IDT_i5_5.PPO20_078_MifishU,NS.1524.FLD0160.PE1-CS1-IDT_i5_5_PPO20_078_MifishU,FLD0160,5,TAGTACTAGA,GGGGGTTTTT,43747,48.87516,68.74248,"NA",Betsiamides,12,"NA",sample,NA,H,8,GTCGGTAAAACTCGTGCCAGC,CATAGTGGGGTATCTAATCCCAGTTTG,45,5,0,0,FALSE,0,0,FALSE,Contamination > 10% and low sequencing depth,0,0
