"","X","Df","Variance","F","Pr..F.","R2","adj.R2","model","transfo","locus","project"
"1","Complete_model",3,0.117349103538182,4.66959427229874,0.001,0.15225484337484,0.119649260427719,"Complete","Hellinger","COI","BDA"
"2","Residual",78,0.653392246536817,NA,NA,NA,NA,"Complete","Hellinger","COI","BDA"
"3","Longitude",1,0.0179868230831489,2.14721280811305,0.004,0.0233370417733501,0.0127841727097352,"pRDA","Hellinger","COI","BDA"
"4","Latitude",1,0.0116147369783258,1.38653234578652,0.097,0.0150695651364691,0.00430739286685722,"pRDA","Hellinger","COI","BDA"
"5","Depth_m",1,0.0578381858894493,6.90454856678934,0.001,0.0750422770022922,0.0657984012356126,"pRDA","Hellinger","COI","BDA"
"6","Residual1",78,0.653392246536817,NA,NA,NA,NA,"pRDA","Hellinger","COI","BDA"
"7","Complete_model",3,17.9350696663427,7.73856551880041,0.001,0.229368540120302,0.199728868586468,"Complete","Hellinger-Mahalanobis","COI","BDA"
"8","Residual",78,60.2581719043447,NA,NA,NA,NA,"Complete","Hellinger-Mahalanobis","COI","BDA"
"9","Longitude",1,1.07255860097784,1.38835228869995,0.207,0.0137167686034387,0.00393401424639239,"pRDA","Hellinger-Mahalanobis","COI","BDA"
"10","Latitude",1,0.632816454775288,0.819136756269792,0.474,0.00809298146570992,-0.00183214724925362,"pRDA","Hellinger-Mahalanobis","COI","BDA"
"11","Depth_m",1,9.07846869531623,11.751444424148,0.001,0.116102984259954,0.108912285995477,"pRDA","Hellinger-Mahalanobis","COI","BDA"
"12","Residual1",78,60.2581719043447,NA,NA,NA,NA,"pRDA","Hellinger-Mahalanobis","COI","BDA"
"13","Complete_model",5,0.212942823367908,2.5743764866759,0.001,0.380016742756957,0.232401681508614,"Complete","Hellinger","COI","PPO.Leim.VRoy.2019"
"14","Residual",21,0.347408338591546,NA,NA,NA,NA,"Complete","Hellinger","COI","PPO.Leim.VRoy.2019"
"15","Longitude",1,0.0271380851126661,1.64043209117104,0.048,0.0484304967223921,0.0223452089223096,"pRDA","Hellinger","COI","PPO.Leim.VRoy.2019"
"16","Latitude",1,0.0221963905617048,1.34171851972681,0.12,0.0396115722935018,0.0119228436881664,"pRDA","Hellinger","COI","PPO.Leim.VRoy.2019"
"17","Depth_m",1,0.0309133643415554,1.86863865675923,0.018,0.055167841953707,0.0303075260138636,"pRDA","Hellinger","COI","PPO.Leim.VRoy.2019"
"18","Temperature",1,0.0221651393390674,1.33982945834721,0.134,0.0395558015112511,0.0118569327636882,"pRDA","Hellinger","COI","PPO.Leim.VRoy.2019"
"19","Salinity",1,0.0212139383093904,1.28233163977383,0.16,0.0378582927091799,0.00985078599760403,"pRDA","Hellinger","COI","PPO.Leim.VRoy.2019"
"20","Residual1",21,0.347408338591546,NA,NA,NA,NA,"pRDA","Hellinger","COI","PPO.Leim.VRoy.2019"
"21","Complete_model",5,6.63798128058877,0.922113077437044,0.493,0.18002591186418,-0.0152060138824441,"Complete","Hellinger-Mahalanobis","COI","PPO.Leim.VRoy.2019"
"22","Residual",21,30.234384546375,NA,NA,NA,NA,"Complete","Hellinger-Mahalanobis","COI","PPO.Leim.VRoy.2019"
"23","Longitude",1,0.738177679415521,0.512718598387497,0.766,0.0200198078658592,-0.0224859549713683,"pRDA","Hellinger-Mahalanobis","COI","PPO.Leim.VRoy.2019"
"24","Latitude",1,0.693015456089306,0.481350118291736,0.793,0.0187949821104909,-0.0239334763186217,"pRDA","Hellinger-Mahalanobis","COI","PPO.Leim.VRoy.2019"
"25","Depth_m",1,1.86290363889795,1.2939233592419,0.252,0.050523029838666,0.0135633073601307,"pRDA","Hellinger-Mahalanobis","COI","PPO.Leim.VRoy.2019"
"26","Temperature",1,1.89445518148926,1.31583822221525,0.225,0.0513787260188185,0.0145745846639473,"pRDA","Hellinger-Mahalanobis","COI","PPO.Leim.VRoy.2019"
"27","Salinity",1,2.13943905966543,1.48599751332993,0.186,0.0580228312364179,0.0224267090120194,"pRDA","Hellinger-Mahalanobis","COI","PPO.Leim.VRoy.2019"
"28","Residual1",21,30.234384546375,NA,NA,NA,NA,"pRDA","Hellinger-Mahalanobis","COI","PPO.Leim.VRoy.2019"
"29","Complete_model",5,0.0294298886306162,1.70111599311164,0.001,0.226781720836445,0.093468224428936,"Complete","Hellinger","COI","Godbout_Fall"
"30","Residual",29,0.100341984173193,NA,NA,NA,NA,"Complete","Hellinger","COI","Godbout_Fall"
"31","Longitude",1,0.00514953178368742,1.48827455384155,0.051,0.00449599482198521,0.000159320110635131,"pRDA","Hellinger","COI","Godbout_Fall"
"32","Latitude",1,0.00367404965325774,1.06184306422096,0.36,0.00642931569102691,0.0021397951472143,"pRDA","Hellinger","COI","Godbout_Fall"
"33","Depth_m",1,0.00335307465847898,0.96907755908088,0.495,0.00917494965208398,0.00495239579024853,"pRDA","Hellinger","COI","Godbout_Fall"
"34","Temperature",1,0.00455010598753823,1.31503352984184,0.122,0.168874223006204,0.168546773372518,"pRDA","Hellinger","COI","Godbout_Fall"
"35","Salinity",1,0.00712576157601506,2.05942793943319,0.004,0.0801826926396714,0.0776920349482648,"pRDA","Hellinger","COI","Godbout_Fall"
"36","Residual1",29,0.100341984173193,NA,NA,NA,NA,"pRDA","Hellinger","COI","Godbout_Fall"
"37","Complete_model",5,2.67716367798123,1.70093811335791,0.025,0.226763384479712,0.093446726631387,"Complete","Hellinger-Mahalanobis","COI","Godbout_Fall"
"38","Residual",29,9.12881498177346,NA,NA,NA,NA,"Complete","Hellinger-Mahalanobis","COI","Godbout_Fall"
"39","Longitude",1,0.954043085720516,3.03076024008979,0.022,0.00902812157253457,0.00391563087603541,"pRDA","Hellinger-Mahalanobis","COI","Godbout_Fall"
"40","Latitude",1,0.367072037712656,1.1660975838508,0.277,0.0010396300662839,-0.00426770188646508,"pRDA","Hellinger-Mahalanobis","COI","Godbout_Fall"
"41","Depth_m",1,0.278726492124777,0.885445513766809,0.457,0.00181327753976709,-0.00347518496240939,"pRDA","Hellinger-Mahalanobis","COI","Godbout_Fall"
"42","Temperature",1,0.909424791279406,2.88901889234907,0.024,0.0643865213222167,0.0606242354976608,"pRDA","Hellinger-Mahalanobis","COI","Godbout_Fall"
"43","Salinity",1,0.529749500280449,1.68288387252959,0.121,0.0786394597311549,0.0752248065507195,"pRDA","Hellinger-Mahalanobis","COI","Godbout_Fall"
"44","Residual1",29,9.12881498177346,NA,NA,NA,NA,"pRDA","Hellinger-Mahalanobis","COI","Godbout_Fall"
"45","Complete_model",5,0.211267851384149,6.06395702186806,0.001,0.335693725052993,0.280334868807409,"Complete","Hellinger","COI","Godbout_Spring"
"46","Residual",60,0.418079186159664,NA,NA,NA,NA,"Complete","Hellinger","COI","Godbout_Spring"
"47","Longitude",1,0.00543555504499577,0.780075434262818,0.599,0.00449599482198521,0.000159320110635131,"pRDA","Hellinger","COI","Godbout_Spring"
"48","Latitude",1,0.0334244374886772,4.79685742727872,0.002,0.00642931569102691,0.0021397951472143,"pRDA","Hellinger","COI","Godbout_Spring"
"49","Depth_m",1,0.0338407609252134,4.85660545353572,0.002,0.00917494965208398,0.00495239579024853,"pRDA","Hellinger","COI","Godbout_Spring"
"50","Temperature",1,0.0214137814803809,3.0731663554573,0.008,0.168874223006204,0.168546773372518,"pRDA","Hellinger","COI","Godbout_Spring"
"51","Salinity",1,0.0282833142228172,4.05903692302191,0.001,0.0801826926396714,0.0776920349482648,"pRDA","Hellinger","COI","Godbout_Spring"
"52","Residual1",60,0.418079186159664,NA,NA,NA,NA,"pRDA","Hellinger","COI","Godbout_Spring"
"53","Complete_model",5,42.3804511682289,3.49553762549047,0.001,0.225583500874486,0.161048792614027,"Complete","Hellinger-Mahalanobis","COI","Godbout_Spring"
"54","Residual",60,145.489898409372,NA,NA,NA,NA,"Complete","Hellinger-Mahalanobis","COI","Godbout_Spring"
"55","Longitude",1,1.69748764190157,0.700043505615187,0.531,0.00902812157253457,0.00391563087603541,"pRDA","Hellinger-Mahalanobis","COI","Godbout_Spring"
"56","Latitude",1,6.880757343623,2.83762271560418,0.053,0.0010396300662839,-0.00426770188646508,"pRDA","Hellinger-Mahalanobis","COI","Godbout_Spring"
"57","Depth_m",1,7.23968160737388,2.98564299784026,0.04,0.00181327753976709,-0.00347518496240939,"pRDA","Hellinger-Mahalanobis","COI","Godbout_Spring"
"58","Temperature",1,5.46039814084136,2.25186691332088,0.078,0.0643865213222167,0.0606242354976608,"pRDA","Hellinger-Mahalanobis","COI","Godbout_Spring"
"59","Salinity",1,6.93971669347579,2.86193753766292,0.041,0.0786394597311549,0.0752248065507195,"pRDA","Hellinger-Mahalanobis","COI","Godbout_Spring"
"60","Residual1",60,145.489898409372,NA,NA,NA,NA,"pRDA","Hellinger-Mahalanobis","COI","Godbout_Spring"
"61","Complete_model",5,0.169207926301728,6.78959482229293,0.001,0.353816476333587,0.30170490184436,"Complete","Hellinger","COI","Godbout_Summer"
"62","Residual",62,0.309028497437325,NA,NA,NA,NA,"Complete","Hellinger","COI","Godbout_Summer"
"63","Longitude",1,0.00498579759826795,1.0002943212553,0.389,0.00449599482198521,0.000159320110635131,"pRDA","Hellinger","COI","Godbout_Summer"
"64","Latitude",1,0.00674868644896182,1.35398050116881,0.201,0.00642931569102691,0.0021397951472143,"pRDA","Hellinger","COI","Godbout_Summer"
"65","Depth_m",1,0.0100682055105834,2.0199714486939,0.055,0.00917494965208398,0.00495239579024853,"pRDA","Hellinger","COI","Godbout_Summer"
"66","Temperature",1,0.00692288532940016,1.38892980415135,0.17,0.168874223006204,0.168546773372518,"pRDA","Hellinger","COI","Godbout_Summer"
"67","Salinity",1,0.00743745477831237,1.4921672275512,0.135,0.0801826926396714,0.0776920349482648,"pRDA","Hellinger","COI","Godbout_Summer"
"68","Residual1",62,0.309028497437325,NA,NA,NA,NA,"pRDA","Hellinger","COI","Godbout_Summer"
"69","Complete_model",5,48.9933697789667,6.23132839668475,0.001,0.334454325295796,0.280781287013199,"Complete","Hellinger-Mahalanobis","COI","Godbout_Summer"
"70","Residual",62,97.4941050422579,NA,NA,NA,NA,"Complete","Hellinger-Mahalanobis","COI","Godbout_Summer"
"71","Longitude",1,3.03817963150325,1.93208745361123,0.131,0.00902812157253457,0.00391563087603541,"pRDA","Hellinger-Mahalanobis","COI","Godbout_Summer"
"72","Latitude",1,2.87844080340078,1.83050380054769,0.142,0.0010396300662839,-0.00426770188646508,"pRDA","Hellinger-Mahalanobis","COI","Godbout_Summer"
"73","Depth_m",1,4.56277597564173,2.90163297942137,0.05,0.00181327753976709,-0.00347518496240939,"pRDA","Hellinger-Mahalanobis","COI","Godbout_Summer"
"74","Temperature",1,1.79595123156633,1.14210983637267,0.291,0.0643865213222167,0.0606242354976608,"pRDA","Hellinger-Mahalanobis","COI","Godbout_Summer"
"75","Salinity",1,0.51631544043525,0.328343516698885,0.825,0.0786394597311549,0.0752248065507195,"pRDA","Hellinger-Mahalanobis","COI","Godbout_Summer"
"76","Residual1",62,97.4941050422579,NA,NA,NA,NA,"pRDA","Hellinger-Mahalanobis","COI","Godbout_Summer"
"77","Complete_model",3,0.0971053807839111,3.55544925272304,0.001,0.157631497953595,0.113296313635364,"Complete","Hellinger","MiFishU","BDA"
"78","Residual",57,0.518922393135344,NA,NA,NA,NA,"Complete","Hellinger","MiFishU","BDA"
"79","Longitude",1,0.0361706253486355,3.97309052788263,0.004,0.0587159002888992,0.0454525919132641,"pRDA","Hellinger","MiFishU","BDA"
"80","Latitude",1,0.0113606789564702,1.24789122436253,0.251,0.0184418291470721,0.00378975969758089,"pRDA","Hellinger","MiFishU","BDA"
"81","Depth_m",1,0.0164479752405475,1.80669518431571,0.091,0.0267000546678323,0.0123327516156088,"pRDA","Hellinger","MiFishU","BDA"
"82","Residual1",57,0.518922393135344,NA,NA,NA,NA,"pRDA","Hellinger","MiFishU","BDA"
"83","Complete_model",3,3606.40630407478,5.70265239519644,0.002,0.23085181904404,0.190370335835832,"Complete","Hellinger-Mahalanobis","MiFishU","BDA"
"84","Residual",57,12015.7630219824,NA,NA,NA,NA,"Complete","Hellinger-Mahalanobis","MiFishU","BDA"
"85","Longitude",1,765.44819308118,3.63110914602815,0.048,0.0489975602590316,0.0367279991616849,"pRDA","Hellinger-Mahalanobis","MiFishU","BDA"
"86","Latitude",1,105.197954875954,0.499034761001808,0.512,0.00673387948732408,-0.00699304991249505,"pRDA","Hellinger-Mahalanobis","MiFishU","BDA"
"87","Depth_m",1,735.8991353565,3.49093525218343,0.059,0.0471060783750154,0.0347712937644269,"pRDA","Hellinger-Mahalanobis","MiFishU","BDA"
"88","Residual1",57,12015.7630219824,NA,NA,NA,NA,"pRDA","Hellinger-Mahalanobis","MiFishU","BDA"
"89","Complete_model",5,0.206612166471968,1.19210579050731,0.159,0.284369204900969,0.0458256065346255,"Complete","Hellinger","MiFishU","PPO.Leim.VRoy.2019"
"90","Residual",15,0.519950917403165,NA,NA,NA,NA,"Complete","Hellinger","MiFishU","PPO.Leim.VRoy.2019"
"91","Longitude",1,0.0481523092233328,1.38914004028949,0.164,0.066274092769084,0.0232067163697691,"pRDA","Hellinger","MiFishU","PPO.Leim.VRoy.2019"
"92","Latitude",1,0.0466356942380646,1.34538740130456,0.182,0.0641867103807863,0.020597488384397,"pRDA","Hellinger","MiFishU","PPO.Leim.VRoy.2019"
"93","Depth_m",1,0.0437843974285658,1.26313069069794,0.206,0.0602623480332095,0.015692035449926,"pRDA","Hellinger","MiFishU","PPO.Leim.VRoy.2019"
"94","Temperature",1,0.0129899557412071,0.374745633859555,0.984,0.0178786343945868,-0.0372876065983526,"pRDA","Hellinger","MiFishU","PPO.Leim.VRoy.2019"
"95","Salinity",1,0.0193396188793955,0.557926283964984,0.894,0.0266179486800333,-0.0263634637415443,"pRDA","Hellinger","MiFishU","PPO.Leim.VRoy.2019"
"96","Residual1",15,0.519950917403165,NA,NA,NA,NA,"pRDA","Hellinger","MiFishU","PPO.Leim.VRoy.2019"
"97","Complete_model",5,4677.60417829713,0.98113243953045,0.443,0.246445566539898,-0.00473924461346886,"Complete","Hellinger-Mahalanobis","MiFishU","PPO.Leim.VRoy.2019"
"98","Residual",15,14302.6690072619,NA,NA,NA,NA,"Complete","Hellinger-Mahalanobis","MiFishU","PPO.Leim.VRoy.2019"
"99","Longitude",1,482.103341223727,0.505608436766889,0.658,0.0254002319413664,-0.0310459128616339,"pRDA","Hellinger-Mahalanobis","MiFishU","PPO.Leim.VRoy.2019"
"100","Latitude",1,437.457293788762,0.458785657662902,0.671,0.0230479977559854,-0.03398620559336,"pRDA","Hellinger-Mahalanobis","MiFishU","PPO.Leim.VRoy.2019"
"101","Depth_m",1,473.048188391227,0.496111797194336,0.646,0.0249231496178428,-0.031642265766038,"pRDA","Hellinger-Mahalanobis","MiFishU","PPO.Leim.VRoy.2019"
"102","Temperature",1,50.8902235047772,0.0533713918838562,0.999,0.00268121659826734,-0.0594446820405077,"pRDA","Hellinger-Mahalanobis","MiFishU","PPO.Leim.VRoy.2019"
"103","Salinity",1,52.1135490011438,0.054654360988167,0.995,0.00274566906870326,-0.0593641164524629,"pRDA","Hellinger-Mahalanobis","MiFishU","PPO.Leim.VRoy.2019"
"104","Residual1",15,14302.6690072619,NA,NA,NA,NA,"pRDA","Hellinger-Mahalanobis","MiFishU","PPO.Leim.VRoy.2019"
"105","Complete_model",5,0.254173193931777,3.00478168210893,0.005,0.441569152763428,0.294613666648541,"Complete","Hellinger","MiFishU","Godbout_Fall"
"106","Residual",19,0.321440370424135,NA,NA,NA,NA,"Complete","Hellinger","MiFishU","Godbout_Fall"
"107","Longitude",1,0.0733971438422452,4.33842746996147,0.008,0.00462424565189183,-0.000392690734318135,"pRDA","Hellinger","MiFishU","Godbout_Fall"
"108","Latitude",1,0.136011984533198,8.03952441543329,0.001,0.0122460285859288,0.0074073795198133,"pRDA","Hellinger","MiFishU","Godbout_Fall"
"109","Depth_m",1,0.122552254869693,7.24393404428869,0.001,0.0132148372996522,0.00839885042567079,"pRDA","Hellinger","MiFishU","Godbout_Fall"
"110","Temperature",1,0.0477042223264694,2.81974607920893,0.047,0.0323670694962412,0.0279990880537586,"pRDA","Hellinger","MiFishU","Godbout_Fall"
"111","Salinity",1,0.0464719586214339,2.74690827615145,0.036,0.0275966767713893,0.0231171071949922,"pRDA","Hellinger","MiFishU","Godbout_Fall"
"112","Residual1",19,0.321440370424135,NA,NA,NA,NA,"pRDA","Hellinger","MiFishU","Godbout_Fall"
"113","Complete_model",5,824.6882727924,1.78549931608927,0.152,0.319666911594826,0.140631888330306,"Complete","Hellinger-Mahalanobis","MiFishU","Godbout_Fall"
"114","Residual",19,1755.14793445848,NA,NA,NA,NA,"Complete","Hellinger-Mahalanobis","MiFishU","Godbout_Fall"
"115","Longitude",1,308.002244148486,3.33421617855065,0.056,0.00166319120902136,-0.00257070156183647,"pRDA","Hellinger-Mahalanobis","MiFishU","Godbout_Fall"
"116","Latitude",1,302.083815545189,3.27014742328795,0.057,0.0070500730934969,0.0029421892556093,"pRDA","Hellinger-Mahalanobis","MiFishU","Godbout_Fall"
"117","Depth_m",1,317.388225842363,3.43582223048649,0.054,0.0195276425539134,0.0157116316858601,"pRDA","Hellinger-Mahalanobis","MiFishU","Godbout_Fall"
"118","Temperature",1,251.690605234851,2.72462588798111,0.094,0.0210573313327956,0.0172771026584003,"pRDA","Hellinger-Mahalanobis","MiFishU","Godbout_Fall"
"119","Salinity",1,116.768053669077,1.26404901612864,0.268,0.0192439664534101,0.0154213198870993,"pRDA","Hellinger-Mahalanobis","MiFishU","Godbout_Fall"
"120","Residual1",19,1755.14793445848,NA,NA,NA,NA,"pRDA","Hellinger-Mahalanobis","MiFishU","Godbout_Fall"
"121","Complete_model",5,0.103557584762219,2.44837957715129,0.001,0.164892038517042,0.0975446222684165,"Complete","Hellinger","MiFishU","Godbout_Spring"
"122","Residual",62,0.524475070383324,NA,NA,NA,NA,"Complete","Hellinger","MiFishU","Godbout_Spring"
"123","Longitude",1,0.0121302520509835,1.4339587706453,0.178,0.00462424565189183,-0.000392690734318135,"pRDA","Hellinger","MiFishU","Godbout_Spring"
"124","Latitude",1,0.00581372223120358,0.687260079056148,0.702,0.0122460285859288,0.0074073795198133,"pRDA","Hellinger","MiFishU","Godbout_Spring"
"125","Depth_m",1,0.00868243259393353,1.02638018701336,0.388,0.0132148372996522,0.00839885042567079,"pRDA","Hellinger","MiFishU","Godbout_Spring"
"126","Temperature",1,0.00761923107943796,0.90069548316166,0.507,0.0323670694962412,0.0279990880537586,"pRDA","Hellinger","MiFishU","Godbout_Spring"
"127","Salinity",1,0.00555179938987316,0.656297280098674,0.738,0.0275966767713893,0.0231171071949922,"pRDA","Hellinger","MiFishU","Godbout_Spring"
"128","Residual1",62,0.524475070383324,NA,NA,NA,NA,"pRDA","Hellinger","MiFishU","Godbout_Spring"
"129","Complete_model",5,8217.6844360159,7.29926346188448,0.001,0.370534838273355,0.31977151877927,"Complete","Hellinger-Mahalanobis","MiFishU","Godbout_Spring"
"130","Residual",62,13960.2149639752,NA,NA,NA,NA,"Complete","Hellinger-Mahalanobis","MiFishU","Godbout_Spring"
"131","Longitude",1,214.189293089732,0.951255851420066,0.339,0.00166319120902136,-0.00257070156183647,"pRDA","Hellinger-Mahalanobis","MiFishU","Godbout_Spring"
"132","Latitude",1,156.92462213806,0.696932432463723,0.412,0.0070500730934969,0.0029421892556093,"pRDA","Hellinger-Mahalanobis","MiFishU","Godbout_Spring"
"133","Depth_m",1,354.054013965531,1.57242198078677,0.191,0.0195276425539134,0.0157116316858601,"pRDA","Hellinger-Mahalanobis","MiFishU","Godbout_Spring"
"134","Temperature",1,463.683094546903,2.05930581556903,0.133,0.0210573313327956,0.0172771026584003,"pRDA","Hellinger-Mahalanobis","MiFishU","Godbout_Spring"
"135","Salinity",1,225.820971649649,1.00291437333938,0.308,0.0192439664534101,0.0154213198870993,"pRDA","Hellinger-Mahalanobis","MiFishU","Godbout_Spring"
"136","Residual1",62,13960.2149639752,NA,NA,NA,NA,"pRDA","Hellinger-Mahalanobis","MiFishU","Godbout_Spring"
"137","Complete_model",5,0.0865629930340254,3.23448364623344,0.001,0.173575165777936,0.119911215503776,"Complete","Hellinger","MiFishU","Godbout_Summer"
"138","Residual",77,0.412143092538542,NA,NA,NA,NA,"Complete","Hellinger","MiFishU","Godbout_Summer"
"139","Longitude",1,0.00453266220363424,0.846829647271592,0.602,0.00462424565189183,-0.000392690734318135,"pRDA","Hellinger","MiFishU","Godbout_Summer"
"140","Latitude",1,0.0114876541198595,2.14621907595469,0.021,0.0122460285859288,0.0074073795198133,"pRDA","Hellinger","MiFishU","Godbout_Summer"
"141","Depth_m",1,0.00909102197290512,1.69846032746074,0.055,0.0132148372996522,0.00839885042567079,"pRDA","Hellinger","MiFishU","Godbout_Summer"
"142","Temperature",1,0.00430707846398692,0.804684217037991,0.666,0.0323670694962412,0.0279990880537586,"pRDA","Hellinger","MiFishU","Godbout_Summer"
"143","Salinity",1,0.00531490478638885,0.99297471184397,0.455,0.0275966767713893,0.0231171071949922,"pRDA","Hellinger","MiFishU","Godbout_Summer"
"144","Residual1",77,0.412143092538542,NA,NA,NA,NA,"pRDA","Hellinger","MiFishU","Godbout_Summer"
"145","Complete_model",5,3311.4421891671,6.44789270523709,0.001,0.295126524552114,0.249355519652901,"Complete","Hellinger-Mahalanobis","MiFishU","Godbout_Summer"
"146","Residual",77,7908.97306212205,NA,NA,NA,NA,"Complete","Hellinger-Mahalanobis","MiFishU","Godbout_Summer"
"147","Longitude",1,25.99245898749,0.253056790852152,0.766,0.00166319120902136,-0.00257070156183647,"pRDA","Hellinger-Mahalanobis","MiFishU","Godbout_Summer"
"148","Latitude",1,84.5551106052881,0.823209722105222,0.365,0.0070500730934969,0.0029421892556093,"pRDA","Hellinger-Mahalanobis","MiFishU","Godbout_Summer"
"149","Depth_m",1,88.1448596309392,0.858158718998249,0.366,0.0195276425539134,0.0157116316858601,"pRDA","Hellinger-Mahalanobis","MiFishU","Godbout_Summer"
"150","Temperature",1,118.333351329742,1.15206714965665,0.253,0.0210573313327956,0.0172771026584003,"pRDA","Hellinger-Mahalanobis","MiFishU","Godbout_Summer"
"151","Salinity",1,241.412123341694,2.35033465802738,0.098,0.0192439664534101,0.0154213198870993,"pRDA","Hellinger-Mahalanobis","MiFishU","Godbout_Summer"
"152","Residual1",77,7908.97306212205,NA,NA,NA,NA,"pRDA","Hellinger-Mahalanobis","MiFishU","Godbout_Summer"
"153","Complete_model",3,0.0654216457796558,3.50038560633787,0.001,0.118655588203086,0.0847577262108971,"Complete","Hellinger","16Schord","BDA"
"154","Residual",78,0.485935831524176,NA,NA,NA,NA,"Complete","Hellinger","16Schord","BDA"
"155","Longitude",1,0.0139087105163443,2.23255695483917,0.037,0.0252263025149463,0.0142795978471082,"pRDA","Hellinger","16Schord","BDA"
"156","Latitude",1,0.00801721151032392,1.28688287061242,0.22,0.0145408593160434,0.00332363709886596,"pRDA","Hellinger","16Schord","BDA"
"157","Depth_m",1,0.00818456752227975,1.3137460243165,0.18,0.0148443938083554,0.00363485600870495,"pRDA","Hellinger","16Schord","BDA"
"158","Residual1",78,0.485935831524176,NA,NA,NA,NA,"pRDA","Hellinger","16Schord","BDA"
"159","Complete_model",3,15550.6556347558,4.50170399549455,0.002,0.147588605283688,0.114803551640753,"Complete","Hellinger-Mahalanobis","16Schord","BDA"
"160","Residual",78,89814.2229938496,NA,NA,NA,NA,"Complete","Hellinger-Mahalanobis","16Schord","BDA"
"161","Longitude",1,2862.86569225109,2.48628242334041,0.104,0.027170965502662,0.0166538197133718,"pRDA","Hellinger-Mahalanobis","16Schord","BDA"
"162","Latitude",1,1401.36747728099,1.21703066156239,0.295,0.0133001413334157,0.00243183543857495,"pRDA","Hellinger-Mahalanobis","16Schord","BDA"
"163","Depth_m",1,574.24120126538,0.498705129384317,0.566,0.00545002274263195,-0.00561702033172229,"pRDA","Hellinger-Mahalanobis","16Schord","BDA"
"164","Residual1",78,89814.2229938496,NA,NA,NA,NA,"pRDA","Hellinger-Mahalanobis","16Schord","BDA"
"165","Complete_model",5,0.202042289212671,2.33073168452788,0.001,0.346282067651813,0.197709810299952,"Complete","Hellinger","16Schord","PPO.Leim.VRoy.2019"
"166","Residual",22,0.381419310698488,NA,NA,NA,NA,"Complete","Hellinger","16Schord","PPO.Leim.VRoy.2019"
"167","Longitude",1,0.0511509731855417,2.9503524822095,0.006,0.0876681056531053,0.068032550562339,"pRDA","Hellinger","16Schord","PPO.Leim.VRoy.2019"
"168","Latitude",1,0.0516243630580761,2.97765728011468,0.004,0.0884794527453678,0.068985001496734,"pRDA","Hellinger","16Schord","PPO.Leim.VRoy.2019"
"169","Depth_m",1,0.0423574068083376,2.44314570249975,0.009,0.0725967344119772,0.0503400712792756,"pRDA","Hellinger","16Schord","PPO.Leim.VRoy.2019"
"170","Temperature",1,0.0259935297573961,1.4992886794732,0.127,0.044550540706285,0.0174162786682454,"pRDA","Hellinger","16Schord","PPO.Leim.VRoy.2019"
"171","Salinity",1,0.0254826022898645,1.46981873925148,0.12,0.0436748575977314,0.016388302845161,"pRDA","Hellinger","16Schord","PPO.Leim.VRoy.2019"
"172","Residual1",22,0.381419310698488,NA,NA,NA,NA,"pRDA","Hellinger","16Schord","PPO.Leim.VRoy.2019"
"173","Complete_model",5,11906.5045469243,2.43010319476611,0.036,0.35579304228204,0.209382370073413,"Complete","Hellinger-Mahalanobis","16Schord","PPO.Leim.VRoy.2019"
"174","Residual",22,21558.1873721658,NA,NA,NA,NA,"Complete","Hellinger-Mahalanobis","16Schord","PPO.Leim.VRoy.2019"
"175","Longitude",1,1618.97830751017,1.6521575840467,0.186,0.0483787004949718,0.0224177079755501,"pRDA","Hellinger-Mahalanobis","16Schord","PPO.Leim.VRoy.2019"
"176","Latitude",1,1574.24724975775,1.60650980978978,0.201,0.0470420362322155,0.0208485803627491,"pRDA","Hellinger-Mahalanobis","16Schord","PPO.Leim.VRoy.2019"
"177","Depth_m",1,2568.24187400012,2.62087532001658,0.084,0.0767448234757269,0.0557170697355669,"pRDA","Hellinger-Mahalanobis","16Schord","PPO.Leim.VRoy.2019"
"178","Temperature",1,1127.9057542899,1.15102100960563,0.295,0.0337043519485219,0.00519129881232605,"pRDA","Hellinger-Mahalanobis","16Schord","PPO.Leim.VRoy.2019"
"179","Salinity",1,1038.91436056066,1.06020582982058,0.327,0.0310450896447072,0.00206955610784809,"pRDA","Hellinger-Mahalanobis","16Schord","PPO.Leim.VRoy.2019"
"180","Residual1",22,21558.1873721658,NA,NA,NA,NA,"pRDA","Hellinger-Mahalanobis","16Schord","PPO.Leim.VRoy.2019"
"181","Complete_model",5,0.0705055250965675,1.24571104976014,0.056,0.176804163690839,0.0348738470858111,"Complete","Hellinger","16Schord","Godbout_Fall"
"182","Residual",29,0.328271990233072,NA,NA,NA,NA,"Complete","Hellinger","16Schord","Godbout_Fall"
"183","Longitude",1,0.00789960057270389,0.697861600819981,0.889,0.00777302350031394,0.00293996321134504,"pRDA","Hellinger","16Schord","Godbout_Fall"
"184","Latitude",1,0.0118112426554362,1.04342145293742,0.372,0.00799252523931555,0.00316454013506362,"pRDA","Hellinger","16Schord","Godbout_Fall"
"185","Depth_m",1,0.013309198983357,1.17575297923931,0.225,0.00994140640537026,0.00515848213732761,"pRDA","Hellinger","16Schord","Godbout_Fall"
"186","Temperature",1,0.0109595621024243,0.96818281920626,0.488,0.0489354694013735,0.0450541419656085,"pRDA","Hellinger","16Schord","Godbout_Fall"
"187","Salinity",1,0.0108467192848029,0.958214129191929,0.503,0.0463749296937037,0.0424343990277037,"pRDA","Hellinger","16Schord","Godbout_Fall"
"188","Residual1",29,0.328271990233072,NA,NA,NA,NA,"pRDA","Hellinger","16Schord","Godbout_Fall"
"189","Complete_model",5,9827.49646042244,0.893610559356882,0.523,0.133502024271149,-0.0158941784407218,"Complete","Hellinger-Mahalanobis","16Schord","Godbout_Fall"
"190","Residual",29,63785.5930344778,NA,NA,NA,NA,"Complete","Hellinger-Mahalanobis","16Schord","Godbout_Fall"
"191","Longitude",1,1202.82776359474,0.546863382227907,0.568,0.00195924746113303,-0.00283917935819022,"pRDA","Hellinger-Mahalanobis","16Schord","Godbout_Fall"
"192","Latitude",1,2029.47325932862,0.922696203337285,0.342,0.0034380119566079,-0.00132622377611469,"pRDA","Hellinger-Mahalanobis","16Schord","Godbout_Fall"
"193","Depth_m",1,1807.83788851521,0.821930098519309,0.385,0.00704382098832525,0.00236295656269414,"pRDA","Hellinger-Mahalanobis","16Schord","Godbout_Fall"
"194","Temperature",1,1263.41678890323,0.574410068718638,0.557,0.0355742233378415,0.0315530213942804,"pRDA","Hellinger-Mahalanobis","16Schord","Godbout_Fall"
"195","Salinity",1,2818.97342976148,1.28164097210627,0.25,0.0637978175185404,0.0604291842265562,"pRDA","Hellinger-Mahalanobis","16Schord","Godbout_Fall"
"196","Residual1",29,63785.5930344778,NA,NA,NA,NA,"pRDA","Hellinger-Mahalanobis","16Schord","Godbout_Fall"
"197","Complete_model",5,0.128854197810978,3.27103065763366,0.001,0.217040939796433,0.150688477067317,"Complete","Hellinger","16Schord","Godbout_Spring"
"198","Residual",59,0.464831942379131,NA,NA,NA,NA,"Complete","Hellinger","16Schord","Godbout_Spring"
"199","Longitude",1,0.0113444372566005,1.43992212478701,0.078,0.00777302350031394,0.00293996321134504,"pRDA","Hellinger","16Schord","Godbout_Spring"
"200","Latitude",1,0.0108640290860128,1.37894507161893,0.098,0.00799252523931555,0.00316454013506362,"pRDA","Hellinger","16Schord","Godbout_Spring"
"201","Depth_m",1,0.0103180633192231,1.30964695050504,0.123,0.00994140640537026,0.00515848213732761,"pRDA","Hellinger","16Schord","Godbout_Spring"
"202","Temperature",1,0.0102601909631336,1.30230135159503,0.141,0.0489354694013735,0.0450541419656085,"pRDA","Hellinger","16Schord","Godbout_Spring"
"203","Salinity",1,0.011283118108105,1.43213903281032,0.099,0.0463749296937037,0.0424343990277037,"pRDA","Hellinger","16Schord","Godbout_Spring"
"204","Residual1",59,0.464831942379131,NA,NA,NA,NA,"pRDA","Hellinger","16Schord","Godbout_Spring"
"205","Complete_model",5,24265.5709734062,5.43973878731296,0.001,0.315534872913282,0.257529353668644,"Complete","Hellinger-Mahalanobis","16Schord","Godbout_Spring"
"206","Residual",59,52637.4057066869,NA,NA,NA,NA,"Complete","Hellinger-Mahalanobis","16Schord","Godbout_Spring"
"207","Longitude",1,557.692398569314,0.625103974518438,0.498,0.00195924746113303,-0.00283917935819022,"pRDA","Hellinger-Mahalanobis","16Schord","Godbout_Spring"
"208","Latitude",1,249.006886344549,0.279105820225901,0.814,0.0034380119566079,-0.00132622377611469,"pRDA","Hellinger-Mahalanobis","16Schord","Godbout_Spring"
"209","Depth_m",1,273.839858489737,0.30694050046699,0.775,0.00704382098832525,0.00236295656269414,"pRDA","Hellinger-Mahalanobis","16Schord","Godbout_Spring"
"210","Temperature",1,230.877022864799,0.258784493007274,0.833,0.0355742233378415,0.0315530213942804,"pRDA","Hellinger-Mahalanobis","16Schord","Godbout_Spring"
"211","Salinity",1,735.046470549561,0.823895881268989,0.412,0.0637978175185404,0.0604291842265562,"pRDA","Hellinger-Mahalanobis","16Schord","Godbout_Spring"
"212","Residual1",59,52637.4057066869,NA,NA,NA,NA,"pRDA","Hellinger-Mahalanobis","16Schord","Godbout_Spring"
"213","Complete_model",5,0.0833164674210212,2.98945203169323,0.001,0.171911801835089,0.114405676962525,"Complete","Hellinger","16Schord","Godbout_Summer"
"214","Residual",72,0.401330116069185,NA,NA,NA,NA,"Complete","Hellinger","16Schord","Godbout_Summer"
"215","Longitude",1,0.00698137832394297,1.2524832281394,0.115,0.00777302350031394,0.00293996321134504,"pRDA","Hellinger","16Schord","Godbout_Summer"
"216","Latitude",1,0.0098878841951287,1.77392035519841,0.009,0.00799252523931555,0.00316454013506362,"pRDA","Hellinger","16Schord","Godbout_Summer"
"217","Depth_m",1,0.0083998807225239,1.50696742608138,0.026,0.00994140640537026,0.00515848213732761,"pRDA","Hellinger","16Schord","Godbout_Summer"
"218","Temperature",1,0.0060890324165534,1.09239331024006,0.258,0.0489354694013735,0.0450541419656085,"pRDA","Hellinger","16Schord","Godbout_Summer"
"219","Salinity",1,0.00740939349132208,1.32927061791501,0.067,0.0463749296937037,0.0424343990277037,"pRDA","Hellinger","16Schord","Godbout_Summer"
"220","Residual1",72,0.401330116069185,NA,NA,NA,NA,"pRDA","Hellinger","16Schord","Godbout_Summer"
"221","Complete_model",5,7858.31686123815,4.70551423782177,0.001,0.246290896923706,0.193949986987853,"Complete","Hellinger-Mahalanobis","16Schord","Godbout_Summer"
"222","Residual",72,24048.3307631457,NA,NA,NA,NA,"Complete","Hellinger-Mahalanobis","16Schord","Godbout_Summer"
"223","Longitude",1,736.936919011991,2.20636761409559,0.074,0.00195924746113303,-0.00283917935819022,"pRDA","Hellinger-Mahalanobis","16Schord","Godbout_Summer"
"224","Latitude",1,647.174279659219,1.93762089329183,0.121,0.0034380119566079,-0.00132622377611469,"pRDA","Hellinger-Mahalanobis","16Schord","Godbout_Summer"
"225","Depth_m",1,363.776317707361,1.08913567153149,0.317,0.00704382098832525,0.00236295656269414,"pRDA","Hellinger-Mahalanobis","16Schord","Godbout_Summer"
"226","Temperature",1,873.887734202366,2.61639435527873,0.055,0.0355742233378415,0.0315530213942804,"pRDA","Hellinger-Mahalanobis","16Schord","Godbout_Summer"
"227","Salinity",1,1379.44812602421,4.13002740406216,0.011,0.0637978175185404,0.0604291842265562,"pRDA","Hellinger-Mahalanobis","16Schord","Godbout_Summer"
"228","Residual1",72,24048.3307631457,NA,NA,NA,NA,"pRDA","Hellinger-Mahalanobis","16Schord","Godbout_Summer"
