"","sequence","QueryAccVer","Taxon","Levels","species","genus","family","order","class","phylum","kingdom","Loci","Method","Threshold","count","count.tagjump","count.tagjump.subgroup","not_a_max_conta","artefact_type","count_postmetbaR","locus","project","new_ESV","Seq_length","Adapt","Selected"
"415","CACCGCGGTTATACGAGAGGCCCAAATTGATGAAAAACGGCGTAAAGCGTGGTTAAGAAAAAAGAGAAAATATGGCCGAACAGCTTCAAAGCAGTTATACGCATCCGAAGTCACGAAGAACAATCACGAAAGTTGCCCTAAAACCTCCGATTCCACGAAAGCCATAAAA","ESV_MiFishU_1","Gadus","genus",NA,"Gadus","Gadidae","Gadiformes","Actinopteri","Chordata","Metazoa","MiFishU","TOP",95,10449774,10417304,88865,TRUE,"Not artefactual",18254,"MiFishU","PPO.Kildir.DLevesque.2020","PPO.Kildir.DLevesque.2020_ESV_MiFishU_1",169,"FALSE","Yes_Good"
"416","CACCGCGGTTATACGAGAGGCCCAAGCTGATAGACCCCGGCGTAAAGAGTGGTTAAGATAAACTTAAAACTAAAGCCGAACACCCTCACAGCTGTTATACGCACCCGAGAGTAAGAAGCCCAACTACGAAAGTGGCTTTACAACCCCTGAACCCACGAAAGCTATGACA","ESV_MiFishU_2","Ammodytidae","family",NA,NA,"Ammodytidae","Uranoscopiformes","Actinopteri","Chordata","Metazoa","MiFishU","TOP",95,4975890,4960950,1205462,TRUE,"Not artefactual",1170838,"MiFishU","PPO.Kildir.DLevesque.2020","PPO.Kildir.DLevesque.2020_ESV_MiFishU_2",169,"FALSE","Yes_Good"
"417","CACCGCGGTTATACGAGAGGCCCAAGCTGATAGACCCCGGCGTAAAGAGTGGTTAAGATAAACTTGAGACTAAAGCCGAACACCCTCACAGCTGTTATACGCACCCGAGGGCAAGAAGCCCAACTACGAAAGTGGCTTTACAACCCCTGAACCCACGAAAGCTATGACA","ESV_MiFishU_4","Ammodytes americanus","species","Ammodytes americanus","Ammodytes","Ammodytidae","Uranoscopiformes","Actinopteri","Chordata","Metazoa","MiFishU","TOP",95,2888804,2880064,717733,TRUE,"Not artefactual",493081,"MiFishU","PPO.Kildir.DLevesque.2020","PPO.Kildir.DLevesque.2020_ESV_MiFishU_4",169,"FALSE","Yes_Good"
"418","CACCGCGGTTATACGAGAGGCCCAAGTTGATGAATTACGGCGTAAAGAGTGGTTAAGCTAAAATTAAAACTAAAGCCGAACACCCCCAAAGCTGTTATACGCATCCGGAGGTGAGAAGTTCAACCACGAAGGTGGCTTTATCTAACCTGAACCCACGAAAGCTACGGCA","ESV_MiFishU_5","Gasterosteus aculeatus","species","Gasterosteus aculeatus","Gasterosteus","Gasterosteidae","Perciformes","Actinopteri","Chordata","Metazoa","MiFishU","TOP",95,2723924,2715718,282,TRUE,"Not artefactual",132,"MiFishU","PPO.Kildir.DLevesque.2020","PPO.Kildir.DLevesque.2020_ESV_MiFishU_5",169,"FALSE","Yes_Good"
"419","CACCGCGGTTATACGAGAGGCCCAAGCTGATAGACCCCGGCGTAAAGAGTGGTTAAGATAAACTTGAAACTAAAGCCGAACACCCTCACAGCTGTTATACGCACCCGAGGGCAAGAAGCCCAACTACGAAAGTGGCTTTACAACCCCTGAACCCACGAAAGCTATGACA","ESV_MiFishU_6","Ammodytes dubius","species","Ammodytes dubius","Ammodytes","Ammodytidae","Uranoscopiformes","Actinopteri","Chordata","Metazoa","MiFishU","TOP",95,2589473,2581315,1103722,TRUE,"Not artefactual",1013629,"MiFishU","PPO.Kildir.DLevesque.2020","PPO.Kildir.DLevesque.2020_ESV_MiFishU_6",169,"FALSE","Yes_Good"
"420","CACCGCGGTTATACGAGAGGCCCAAGTTGACAAACACCGGCGTAAAGAGTGGTTAAGTCAAAACTCATACTAAAGCCAAACATCTTCAAGACTGTTATACGCAACCGAAGACAGGAAGTTCAACCACGAAAGTGGCTTTATCTCATCTGAACCCACGAAAGCTAAGGAA","ESV_MiFishU_7","Gymnocanthus tricuspis","species","Gymnocanthus tricuspis","Gymnocanthus","Cottidae","Perciformes","Actinopteri","Chordata","Metazoa","MiFishU","TOP",95,2120543,2114142,164497,TRUE,"Not artefactual",162059,"MiFishU","PPO.Kildir.DLevesque.2020","PPO.Kildir.DLevesque.2020_ESV_MiFishU_7",169,"FALSE","Yes_Good"
"421","CACCGCGGTTATACGAGAGGCCCAAGTTGACAAACAACGGCGTAAAGAGTGGTTAGGGGATTTACTAAACTAGAGCCGAACGCTTTCAAAGCTGTTATACGCACCCGAAAGTATGAAACCCAATTACGAAAGTAGCTCTACTTATCCTGAACCCACGAAAGCTAAGGAA","ESV_MiFishU_9","Pleuronectidae","family",NA,NA,"Pleuronectidae","Pleuronectiformes","Actinopteri","Chordata","Metazoa","MiFishU","TOP",95,1917953,1912128,6474,TRUE,"Not artefactual",5751,"MiFishU","PPO.Kildir.DLevesque.2020","PPO.Kildir.DLevesque.2020_ESV_MiFishU_9",169,"FALSE","Yes_Good"
"423","CACCGCGGTTATACGAGAGGCCCAAGCTGATAGACCCCGGCGTAAAGAGTGGTTAAGATAAACTTAAAACTAAAGCCGAACACCCTCACAGCTGTTATACGCACCCGAGAGTAAGAAGCCCAACTACGAAAGTGGCTTTACAACCCCTGAACCCACGAAAGCTATGGCA","ESV_MiFishU_40","Ammodytidae","family",NA,NA,"Ammodytidae","Uranoscopiformes","Actinopteri","Chordata","Metazoa","MiFishU","TOP",95,90559,90193,4174,TRUE,"Not artefactual",4174,"MiFishU","PPO.Kildir.DLevesque.2020","PPO.Kildir.DLevesque.2020_ESV_MiFishU_40",169,"FALSE","Yes_Good"
"424","CACCGCGGTTATACGATAGGCCCAAGTTGACAGACCCCGGCGTAAAGCGTGGTTAGGGAAAATTTAAAACTAAAGCCGAACACCTTCAGGGCAGTCATACGCTTCCGAAGGCACGAAGCCCCTCCACGAAAGTGGCTTTACTACCCCCGACCCCACGAAAGCTAGGACA","ESV_MiFishU_45","Scomber scombrus","species","Scomber scombrus","Scomber","Scombridae","Scombriformes","Actinopteri","Chordata","Metazoa","MiFishU","TOP",95,72004,71863,17618,TRUE,"Not artefactual",17618,"MiFishU","PPO.Kildir.DLevesque.2020","PPO.Kildir.DLevesque.2020_ESV_MiFishU_45",169,"FALSE","Yes_Good"
"425","CACCGCGGTTATACGAGAGGCCCAAGTTGACAAACAACGGCGTAAAGAGTGGTTAGGGGATTTACTAAACTAGAGCCGAACGCTTTCAAAGCTGTTATACGCACCCGAAAGTATGAAACCCAATTACGAAAGTAGCTCTACTCATCCTGAACCCACGAAAGCTAAGAAA","ESV_MiFishU_46","Hippoglossus","genus",NA,"Hippoglossus","Pleuronectidae","Pleuronectiformes","Actinopteri","Chordata","Metazoa","MiFishU","TOP",95,61876,61876,21838,TRUE,"Not artefactual",21838,"MiFishU","PPO.Kildir.DLevesque.2020","PPO.Kildir.DLevesque.2020_ESV_MiFishU_46",169,"FALSE","Yes_Good"
"426","CACCGCGGTTATACGAGAGGCCCAAGCTGATAGACCCCGGCGTAAAGAGTGGTTAAGATAAACTTAAAACTAAAGCCGAACACCCTCACAGCTGTTATACGCACCCGAGAGTAAGAAGCTCAACTACGAAAGTGGCTTTACAACCCCTGAACCCACGAAAGCTATGACA","ESV_MiFishU_51","Ammodytidae","family",NA,NA,"Ammodytidae","Uranoscopiformes","Actinopteri","Chordata","Metazoa","MiFishU","TOP",95,44695,44695,44695,TRUE,"Not artefactual",44695,"MiFishU","PPO.Kildir.DLevesque.2020","PPO.Kildir.DLevesque.2020_ESV_MiFishU_51",169,"FALSE","Yes_Good"
"427","CACCGCGGTTATACGAGAGGCCCAAGCTGATAGACCCCGGCGTAAAGAGTGGTTAAGATAAACTTAAGACTAAAGCCGAACACCCTCACAGCTGTTATACGCACCCGAGAGTAAGAAGCCCAACTACGAAAGTGGCTTTACAACCCCTGAACCCACGAAAGCTATGACA","ESV_MiFishU_61","Ammodytidae","family",NA,NA,"Ammodytidae","Uranoscopiformes","Actinopteri","Chordata","Metazoa","MiFishU","TOP",95,32995,32995,22289,TRUE,"Not artefactual",22289,"MiFishU","PPO.Kildir.DLevesque.2020","PPO.Kildir.DLevesque.2020_ESV_MiFishU_61",169,"FALSE","Yes_Good"
"428","CACCGCGGTTATACGAGAGGCCCAAGCTGATAGACCCCGGCGTAAAGAGTGGTTAAGATAAACTTGAGACTAAAGCCGAACACCCTCACAGCTGTTATACGCACCCGAGGGCAAGAAGCCCAACTACGAAAGTGGCTTTACAACCCCTGAACCCACGAAAGCTATGGCA","ESV_MiFishU_83","Ammodytes americanus","species","Ammodytes americanus","Ammodytes","Ammodytidae","Uranoscopiformes","Actinopteri","Chordata","Metazoa","MiFishU","TOP",95,13974,13974,2374,TRUE,"Not artefactual",1130,"MiFishU","PPO.Kildir.DLevesque.2020","PPO.Kildir.DLevesque.2020_ESV_MiFishU_83",169,"FALSE","Yes_Good"
"429","CACCGCGGTTATACGAGAGGCCCAAGCTGATAGACCCCGGCGTAAAGAGTGGTTAAGATAAACTTAAAACTAAAGCCGAACACCCTCACAACTGTTATACGCACCCGAGAGTAAGAAGCCCAACTACGAAAGTGGCTTTACAACCCCTGAACCCACGAAAGCTATGACA","ESV_MiFishU_84","Ammodytidae","family",NA,NA,"Ammodytidae","Uranoscopiformes","Actinopteri","Chordata","Metazoa","MiFishU","TOP",95,13106,13106,13106,TRUE,"Not artefactual",13106,"MiFishU","PPO.Kildir.DLevesque.2020","PPO.Kildir.DLevesque.2020_ESV_MiFishU_84",169,"FALSE","Yes_Good"
"430","CACCGCGGTTATACGAGAGGCCCAAGCTGATAGACCCCGGCGTAAAGAGTGGTTAAGATAAACTTAAAACTAAAGCCGAACACCCTCACAGCTGTTATACGCACCCGAGAGTAAGAAGCCCAACTACGAAAGTGGCCTTACAACCCCTGAACCCACGAAAGCTATGACA","ESV_MiFishU_87","Ammodytidae","family",NA,NA,"Ammodytidae","Uranoscopiformes","Actinopteri","Chordata","Metazoa","MiFishU","TOP",95,11947,11947,3264,TRUE,"Not artefactual",3264,"MiFishU","PPO.Kildir.DLevesque.2020","PPO.Kildir.DLevesque.2020_ESV_MiFishU_87",169,"FALSE","Yes_Good"
"431","CACCGCGGTTATACGAGAGGCCCAAGCTGATAGACCCCGGCGTAAAGAGTGGTTAAGATAAACTTGAGACTAAAGCCGAACACCCTCACAGCTGTTATACGCACCCGAGGGCAAGAAACCCAACTACGAAAGTGGCTTTACAACCCCTGAACCCACGAAAGCTATGACA","ESV_MiFishU_96","Ammodytes americanus","species","Ammodytes americanus","Ammodytes","Ammodytidae","Uranoscopiformes","Actinopteri","Chordata","Metazoa","MiFishU","TOP",95,10237,10237,10237,TRUE,"Not artefactual",10237,"MiFishU","PPO.Kildir.DLevesque.2020","PPO.Kildir.DLevesque.2020_ESV_MiFishU_96",169,"FALSE","Yes_Good"
"433","CACCGCGGTTATACGAGAGGCCCAAGCTGATAGACCCCGGCGTAAAGAGTGGTTAAGATAAACTTAAAACTAAAGCCGAACACCCTCACAGCTGTTATACGCACCCGAGAGTAAGAAGCCCAACTACGAAAGTGGCTTTACAATCCCTGAACCCACGAAAGCTATGACA","ESV_MiFishU_125","Ammodytidae","family",NA,NA,"Ammodytidae","Uranoscopiformes","Actinopteri","Chordata","Metazoa","MiFishU","TOP",95,7557,7557,7557,TRUE,"Not artefactual",7557,"MiFishU","PPO.Kildir.DLevesque.2020","PPO.Kildir.DLevesque.2020_ESV_MiFishU_125",169,"FALSE","Yes_Good"
"434","CACCGCGGTTATACGAGAGGCCCAAGCTGATAGACCCCGGCGTAAAGAGTGGTTAAGATAAACTTGAAACTAAAGCCGAACACCCTCACAGCTGTTATACGCACCCGAGGGCAAGAAGCCCAACTACGAAAGTGGCTTTACAACCCCTGAACCCACGAGAGCTATGACA","ESV_MiFishU_127","Ammodytes dubius","species","Ammodytes dubius","Ammodytes","Ammodytidae","Uranoscopiformes","Actinopteri","Chordata","Metazoa","MiFishU","TOP",95,7391,7391,7117,TRUE,"Not artefactual",7117,"MiFishU","PPO.Kildir.DLevesque.2020","PPO.Kildir.DLevesque.2020_ESV_MiFishU_127",169,"FALSE","Yes_Good"
"435","CACCGCGGTTATACGAGGGGCCCAAGCTGATAGACCCCGGCGTAAAGAGTGGTTAAGATAAACTTGAAACTAAAGCCGAACACCCTCACAGCTGTTATACGCACCCGAGGGCAAGAAGCCCAACTACGAAAGTGGCTTTACAACCCCTGAACCCACGAAAGCTATGACA","ESV_MiFishU_128","Ammodytes dubius","species","Ammodytes dubius","Ammodytes","Ammodytidae","Uranoscopiformes","Actinopteri","Chordata","Metazoa","MiFishU","TOP",95,7389,7389,7389,TRUE,"Not artefactual",7389,"MiFishU","PPO.Kildir.DLevesque.2020","PPO.Kildir.DLevesque.2020_ESV_MiFishU_128",169,"FALSE","Yes_Good"
"436","CACCGCGGTTATACGAGAGGCCCAAGCTGATAGACCCCGGCGTAAAGAGTGGTTAAGATAAACTTAAAACTAAAGCCGAACACCCCCACAGCTGTTATACGCACCCGAGAGTAAGAAGCCCAACTACGAAAGTGGCTTTACAACCCCTGAACCCACGAAAGCTATGACA","ESV_MiFishU_153","Ammodytidae","family",NA,NA,"Ammodytidae","Uranoscopiformes","Actinopteri","Chordata","Metazoa","MiFishU","TOP",95,6090,6090,1938,TRUE,"Not artefactual",1938,"MiFishU","PPO.Kildir.DLevesque.2020","PPO.Kildir.DLevesque.2020_ESV_MiFishU_153",169,"FALSE","Yes_Good"
"437","CACCGCGGTTATACGAGAGGCCCAAGCTGATAGACCCCGGCGTAAAGAGTGGTTAAGATAAACTTGAAACTAAAGCCGAACACCCTCACAGCTGTTATACGCACCCGAGGGCAAGAAGCCCAACTACGAAAGTGGCTTTACAACCCCTGAACCCACGAAAGCTATGGCA","ESV_MiFishU_159","Ammodytes dubius","species","Ammodytes dubius","Ammodytes","Ammodytidae","Uranoscopiformes","Actinopteri","Chordata","Metazoa","MiFishU","TOP",95,5913,5913,1389,TRUE,"Not artefactual",1062,"MiFishU","PPO.Kildir.DLevesque.2020","PPO.Kildir.DLevesque.2020_ESV_MiFishU_159",169,"FALSE","Yes_Good"
"438","CACCGCGGTTATACGAGAGGCCCAAGCTGATGGACCCCGGCGTAAAGAGTGGTTAAGATAAACTTGAAACTAAAGCCGAACACCCTCACAGCTGTTATACGCACCCGAGGGCAAGAAGCCCAACTACGAAAGTGGCTTTACAACCCCTGAACCCACGAAAGCTATGACA","ESV_MiFishU_162","Ammodytes dubius","species","Ammodytes dubius","Ammodytes","Ammodytidae","Uranoscopiformes","Actinopteri","Chordata","Metazoa","MiFishU","TOP",95,5728,5728,5728,TRUE,"Not artefactual",5728,"MiFishU","PPO.Kildir.DLevesque.2020","PPO.Kildir.DLevesque.2020_ESV_MiFishU_162",169,"FALSE","Yes_Good"
"439","CACCGCGGTTATACGAGAGGCCCAAGCTGATAGACCCCGGCGTAAAGAGTGGTTAAGATAAACTTAAAACTAAAGCCGAACACCCTCACAGCTGTTATACGCACCCGAGAGTAAGAAGCCCAACTACGAAAGTGGCTTTACAACCCCTGAACCCACGAGAGCTATGACA","ESV_MiFishU_236","Ammodytidae","family",NA,NA,"Ammodytidae","Uranoscopiformes","Actinopteri","Chordata","Metazoa","MiFishU","TOP",95,3409,3409,2371,TRUE,"Not artefactual",2371,"MiFishU","PPO.Kildir.DLevesque.2020","PPO.Kildir.DLevesque.2020_ESV_MiFishU_236",169,"FALSE","Yes_Good"
"440","CACCGCGGTTATACGAGAGGCCCAAGTTGACAAACAACGGCGTAAAGAGTGGTTAGGGGATTTACTAAACTAGAGCCGAACGCTTTCAAAGCTGTTATACGCACCCGAAAGTATGAAACCCAATTACGAAAGTAGCTCTACTCATCCTGAACCCACGAAAGCTAAGGAA","ESV_MiFishU_237","Pleuronectidae","family",NA,NA,"Pleuronectidae","Pleuronectiformes","Actinopteri","Chordata","Metazoa","MiFishU","TOP",95,3407,3407,87,TRUE,"Not artefactual",87,"MiFishU","PPO.Kildir.DLevesque.2020","PPO.Kildir.DLevesque.2020_ESV_MiFishU_237",169,"FALSE","Yes_Good"
"441","CACCGCGGTTATACGAGAGGCCCAAGCTGATAGACCCCGGCGTAAAGAGTGGTTAAGATAAACTTGAAACTAAAGCCGAACACCCTCACAGCTGTTATACGCATCCGAGGGCAAGAAGCCCAACTACGAAAGTGGCTTTACAACCCCTGAACCCACGAAAGCTATGACA","ESV_MiFishU_275","Ammodytes dubius","species","Ammodytes dubius","Ammodytes","Ammodytidae","Uranoscopiformes","Actinopteri","Chordata","Metazoa","MiFishU","TOP",95,2632,2632,1852,TRUE,"Not artefactual",1852,"MiFishU","PPO.Kildir.DLevesque.2020","PPO.Kildir.DLevesque.2020_ESV_MiFishU_275",169,"FALSE","Yes_Good"
"442","CACCGCGGTTATACGAGAGGCCCAAGCTGATAGACCCCGGCGTAAAGAGTGGTTAAGATAAACTTGAGACTAAAGCCGAACACCCTCACAGCTGTTATACGCACCCGAGGGCAAGAAGCCCAACTACGAAAGTGGCTTTACAACCCCTGAACCCACGAGAGCTATGACA","ESV_MiFishU_329","Ammodytes americanus","species","Ammodytes americanus","Ammodytes","Ammodytidae","Uranoscopiformes","Actinopteri","Chordata","Metazoa","MiFishU","TOP",95,2085,2085,1193,TRUE,"Not artefactual",1193,"MiFishU","PPO.Kildir.DLevesque.2020","PPO.Kildir.DLevesque.2020_ESV_MiFishU_329",169,"FALSE","Yes_Good"
"443","CACCGCGGTTATACGAGAGGCCCAAGCTGATAGACCCCGGCGTAAAGAGTGGTTAAGATAAACTTAAAACTAAAGCCGAACACCCTCACAGCTGTTATACGCACCCGAGAGTAAGAAGCCCAACTACGAAAGTGGCTTTACAACCCCTGAACCCATGAAAGCTATGACA","ESV_MiFishU_343","Ammodytidae","family",NA,NA,"Ammodytidae","Uranoscopiformes","Actinopteri","Chordata","Metazoa","MiFishU","TOP",95,1908,1908,504,TRUE,"Not artefactual",504,"MiFishU","PPO.Kildir.DLevesque.2020","PPO.Kildir.DLevesque.2020_ESV_MiFishU_343",169,"FALSE","Yes_Good"
"444","CACCGCGGTTATACGAGAGGCCCAAGCTGATAGACCCCGGCGTAAAGAGTGGTTAAGATAAACTTGAGACTAAAGCCGAACACCCTCACAGCTGTTATACGCACCCGAGGGCAGGAAGCCCAACTACGAAAGTGGCTTTACAACCCCTGAACCCACGAAAGCTATGACA","ESV_MiFishU_352","Ammodytes americanus","species","Ammodytes americanus","Ammodytes","Ammodytidae","Uranoscopiformes","Actinopteri","Chordata","Metazoa","MiFishU","TOP",95,1861,1861,1861,TRUE,"Not artefactual",1861,"MiFishU","PPO.Kildir.DLevesque.2020","PPO.Kildir.DLevesque.2020_ESV_MiFishU_352",169,"FALSE","Yes_Good"
"445","CACCGCGGTTATACGAGAGGCCCAAGCTGATAGACCCCGGCGTAAAGAGTGGTTAAGATAAACTTGAAACTAAAGCCGAACACCCTCACAGCTGTTATACGCACCCGAGGGCAAGAAGCCCAACCACGAAAGTGGCTTTACAACCCCTGAACCCACGAAAGCTATGACA","ESV_MiFishU_362","Ammodytes dubius","species","Ammodytes dubius","Ammodytes","Ammodytidae","Uranoscopiformes","Actinopteri","Chordata","Metazoa","MiFishU","TOP",95,1806,1806,1806,TRUE,"Not artefactual",1806,"MiFishU","PPO.Kildir.DLevesque.2020","PPO.Kildir.DLevesque.2020_ESV_MiFishU_362",169,"FALSE","Yes_Good"
"446","CACCGCGGTTATACGAGAGGCCCAAGCTGATAGACCCCGGCGTAAAGAGTGGTTAAGATAAACTTAAAACTAAAGCCGAACACCCTCACAGCTGTTATACGCACCCGAGAGTAAGAAGCCCAACTACGAAAGTGGCTTTACAACCCCTGAACTCACGAAAGCTATGACA","ESV_MiFishU_395","Ammodytidae","family",NA,NA,"Ammodytidae","Uranoscopiformes","Actinopteri","Chordata","Metazoa","MiFishU","TOP",95,1587,1587,476,TRUE,"Not artefactual",476,"MiFishU","PPO.Kildir.DLevesque.2020","PPO.Kildir.DLevesque.2020_ESV_MiFishU_395",169,"FALSE","Yes_Good"
"447","CACCGCGGTTATACGAGAGGCCCAAGCTGATAGACCCCGGCGTAAAGAGTGGTTAAGATAAACTTAAAACTAAAGCCGAACACCCTCACAGCTGTTATACGCACCCGAGAGTAAGAAGCCCAACTACGAAAGTGGCTTTACAACCCCTGAACCCACAAAAGCTATGACA","ESV_MiFishU_396","Ammodytidae","family",NA,NA,"Ammodytidae","Uranoscopiformes","Actinopteri","Chordata","Metazoa","MiFishU","TOP",95,1582,1582,568,TRUE,"Not artefactual",568,"MiFishU","PPO.Kildir.DLevesque.2020","PPO.Kildir.DLevesque.2020_ESV_MiFishU_396",169,"FALSE","Yes_Good"
"448","CACCGCGGTTATACGAGAGGCCCAAGCTGATAGACCCCGGCGTAAAGAGTGGTTAAGATAAACTTAAAACTAAAGCCGAACACCCTCACAGCTGTTATACGCACCCGAGAGTAAGAAGCCCAACTACGAAAGTGGCTTTACAACCCCTGAACCCACGAAAGTTATGACA","ESV_MiFishU_400","Ammodytidae","family",NA,NA,"Ammodytidae","Uranoscopiformes","Actinopteri","Chordata","Metazoa","MiFishU","TOP",95,1556,1556,665,TRUE,"Not artefactual",422,"MiFishU","PPO.Kildir.DLevesque.2020","PPO.Kildir.DLevesque.2020_ESV_MiFishU_400",169,"FALSE","Yes_Good"
"449","TACCGCGGTCATACGATTAACCCAAACTAATAGGCCCTCGGCGTAAAGCGTGTTAAAGATCAACCCACACTAAAGCTAAAACCTAACCAAGCCGTAAAAAGCTACCGTTAACATAAAATAAACTACGAAAGTGACTTTACTAACTCTGACAGCACGATAGCTAAGACC","ESV_MiFishU_404","Halichoerus grypus","species","Halichoerus grypus","Halichoerus","Phocidae","Carnivora","Mammalia","Chordata","Metazoa","MiFishU","TOP",95,1533,1533,74,TRUE,"Not artefactual",74,"MiFishU","PPO.Kildir.DLevesque.2020","PPO.Kildir.DLevesque.2020_ESV_MiFishU_404",168,"FALSE","Yes_Good"
"450","CACCGCGGTTATACGAGAGGCCCAAGCTGATAGGCCCCGGCGTAAAGAGTGGTTAAGATAAACTTAAAACTAAAGCCGAACACCCTCACAGCTGTTATACGCACCCGAGAGTAAGAAGCCCAACTACGAAAGTGGCTTTACAACCCCTGAACCCACGAAAGCTATGACA","ESV_MiFishU_422","Ammodytidae","family",NA,NA,"Ammodytidae","Uranoscopiformes","Actinopteri","Chordata","Metazoa","MiFishU","TOP",95,1447,1447,790,TRUE,"Not artefactual",790,"MiFishU","PPO.Kildir.DLevesque.2020","PPO.Kildir.DLevesque.2020_ESV_MiFishU_422",169,"FALSE","Yes_Good"
"451","CACCGCGGTTATACGAGAGGCCCAAGCTGATAGACCCCGGCGTAAAGAGTGGTTAAGATAAACTTGAGACTAAAGCCGAACACCCTCACAGCTGTTATACGCACCCGGGGGCAAGAAGCCCAACTACGAAAGTGGCTTTACAACCCCTGAACCCACGAAAGCTATGACA","ESV_MiFishU_425","Ammodytes americanus","species","Ammodytes americanus","Ammodytes","Ammodytidae","Uranoscopiformes","Actinopteri","Chordata","Metazoa","MiFishU","TOP",95,1434,1434,240,TRUE,"Not artefactual",240,"MiFishU","PPO.Kildir.DLevesque.2020","PPO.Kildir.DLevesque.2020_ESV_MiFishU_425",169,"FALSE","Yes_Good"
"452","CACCGCGGTTATACGAGAGGCCCAAGCTGATAGACCCCGGCGTAAAGAGTGGTTAAGATAAACTTAAAACTAAAGCCGAACACCCTCACAGCTGTTATACGCACCCGAGAGTAAGAAGCCCAACTACGAAAGTGGCTTTACAACCCCTGAACCCACGAAAGCTAAGACA","ESV_MiFishU_456","Ammodytidae","family",NA,NA,"Ammodytidae","Uranoscopiformes","Actinopteri","Chordata","Metazoa","MiFishU","TOP",95,1303,1303,682,TRUE,"Not artefactual",682,"MiFishU","PPO.Kildir.DLevesque.2020","PPO.Kildir.DLevesque.2020_ESV_MiFishU_456",169,"FALSE","Yes_Good"
"453","CACCGCGGTTATACGAGAGGCCCAAGCTGATAGACCCCGGCGTAAAGAGTGGTTAAGATAAACTTGAGACTAAAGCCGAACACCCTCACAGCTGTTATACGCACCCGAGGGCAAGAAGCCCAACTACGAAAGTGGCTTTACAACCCCTGAACCCACGAAAGCTGTGACA","ESV_MiFishU_467","Ammodytes americanus","species","Ammodytes americanus","Ammodytes","Ammodytidae","Uranoscopiformes","Actinopteri","Chordata","Metazoa","MiFishU","TOP",95,1270,1270,387,TRUE,"Not artefactual",387,"MiFishU","PPO.Kildir.DLevesque.2020","PPO.Kildir.DLevesque.2020_ESV_MiFishU_467",169,"FALSE","Yes_Good"
"454","CACCGCGGTCATACGATTGACCCAAGTTAATAGACACCCGGCGTAAAGAGTGTCGAGGAGTAACATAAAATAAAGTCAAATCTTAGTTAAGCTGTAAAAAGCCATAACTAAACCTAAGCTAAACCACGAAAGTAACTTTATCACAAACCGAGTACACGACAACTAAGACC","ESV_MiFishU_472","Phocoena phocoena","species","Phocoena phocoena","Phocoena","Phocoenidae","Artiodactyla","Mammalia","Chordata","Metazoa","MiFishU","TOP",95,1233,1230,198,TRUE,"Not artefactual",194,"MiFishU","PPO.Kildir.DLevesque.2020","PPO.Kildir.DLevesque.2020_ESV_MiFishU_472",170,"FALSE","Yes_Good"
"455","CACCGCGGTTATACGAGAGGCCCAAGCTGATAGACCCCGGCGTAAAGAGTGGTTAAGATAAACTTAAAACTAAAGCCGAACACCCTCACAGCTGTTATACGCACCCGAGAGTAAGAAGCCCAACTACGAAAGTGGCTTTACAACCCCTGAACCCACGAAAGCTATGTCA","ESV_MiFishU_523","Ammodytidae","family",NA,NA,"Ammodytidae","Uranoscopiformes","Actinopteri","Chordata","Metazoa","MiFishU","TOP",95,1039,1039,450,TRUE,"Not artefactual",450,"MiFishU","PPO.Kildir.DLevesque.2020","PPO.Kildir.DLevesque.2020_ESV_MiFishU_523",169,"FALSE","Yes_Good"
"456","CACCGCGGTTATACGAGAGGCCCAAGTTGACAAACAACGGCGTAAAGAGTGGTTAGGGGATTTACTAAACTAGAGCCGAACGCTTTCAAAGCTGTTATACGCACCCGAAAGTATGAAGCCCAATTACGAAAGTAGCTCTACTCATCCTGAACCCACGAAAGCTAAGAAA","ESV_MiFishU_542","Hippoglossus","genus",NA,"Hippoglossus","Pleuronectidae","Pleuronectiformes","Actinopteri","Chordata","Metazoa","MiFishU","TOP",95,984,984,984,TRUE,"Not artefactual",984,"MiFishU","PPO.Kildir.DLevesque.2020","PPO.Kildir.DLevesque.2020_ESV_MiFishU_542",169,"FALSE","Yes_Good"
"457","CACCTCGGTTATACGAGAGGCCCAAGCTGATAGACCCCGGCGTAAAGAGTGGTTAAGATAAACTTAAAACTAAAGCCGAACACCCTCACAGCTGTTATACGCACCCGAGAGTAAGAAGCCCAACTACGAAAGTGGCTTTACAACCCCTGAACCCACGAAAGCTATGACA","ESV_MiFishU_565","Ammodytidae","family",NA,NA,"Ammodytidae","Uranoscopiformes","Actinopteri","Chordata","Metazoa","MiFishU","TOP",95,916,916,395,TRUE,"Not artefactual",395,"MiFishU","PPO.Kildir.DLevesque.2020","PPO.Kildir.DLevesque.2020_ESV_MiFishU_565",169,"FALSE","Yes_Good"
"458","CACCGCGGTTATACGAGAGGCCCAAGCTGATAGACCCCGGCGTAAAGAGTGGTTAAGATAAACTTGAGACTAAAGCCGAACACCCTCACAGCTGTTATACGCACCCGAGGGCAAGAAGCCCAACTACGAAAGTGGCTTTACAACCCCTGAATCCACGAAAGCTATGACA","ESV_MiFishU_604","Ammodytes americanus","species","Ammodytes americanus","Ammodytes","Ammodytidae","Uranoscopiformes","Actinopteri","Chordata","Metazoa","MiFishU","TOP",95,821,821,112,TRUE,"Not artefactual",112,"MiFishU","PPO.Kildir.DLevesque.2020","PPO.Kildir.DLevesque.2020_ESV_MiFishU_604",169,"FALSE","Yes_Good"
"459","CACCGCGGTTATACGAGAGGCCCAAGCTGATAGACCCCGGCGTAAAGAGTGGTTAAGATAAACTTAAAACTAAAGCCGAACACCCTCACAGCTGTTATACGCACCCGAGAGTAAGAAGCCCAACTACGAAAGTGGCTTTACAACCCCTGAACCCTCGAAAGCTATGACA","ESV_MiFishU_614","Ammodytidae","family",NA,NA,"Ammodytidae","Uranoscopiformes","Actinopteri","Chordata","Metazoa","MiFishU","TOP",95,794,794,280,TRUE,"Not artefactual",280,"MiFishU","PPO.Kildir.DLevesque.2020","PPO.Kildir.DLevesque.2020_ESV_MiFishU_614",169,"FALSE","Yes_Good"
"460","TACCGCGGTTATACGAGAGGCCCAAGCTGATAGACCCCGGCGTAAAGAGTGGTTAAGATAAACTTAAAACTAAAGCCGAACACCCTCACAGCTGTTATACGCACCCGAGAGTAAGAAGCCCAACTACGAAAGTGGCTTTACAACCCCTGAACCCACGAAAGCTATGACA","ESV_MiFishU_632","Ammodytidae","family",NA,NA,"Ammodytidae","Uranoscopiformes","Actinopteri","Chordata","Metazoa","MiFishU","TOP",95,753,753,753,TRUE,"Not artefactual",753,"MiFishU","PPO.Kildir.DLevesque.2020","PPO.Kildir.DLevesque.2020_ESV_MiFishU_632",169,"FALSE","Yes_Good"
"461","CACCGCGGTTATACGAGAGGCCCAAGCTGATAGACCCCGGCGTAAAGAGTGGTTAAGATAAACTTAAAACTAAAGCCGAACACCCTCACAGCTGTTATACGCACCCGAGAGTAAGAAGCCCAACTACGAAAGTGGCTTTACAACCCCTGAACCCACGAAAGCTATGATA","ESV_MiFishU_635","Ammodytidae","family",NA,NA,"Ammodytidae","Uranoscopiformes","Actinopteri","Chordata","Metazoa","MiFishU","TOP",95,750,750,570,TRUE,"Not artefactual",570,"MiFishU","PPO.Kildir.DLevesque.2020","PPO.Kildir.DLevesque.2020_ESV_MiFishU_635",169,"FALSE","Yes_Good"
"462","CACCGCGGTTATACGAGAGGCCCAAGCTGATAGACCCCGGCGTAAAGAGTGGTTAAGATAAACTTAAAACTAAAGCCGAACACCCTCACAGCTGTTATACGCACCCGAGAGTAAGAAGCCCAACTACGAAAGTGGCTTTACAACCCCTGATCCCACGAAAGCTATGACA","ESV_MiFishU_655","Ammodytidae","family",NA,NA,"Ammodytidae","Uranoscopiformes","Actinopteri","Chordata","Metazoa","MiFishU","TOP",95,703,703,703,TRUE,"Not artefactual",703,"MiFishU","PPO.Kildir.DLevesque.2020","PPO.Kildir.DLevesque.2020_ESV_MiFishU_655",169,"FALSE","Yes_Good"
"463","CACCGCGGTTATACGAGAGGCCCAAGCTGATAGACCCCGGCGTAAAGAGTGGTTAAGATAAACTTAAAACTAAAGCCGAACACCCTCACAGCTGTTATACGCACCCGAGAGTAAGAAGCCCAACTACGAAAGTGGCTTTACAACCCCTGAACCTACGAAAGCTATGACA","ESV_MiFishU_669","Ammodytidae","family",NA,NA,"Ammodytidae","Uranoscopiformes","Actinopteri","Chordata","Metazoa","MiFishU","TOP",95,681,681,430,TRUE,"Not artefactual",430,"MiFishU","PPO.Kildir.DLevesque.2020","PPO.Kildir.DLevesque.2020_ESV_MiFishU_669",169,"FALSE","Yes_Good"
"464","CACCGCGGTTATACGAGAGGCCCAAGCTGATAGACCCCGGCGTAAAGAGTGGTTAAGATAAACTTAAAACTAAAGCCGAACACCCTCACAGCTGTTATACGCACCCGAGAGTAAGAAGCTCAACTACGAAAGTGGCTTTACAACCCCTGAACCCACGGAAGCTATGACA","ESV_MiFishU_706","Ammodytidae","family",NA,NA,"Ammodytidae","Uranoscopiformes","Actinopteri","Chordata","Metazoa","MiFishU","TOP",95,604,604,604,TRUE,"Not artefactual",604,"MiFishU","PPO.Kildir.DLevesque.2020","PPO.Kildir.DLevesque.2020_ESV_MiFishU_706",169,"FALSE","Yes_Good"
"465","CACCGCGGTTATACGAGAGGCCCAAGCTGATAGACCCCGGCGTAAAGAGTGGTTAAGATAAACTTGAAACTAAAGCCGAACACCCTCACAGCTGTTATACGCACCCGAGGGCAAGAAGCCCAACTACGAAAGTGGCTTTACAACCCCTGAACCTACGAAAGCTATGACA","ESV_MiFishU_715","Ammodytes dubius","species","Ammodytes dubius","Ammodytes","Ammodytidae","Uranoscopiformes","Actinopteri","Chordata","Metazoa","MiFishU","TOP",95,591,591,277,TRUE,"Not artefactual",277,"MiFishU","PPO.Kildir.DLevesque.2020","PPO.Kildir.DLevesque.2020_ESV_MiFishU_715",169,"FALSE","Yes_Good"
"466","CACCGCGGTTATACGAGAGGCCCAAGCTGATAGACCCCGGCGTAAAGAGTGGTTAAGATAAACTTGAGACTAAAGCCGAACACCCTCACAGCTGTTATACGCACCCGAGGACAAGAAGCCCAACTACGAAAGTGGCTTTACAACCCCTGAACCCACGAAAGCTATGACA","ESV_MiFishU_730","Ammodytes americanus","species","Ammodytes americanus","Ammodytes","Ammodytidae","Uranoscopiformes","Actinopteri","Chordata","Metazoa","MiFishU","TOP",95,573,573,573,TRUE,"Not artefactual",573,"MiFishU","PPO.Kildir.DLevesque.2020","PPO.Kildir.DLevesque.2020_ESV_MiFishU_730",169,"FALSE","Yes_Good"
"467","CACCGCGGTTATACGAGAGGCCCAAGCTGATAGACCCCGGCGTAAAGAGTGGTTAAGATAAACTTAAAACTAAAGCCGTACACCCTCACAGCTGTTATACGCACCCGAGAGTAAGAAGCCCAACTACGAAAGTGGCTTTACAACCCCTGAACCCACGAAAGCTATGACA","ESV_MiFishU_752","Ammodytidae","family",NA,NA,"Ammodytidae","Uranoscopiformes","Actinopteri","Chordata","Metazoa","MiFishU","TOP",95,538,538,382,TRUE,"Not artefactual",382,"MiFishU","PPO.Kildir.DLevesque.2020","PPO.Kildir.DLevesque.2020_ESV_MiFishU_752",169,"FALSE","Yes_Good"
"468","CACCGCGGTTATACGAGAGGCCCAAGCTGATAGACCCCGGCGTAAAGAGTGGTTAAGATAAACTTGAGACTAAAGCCGAACACCTTCACAGCTGTTATACGCACCCGAGGGCAAGAAGCCCAACTACGAAAGTGGCTTTACAACCCCTGAACCCACGAAAGCTATGACA","ESV_MiFishU_757","Ammodytes americanus","species","Ammodytes americanus","Ammodytes","Ammodytidae","Uranoscopiformes","Actinopteri","Chordata","Metazoa","MiFishU","TOP",95,534,534,534,TRUE,"Not artefactual",534,"MiFishU","PPO.Kildir.DLevesque.2020","PPO.Kildir.DLevesque.2020_ESV_MiFishU_757",169,"FALSE","Yes_Good"
"469","CACCGCGGTCATACGAGAGGCCCAAGCTGATAGACCCCGGCGTAAAGAGTGGTTAAGATAAACTTAAAACTAAAGCCGAACACCCTCACAGCTGTTATACGCACCCGAGAGTAAGAAGCTCAACTACGAAAGTGGCTTTACAACCCCTGAACCCACGAAAGCTATGACA","ESV_MiFishU_758","Ammodytidae","family",NA,NA,"Ammodytidae","Uranoscopiformes","Actinopteri","Chordata","Metazoa","MiFishU","TOP",95,534,534,534,TRUE,"Not artefactual",534,"MiFishU","PPO.Kildir.DLevesque.2020","PPO.Kildir.DLevesque.2020_ESV_MiFishU_758",169,"FALSE","Yes_Good"
"470","CACCGCGGTTATACGAGAGGCCCAAGCTGATAGACCCGGGCGTAAAGAGTGGTTAAGATAAACTTAAAACTAAAGCCGAACACCCTCACAGCTGTTATACGCACCCGAGAGTAAGAAGCCCAACTACGAAAGTGGCTTTACAACCCCTGAACCCACGAAAGCTATGACA","ESV_MiFishU_761","Ammodytidae","family",NA,NA,"Ammodytidae","Uranoscopiformes","Actinopteri","Chordata","Metazoa","MiFishU","TOP",95,530,530,88,TRUE,"Not artefactual",88,"MiFishU","PPO.Kildir.DLevesque.2020","PPO.Kildir.DLevesque.2020_ESV_MiFishU_761",169,"FALSE","Yes_Good"
"471","CACCGCGGTTATACGAGAGGCCCAAGCTGATAGACCCCGGCGTAAAGAGTGGTAAAGATAAACTTAAAACTAAAGCCGAACACCCTCACAGCTGTTATACGCACCCGAGAGTAAGAAGCCCAACTACGAAAGTGGCTTTACAACCCCTGAACCCACGAAAGCTATGACA","ESV_MiFishU_781","Ammodytidae","family",NA,NA,"Ammodytidae","Uranoscopiformes","Actinopteri","Chordata","Metazoa","MiFishU","TOP",95,495,495,253,TRUE,"Not artefactual",253,"MiFishU","PPO.Kildir.DLevesque.2020","PPO.Kildir.DLevesque.2020_ESV_MiFishU_781",169,"FALSE","Yes_Good"
"472","CACCGCGGTTATACGAGAGGCCCAAGCTGATAGACCCCGGCGTAAAGAGTGGTTAAGATAAACTTAAAACTAAAGCCGAACACCCTCACAGCTGTTATACGCACCCGAGAGTAAGAAGCCCAACTACGAAAGTGGCTTTACAACCCCTGAACCCACGTAAGCTATGACA","ESV_MiFishU_784","Ammodytidae","family",NA,NA,"Ammodytidae","Uranoscopiformes","Actinopteri","Chordata","Metazoa","MiFishU","TOP",95,491,491,305,TRUE,"Not artefactual",305,"MiFishU","PPO.Kildir.DLevesque.2020","PPO.Kildir.DLevesque.2020_ESV_MiFishU_784",169,"FALSE","Yes_Good"
"473","CACCGCGGTTATACGAGAGGCCCAAGCTGATAGTCCCCGGCGTAAAGAGTGGTTAAGATAAACTTAAAACTAAAGCCGAACACCCTCACAGCTGTTATACGCACCCGAGAGTAAGAAGCCCAACTACGAAAGTGGCTTTACAACCCCTGAACCCACGAAAGCTATGACA","ESV_MiFishU_802","Ammodytidae","family",NA,NA,"Ammodytidae","Uranoscopiformes","Actinopteri","Chordata","Metazoa","MiFishU","TOP",95,466,466,466,TRUE,"Not artefactual",466,"MiFishU","PPO.Kildir.DLevesque.2020","PPO.Kildir.DLevesque.2020_ESV_MiFishU_802",169,"FALSE","Yes_Good"
"474","CACCGCGGTTATACGAGAGGCCCAAGCTGATAGACCCCGGCGTAAAGAGTGGTTAAGATAAACTTGAAACTAAAGCCGAACACCCTCACAGCTGTTATACGCACCCGAGGACAAGAAGCCCAACTACGAAAGTGGCTTTACAACCCCTGAACCCACGAAAGCTATGACA","ESV_MiFishU_803","Ammodytes dubius","species","Ammodytes dubius","Ammodytes","Ammodytidae","Uranoscopiformes","Actinopteri","Chordata","Metazoa","MiFishU","TOP",95,466,466,466,TRUE,"Not artefactual",466,"MiFishU","PPO.Kildir.DLevesque.2020","PPO.Kildir.DLevesque.2020_ESV_MiFishU_803",169,"FALSE","Yes_Good"
"475","CACCGCGGTTATACGAGAGGCCCAAGCTGATAGACCCCGGCGCAAAGAGTGGTTAAGATAAACTTGAAACTAAAGCCGAACACCCTCACAGCTGTTATACGCACCCGAGGGCAAGAAGCCCAACTACGAAAGTGGCTTTACAACCCCTGAACCCACGAGAGCTATGACA","ESV_MiFishU_808","Ammodytes dubius","species","Ammodytes dubius","Ammodytes","Ammodytidae","Uranoscopiformes","Actinopteri","Chordata","Metazoa","MiFishU","TOP",95,461,461,461,TRUE,"Not artefactual",461,"MiFishU","PPO.Kildir.DLevesque.2020","PPO.Kildir.DLevesque.2020_ESV_MiFishU_808",169,"FALSE","Yes_Good"
"476","CACCGCGGTTATACGAGAGGCCCAAGCTGATAGACCCCGGCGTAAAGAGTGGTTAAGATAAACTTGAAACTAAAGCCGAACACCCTCACAGCTGTTATACGCACCCGAGGGCAAGAAGCCCAACTACGAAAGTGGCTTTACAACCCCTGAACTCACGAAAGCTATGACA","ESV_MiFishU_822","Ammodytes dubius","species","Ammodytes dubius","Ammodytes","Ammodytidae","Uranoscopiformes","Actinopteri","Chordata","Metazoa","MiFishU","TOP",95,445,445,185,TRUE,"Not artefactual",185,"MiFishU","PPO.Kildir.DLevesque.2020","PPO.Kildir.DLevesque.2020_ESV_MiFishU_822",169,"FALSE","Yes_Good"
"477","CACCGCGGTTATACGAGAGGCCCAAGCTGATAGACCCCGGCGTAAAGAGTGGTTAAGATAAACCTAAGACTAAAGCCGAACACCCTCACAGCTGTTATACGCACCCGAGAGTAAGAAGCCCAACTACGAAAGTGGCTTTACAACCCCTGAACCCACGAAAGCTATGACA","ESV_MiFishU_842","Ammodytidae","family",NA,NA,"Ammodytidae","Uranoscopiformes","Actinopteri","Chordata","Metazoa","MiFishU","TOP",95,426,426,426,TRUE,"Not artefactual",426,"MiFishU","PPO.Kildir.DLevesque.2020","PPO.Kildir.DLevesque.2020_ESV_MiFishU_842",169,"FALSE","Yes_Good"
"478","CACCGCGGTTATACGAGAGGCCCAAGCTGATGGACCCCGGCGTAAAGAGTGGTTAAGATAAACTTGAGACTAAAGCCGAACACCCTCACAGCTGTTATACGCACCCGAGGGCAAGAAGCCCAACTACGAAAGTGGCTTTACAACCCCTGAACCCACGAAAGCTATGACA","ESV_MiFishU_847","Ammodytes americanus","species","Ammodytes americanus","Ammodytes","Ammodytidae","Uranoscopiformes","Actinopteri","Chordata","Metazoa","MiFishU","TOP",95,423,423,423,TRUE,"Not artefactual",423,"MiFishU","PPO.Kildir.DLevesque.2020","PPO.Kildir.DLevesque.2020_ESV_MiFishU_847",169,"FALSE","Yes_Good"
"479","CTCCGCGGTTATACGAGAGGCCCAAGCTGATAGACCCCGGCGTAAAGAGTGGTTAAGATAAACTTAAAACTAAAGCCGAACACCCTCACAGCTGTTATACGCACCCGAGAGTAAGAAGCCCAACTACGAAAGTGGCTTTACAACCCCTGAACCCACGAAAGCTATGACA","ESV_MiFishU_851","Ammodytidae","family",NA,NA,"Ammodytidae","Uranoscopiformes","Actinopteri","Chordata","Metazoa","MiFishU","TOP",95,420,420,420,TRUE,"Not artefactual",420,"MiFishU","PPO.Kildir.DLevesque.2020","PPO.Kildir.DLevesque.2020_ESV_MiFishU_851",169,"FALSE","Yes_Good"
"480","CACCGCGGTTATACGAGAGGCCCAAGCTGATAGACCCCGGCGTAAAGAGTGGATAAGATAAACTTAAAACTAAAGCCGAACACCCTCACAGCTGTTATACGCACCCGAGAGTAAGAAGCCCAACTACGAAAGTGGCTTTACAACCCCTGAACCCACGAAAGCTATGACA","ESV_MiFishU_870","Ammodytidae","family",NA,NA,"Ammodytidae","Uranoscopiformes","Actinopteri","Chordata","Metazoa","MiFishU","TOP",95,403,403,315,TRUE,"Not artefactual",315,"MiFishU","PPO.Kildir.DLevesque.2020","PPO.Kildir.DLevesque.2020_ESV_MiFishU_870",169,"FALSE","Yes_Good"
"481","CACCGCGGTTATACGAGAGGCCCAAGCTGATAGACCCCGGCGTAAAGAGTGGTTAAGATAAACTTAAAACTAAAGCCGAACACCCTCACAGCTGTTATACGCACCCGAGAGTAAGAAGCCCAACTACGAAAGTGGCTTTACAACCCCTGAACCCACGAATGCTATGACA","ESV_MiFishU_889","Ammodytidae","family",NA,NA,"Ammodytidae","Uranoscopiformes","Actinopteri","Chordata","Metazoa","MiFishU","TOP",95,388,388,193,TRUE,"Not artefactual",193,"MiFishU","PPO.Kildir.DLevesque.2020","PPO.Kildir.DLevesque.2020_ESV_MiFishU_889",169,"FALSE","Yes_Good"
"482","CACCGCCGTTATACGAGAGGCCCAAGCTGATAGACCCCGGCGTAAAGAGTGGTTAAGATAAACTTAAAACTAAAGCCGAACACCCTCACAGCTGTTATACGCACCCGAGAGTAAGAAGCCCAACTACGAAAGTGGCTTTACAACCCCTGAACCCACGAAAGCTATGACA","ESV_MiFishU_896","Ammodytidae","family",NA,NA,"Ammodytidae","Uranoscopiformes","Actinopteri","Chordata","Metazoa","MiFishU","TOP",95,379,379,379,TRUE,"Not artefactual",379,"MiFishU","PPO.Kildir.DLevesque.2020","PPO.Kildir.DLevesque.2020_ESV_MiFishU_896",169,"FALSE","Yes_Good"
"483","CACCGCGGTTATACGAGAGGCCCAAGCTGATAGACCCCGGCGTAAAGAGTGGTTAAGATAAACTTGAAACTAAAGCCGAACACCCTCACAGCTGTTATACGCACCCGAGGGCAAGAAGCCCAACTACGAAAGTGGCTTTACAACCCCTGAACCCACGAAAGTTATGACA","ESV_MiFishU_907","Ammodytes dubius","species","Ammodytes dubius","Ammodytes","Ammodytidae","Uranoscopiformes","Actinopteri","Chordata","Metazoa","MiFishU","TOP",95,362,362,117,TRUE,"Not artefactual",117,"MiFishU","PPO.Kildir.DLevesque.2020","PPO.Kildir.DLevesque.2020_ESV_MiFishU_907",169,"FALSE","Yes_Good"
"484","CACCGCGGTTATACGAGAGGCCCAAGCTGATAGACCCCGGCGTAAAGAGTGGTTAAGATAAACTTAAAACTAAAGCCGAACACCCTCACAGCTGTTATACGCACCCGAGAGTAAGAAGCCCTACTACGAAAGTGGCTTTACAACCCCTGAACCCACGAAAGCTATGACA","ESV_MiFishU_933","Ammodytidae","family",NA,NA,"Ammodytidae","Uranoscopiformes","Actinopteri","Chordata","Metazoa","MiFishU","TOP",95,346,346,346,TRUE,"Not artefactual",346,"MiFishU","PPO.Kildir.DLevesque.2020","PPO.Kildir.DLevesque.2020_ESV_MiFishU_933",169,"FALSE","Yes_Good"
"485","CACCGCGGTTATACGAGAGGCCCAAGCTGATAGACCCCGGCGTAAAGAGTGGTTAAGATAAACTTAAAACTAAAGCCGAACACCCTCACAGCTGTTATACGCACCCGAGAGTAAGAAGCCCAACTACGTAAGTGGCTTTACAACCCCTGAACCCACGAAAGCTATGACA","ESV_MiFishU_935","Ammodytidae","family",NA,NA,"Ammodytidae","Uranoscopiformes","Actinopteri","Chordata","Metazoa","MiFishU","TOP",95,345,345,345,TRUE,"Not artefactual",345,"MiFishU","PPO.Kildir.DLevesque.2020","PPO.Kildir.DLevesque.2020_ESV_MiFishU_935",169,"FALSE","Yes_Good"
"486","CACCGCGGTTATACGAGAGGCCCAAGCTGATTGACCCCGGCGTAAAGAGTGGTTAAGATAAACTTAAAACTAAAGCCGAACACCCTCACAGCTGTTATACGCACCCGAGAGTAAGAAGCCCAACTACGAAAGTGGCTTTACAACCCCTGAACCCACGAAAGCTATGACA","ESV_MiFishU_994","Ammodytidae","family",NA,NA,"Ammodytidae","Uranoscopiformes","Actinopteri","Chordata","Metazoa","MiFishU","TOP",95,290,290,290,TRUE,"Not artefactual",290,"MiFishU","PPO.Kildir.DLevesque.2020","PPO.Kildir.DLevesque.2020_ESV_MiFishU_994",169,"FALSE","Yes_Good"
"487","CACCGCGGTTATACGAGAGGCCCAAGCTGATAGACCCCGGCGTAAAGAGTGGTTAAGATAAACTTGAGACTAAAGCCGAACACCCTCACAGCTGTTATACGCACCCGAGGGCAAGAAGCCCAACTACGAAAGTGGCTTTACAACCCCTGAACCCACGAATGCTATGACA","ESV_MiFishU_1033","Ammodytes americanus","species","Ammodytes americanus","Ammodytes","Ammodytidae","Uranoscopiformes","Actinopteri","Chordata","Metazoa","MiFishU","TOP",95,269,269,53,TRUE,"Not artefactual",34,"MiFishU","PPO.Kildir.DLevesque.2020","PPO.Kildir.DLevesque.2020_ESV_MiFishU_1033",169,"FALSE","Yes_Good"
"488","CACCGCGGTTATACGAGAGGCCCAAGCTGATAGACCCCGGCGTAAAGAGTGGTTAAGATAAACTTAAAACTAAAGCCGAACACCCTCACAGCTGTTATACGCACCCGAGAGTAAGAAGCCCAACTACGAAAGTGGCTTTACAACCCCTGAACCCACGAAAGCTTTGACA","ESV_MiFishU_1080","Ammodytidae","family",NA,NA,"Ammodytidae","Uranoscopiformes","Actinopteri","Chordata","Metazoa","MiFishU","TOP",95,241,241,160,TRUE,"Not artefactual",160,"MiFishU","PPO.Kildir.DLevesque.2020","PPO.Kildir.DLevesque.2020_ESV_MiFishU_1080",169,"FALSE","Yes_Good"
"489","CACCGCGGTTATACGAGAGGCCCAAGCTGATAGACCCCGGCGTAAAGAGTGGTTAAGATAAACTTGAGACTAAAGCCGAACATCCTCACAGCTGTTATACGCACCCGAGGGCAAGAAGCCCAACTACGAAAGTGGCTTTACAACCCCTGAACCCACGAAAGCTATGACA","ESV_MiFishU_1085","Ammodytes americanus","species","Ammodytes americanus","Ammodytes","Ammodytidae","Uranoscopiformes","Actinopteri","Chordata","Metazoa","MiFishU","TOP",95,238,238,238,TRUE,"Not artefactual",238,"MiFishU","PPO.Kildir.DLevesque.2020","PPO.Kildir.DLevesque.2020_ESV_MiFishU_1085",169,"FALSE","Yes_Good"
"490","CACCGCGGTTATACGAGAGGCCCAAGCTGATAGACCCCGGCGTAAAGAGTGGTTAAGATAAACTTAAAACTAAAGCCGAACACCCTCACAGCTGTTATACGCACCCGAGAGGAAGAAGCTCAACTACGAAAGTGGCTTTACAACCCCTGAACCCACGAAAGCTATGACA","ESV_MiFishU_1095","Ammodytidae","family",NA,NA,"Ammodytidae","Uranoscopiformes","Actinopteri","Chordata","Metazoa","MiFishU","TOP",95,233,233,233,TRUE,"Not artefactual",233,"MiFishU","PPO.Kildir.DLevesque.2020","PPO.Kildir.DLevesque.2020_ESV_MiFishU_1095",169,"FALSE","Yes_Good"
"491","CACCGCTGTTATACGAGAGGCCCAAGCTGATAGACCCCGGCGTAAAGAGTGGTTAAGATAAACTTAAAACTAAAGCCGAACACCCTCACAGCTGTTATACGCACCCGAGAGTAAGAAGCCCAACTACGAAAGTGGCTTTACAACCCCTGAACCCACGAAAGCTATGACA","ESV_MiFishU_1189","Ammodytidae","family",NA,NA,"Ammodytidae","Uranoscopiformes","Actinopteri","Chordata","Metazoa","MiFishU","TOP",95,180,180,137,TRUE,"Not artefactual",137,"MiFishU","PPO.Kildir.DLevesque.2020","PPO.Kildir.DLevesque.2020_ESV_MiFishU_1189",169,"FALSE","Yes_Good"
"492","CACCGCGGTTATACGAGAGGCCCAAGCTGATAGACCCCGGCGTAAAGAGTGGTTAAGATAAACTTAAAACTAAAGCCGAACACCCTCACAGCTGTTATACGCACCCGAGAGTAAGAAGCCCAACTACGAAAGTGGCTTTACAACCCCTGAACCCACGAAAGCAATGACA","ESV_MiFishU_1192","Ammodytidae","family",NA,NA,"Ammodytidae","Uranoscopiformes","Actinopteri","Chordata","Metazoa","MiFishU","TOP",95,180,180,180,TRUE,"Not artefactual",180,"MiFishU","PPO.Kildir.DLevesque.2020","PPO.Kildir.DLevesque.2020_ESV_MiFishU_1192",169,"FALSE","Yes_Good"
"493","CACCGCGGTTATACGAGAGGCCCAAGTTGACAAACAACGGCGTAAAGAGTGGTTAGGGGATTTACTAAACTAGAGCCGAACGCTTTCAAAGTTGTTATACGCACCCGAAAGTATGAAACCCAATTACGAAAGTAGCTCTACTCATCCTGAACCCACGAAAGCTAAGAAA","ESV_MiFishU_1198","Hippoglossus","genus",NA,"Hippoglossus","Pleuronectidae","Pleuronectiformes","Actinopteri","Chordata","Metazoa","MiFishU","TOP",95,175,175,175,TRUE,"Not artefactual",175,"MiFishU","PPO.Kildir.DLevesque.2020","PPO.Kildir.DLevesque.2020_ESV_MiFishU_1198",169,"FALSE","Yes_Good"
"494","CACCGCGGTTATACGAGAGGCCCAAGCTGATAGACCCCGGCGTAAAGAGTGGTTAAGATAAACTTAAAACTAAAGCCGAACACCCTCACAGCTGTTATACGCACCCGAGAGTAAGAAGCCCAACTACGAAAGTGGCGTTACAACCCCTGAACCCACGAAAGCTATGACA","ESV_MiFishU_1201","Ammodytidae","family",NA,NA,"Ammodytidae","Uranoscopiformes","Actinopteri","Chordata","Metazoa","MiFishU","TOP",95,174,174,174,TRUE,"Not artefactual",174,"MiFishU","PPO.Kildir.DLevesque.2020","PPO.Kildir.DLevesque.2020_ESV_MiFishU_1201",169,"FALSE","Yes_Good"
"495","CACCGCGGTTATACGAGAGGCACAAGCTGATAGACCCCGGCGTAAAGAGTGGTTAAGATAAACTTAAAACTAAAGCCGAACACCCTCACAGCTGTTATACGCACCCGAGAGTAAGAAGCTCAACTACGAAAGTGGCTTTACAACCCCTGAACCCACGAAAGCTATGACA","ESV_MiFishU_1261","Ammodytidae","family",NA,NA,"Ammodytidae","Uranoscopiformes","Actinopteri","Chordata","Metazoa","MiFishU","TOP",95,150,150,150,TRUE,"Not artefactual",150,"MiFishU","PPO.Kildir.DLevesque.2020","PPO.Kildir.DLevesque.2020_ESV_MiFishU_1261",169,"FALSE","Yes_Good"
"496","CACCGCGGTTATACGAGAGGCCCAAGCTGATAGACCCCGGCGTAAAGAGTGGTTAGGATAAACTTAAAACTAAAGCCGAACGCCCTCACAGCTGTTATACGCACCCGAGAGTAAGAAGCCCAACTACGAAAGTGGCTTTACAACCCCTGAACCCACGAAAGCTATGACA","ESV_MiFishU_1270","Ammodytidae","family",NA,NA,"Ammodytidae","Uranoscopiformes","Actinopteri","Chordata","Metazoa","MiFishU","TOP",95,147,147,147,TRUE,"Not artefactual",147,"MiFishU","PPO.Kildir.DLevesque.2020","PPO.Kildir.DLevesque.2020_ESV_MiFishU_1270",169,"FALSE","Yes_Good"
"497","CACCGCGGTTATACGAGAGGCCCAAGCTGATAGACCCCGGCGTAAAGAGTGGTTAAGATAAACTTGAAACTAAAGCCGAACACCCTCACAGCTGTTATACGCACCCGAGGGCAAGAAGCCCAACTACGAAAGTGGCTTTACAACCCCTGAACCCACGAATGCTATGACA","ESV_MiFishU_1271","Ammodytes dubius","species","Ammodytes dubius","Ammodytes","Ammodytidae","Uranoscopiformes","Actinopteri","Chordata","Metazoa","MiFishU","TOP",95,147,147,127,TRUE,"Not artefactual",127,"MiFishU","PPO.Kildir.DLevesque.2020","PPO.Kildir.DLevesque.2020_ESV_MiFishU_1271",169,"FALSE","Yes_Good"
"498","CACCGCGGTCATACGATTGACCCAAATTAATAGAAGCACGGCGTAAAGAGTGTTAAGGAACTACATAAAATTAAAGTCAAATCTTAATTAAGCTGTAAAAAGCCCTAATTAAAATTAAGCCAAACTACGAAAGTGACTTTAGTATAATCCGATCACACGACAGCTAAGACC","ESV_MiFishU_1283","Balaenoptera acutorostrata","species","Balaenoptera acutorostrata","Balaenoptera","Balaenopteridae","Artiodactyla","Mammalia","Chordata","Metazoa","MiFishU","TOP",95,141,141,13,TRUE,"Not artefactual",13,"MiFishU","PPO.Kildir.DLevesque.2020","PPO.Kildir.DLevesque.2020_ESV_MiFishU_1283",171,"FALSE","Yes_Good"
"499","CACCGCGGTTATACGAGAGGCCCAAGCTGATAGACCCCGGCGTAAAGAGTGGTTAAGATAAACTTGAGACTAAAGCCTAACACCCTCACAGCTGTTATACGCACCCGAGGGCAAGAAGCCCAACTACGAAAGTGGCTTTACAACCCCTGAACCCACGAAAGCTATGACA","ESV_MiFishU_1284","Ammodytes americanus","species","Ammodytes americanus","Ammodytes","Ammodytidae","Uranoscopiformes","Actinopteri","Chordata","Metazoa","MiFishU","TOP",95,141,141,141,TRUE,"Not artefactual",141,"MiFishU","PPO.Kildir.DLevesque.2020","PPO.Kildir.DLevesque.2020_ESV_MiFishU_1284",169,"FALSE","Yes_Good"
"500","CACCGCGGTTATACGAGAGGCCCAAGCTGATAGACCCCGGCGTAAAGAGTGGTTAAGATAAACTTAAAACTAAAGCCGAACACCCTCACAGCTGTTATACGCACCCGAGAGTAAGAAGCCCAACTACGAAAGTGGCTTTACAACCCCTGAACACACGAAAGCTATGACA","ESV_MiFishU_1287","Ammodytidae","family",NA,NA,"Ammodytidae","Uranoscopiformes","Actinopteri","Chordata","Metazoa","MiFishU","TOP",95,140,140,78,TRUE,"Not artefactual",78,"MiFishU","PPO.Kildir.DLevesque.2020","PPO.Kildir.DLevesque.2020_ESV_MiFishU_1287",169,"FALSE","Yes_Good"
"501","CACCGCGGTTATACGAGAGGCCCAAGCTGATAGACCCCGGCGTAAAGAGTGGTTAAGATAAACTTGAGACTAAAGCCGAACACCCTCACAGCTGTTATACGCACCCGTGGGCAAGAAGCCCAACTACGAAAGTGGCTTTACAACCCCTGAACCCACGAAAGCTATGACA","ESV_MiFishU_1335","Ammodytes americanus","species","Ammodytes americanus","Ammodytes","Ammodytidae","Uranoscopiformes","Actinopteri","Chordata","Metazoa","MiFishU","TOP",95,123,123,123,TRUE,"Not artefactual",123,"MiFishU","PPO.Kildir.DLevesque.2020","PPO.Kildir.DLevesque.2020_ESV_MiFishU_1335",169,"FALSE","Yes_Good"
"502","CACCGCGGTTATACGAGAGGCCCAAGCTGATCGACCCCGGCGTAAAGAGTGGTTAAGATAAACTTGAGACTAAAGCCGAACACCCTCACAGCTGTTATACGCACCCGAGGGCAAGAAACCCAACTACGAAAGTGGCTTTACAACCCCTGAACCCACGAAAGCTATGACA","ESV_MiFishU_1348","Ammodytes americanus","species","Ammodytes americanus","Ammodytes","Ammodytidae","Uranoscopiformes","Actinopteri","Chordata","Metazoa","MiFishU","TOP",95,119,119,119,TRUE,"Not artefactual",119,"MiFishU","PPO.Kildir.DLevesque.2020","PPO.Kildir.DLevesque.2020_ESV_MiFishU_1348",169,"FALSE","Yes_Good"
"503","CACCGCGGTTATACGAGAGGCCCAAGTTGACAAACGCCGGCGTAAAGAGTGGTTAAGTCAAAACTCATACTAAAGCCAAACATCTTCAAGACTGTTATACGCAACCGGAGACAGGAAGTTCAACCACGAAAGTGGCTTTATCTCATCTGAACCCACGAAAGCTAAGGAA","ESV_MiFishU_1378","Gymnocanthus tricuspis","species","Gymnocanthus tricuspis","Gymnocanthus","Cottidae","Perciformes","Actinopteri","Chordata","Metazoa","MiFishU","TOP",95,109,109,109,TRUE,"Not artefactual",109,"MiFishU","PPO.Kildir.DLevesque.2020","PPO.Kildir.DLevesque.2020_ESV_MiFishU_1378",169,"FALSE","Yes_Good"
"504","CACCGCGGTTATACGAGAGGCCCAAGCTGATAGACCCCGGCGTAAAGAGTGGTTAAGATAAACTTGAGACTAAAGCCGAACACCCTCACAGCTGTTATACGCACCCGAGGGCAAGAAGCCCAACTACGAAAGTGGCTTTACAACCCCTGAACCCACGTAAGCTATGACA","ESV_MiFishU_1390","Ammodytes americanus","species","Ammodytes americanus","Ammodytes","Ammodytidae","Uranoscopiformes","Actinopteri","Chordata","Metazoa","MiFishU","TOP",95,102,102,29,TRUE,"Not artefactual",29,"MiFishU","PPO.Kildir.DLevesque.2020","PPO.Kildir.DLevesque.2020_ESV_MiFishU_1390",169,"FALSE","Yes_Good"
"505","CACCGCGGTTATACGAGAGGCCCAAGCTGATAGACCCCGGCGTAAAGAGTGGTTAAGATAAACTTAAAACTAAAGCCGAACACCCTCACAGCTGTTATACGCACCCGAGAGTAAGAAGCCCAACTACGAAAGTGGCTTTACAACCCCTGAACCAACGAAAGCTATGACA","ESV_MiFishU_1391","Ammodytidae","family",NA,NA,"Ammodytidae","Uranoscopiformes","Actinopteri","Chordata","Metazoa","MiFishU","TOP",95,102,102,74,TRUE,"Not artefactual",74,"MiFishU","PPO.Kildir.DLevesque.2020","PPO.Kildir.DLevesque.2020_ESV_MiFishU_1391",169,"FALSE","Yes_Good"
"507","CACCGCGGTTATACGAGAGGCCCAAGCTGATAGACCCCGGCGTAAAGAGTGGTTAAGATAAACTTAAAACTAAAGCCGAACACCCTCACAGCTGTTATACGCACCGGAGAGTAAGAAGCTCAACTACGAAAGTGGCTTTACAACCCCTGAACCCACGAAAGCTATGACA","ESV_MiFishU_1505","Ammodytidae","family",NA,NA,"Ammodytidae","Uranoscopiformes","Actinopteri","Chordata","Metazoa","MiFishU","TOP",95,66,66,66,TRUE,"Not artefactual",66,"MiFishU","PPO.Kildir.DLevesque.2020","PPO.Kildir.DLevesque.2020_ESV_MiFishU_1505",169,"FALSE","Yes_Good"
"508","CACCGCGGTTATACGAGAGGCCCAAGCAGATAGACCCCGGCGTAAAGAGTGGTTAAGATAAACTTAAAACTAAAGCCGAACACCCTCACAACTGTTATACGCACCCGAGAGTAAGAAGCCCAACTACGAAAGTGGCTTTACAACCCCTGAACCCACGAAAGCTATGACA","ESV_MiFishU_1537","Ammodytidae","family",NA,NA,"Ammodytidae","Uranoscopiformes","Actinopteri","Chordata","Metazoa","MiFishU","TOP",95,54,54,54,TRUE,"Not artefactual",54,"MiFishU","PPO.Kildir.DLevesque.2020","PPO.Kildir.DLevesque.2020_ESV_MiFishU_1537",169,"FALSE","Yes_Good"
"510","CACCGCGGTTATACGAGAGGCCCAAGTTGACAAACAACGGCGTAAAGAGTGGTTAGGGGATTTACTAAACTAGAGCCGAACGCTTTCAAAGCTGTTATACGCACCCGAAAGTATGAAGCCCAATTACGAAAGTAGCTCTACTCATCCTGAACCCACGAAAGCTACGAAA","ESV_MiFishU_1663","Hippoglossus","genus",NA,"Hippoglossus","Pleuronectidae","Pleuronectiformes","Actinopteri","Chordata","Metazoa","MiFishU","TOP",95,19,19,19,TRUE,"Not artefactual",19,"MiFishU","PPO.Kildir.DLevesque.2020","PPO.Kildir.DLevesque.2020_ESV_MiFishU_1663",169,"FALSE","Yes_Good"
"512","CACCGCGGTTATACGAGAGGCCCAAGTTGACAGACATCGGCGTAAAGAGTGGCTAAGTTAAAACTTATACTAAAGCCGAACGTCCTCAAGACTGTTATACGCACCCGAAGATAAGAAGTTCAACCACGAAGGTGGCTTTATTTAGTCTGAACCCACGAAAGCTACGGCG","ESV_MiFishU_1687","Stichaeus punctatus","species","Stichaeus punctatus","Stichaeus","Stichaeidae","Perciformes","Actinopteri","Chordata","Metazoa","MiFishU","TOP",95,7,7,7,TRUE,"Not artefactual",7,"MiFishU","PPO.Kildir.DLevesque.2020","PPO.Kildir.DLevesque.2020_ESV_MiFishU_1687",169,"FALSE","Yes_Good"
"513","CACCGCGGTCACACGATTAACCCAAACTAATAGGCCCTCGGCGTAAAGCGTGTTAAAGATCAACCCACACTAAAGCTAAAACCTAACCAAGCCGTAAAAAGCTACCGTTAACATAAAATAAACTACGAAAGTGACTTTACTAACTCTGACAGCACGATAGCTAAGACC","ESV_MiFishU_1691","Halichoerus grypus","species","Halichoerus grypus","Halichoerus","Phocidae","Carnivora","Mammalia","Chordata","Metazoa","MiFishU","TOP",95,6,6,6,TRUE,"Not artefactual",6,"MiFishU","PPO.Kildir.DLevesque.2020","PPO.Kildir.DLevesque.2020_ESV_MiFishU_1691",168,"FALSE","Yes_Good"
"516","CACAGCGCTTATACGAGAGGCCCAAGCTGATAGACCCCGGCGTAAAGAGTGGTTAAGATAAACTTAAAACTAAAGCCGAACACCCTCACAGCTGTTATACGCACCCGAGAGTAAGAAGCCCAACTACGAAAGTGGCTTTACTACCCCTGAACCCACGAAAGCTATGACA","ESV_MiFishU_1722","Ammodytidae","family",NA,NA,"Ammodytidae","Uranoscopiformes","Actinopteri","Chordata","Metazoa","MiFishU","TOP",95,1,1,1,TRUE,"Not artefactual",1,"MiFishU","PPO.Kildir.DLevesque.2020","PPO.Kildir.DLevesque.2020_ESV_MiFishU_1722",169,"FALSE","Yes_Good"
