sequence,QueryAccVer,Taxon,Levels,species,genus,family,order,class,phylum,kingdom,Loci,Method,Threshold,count,count.tagjump,count.tagjump.subgroup,not_a_max_conta,artefact_type,count_postmetbaR
ACTAAGTCATATTACTAGTCACTCAGGAGGTGCTGTAGATTTAGCTATTTTTAGTTTACACGTTTCAGGTGCAAGTAGTATTTTAGGTGCAATCAACTTTATTACTACCATCTTTAATATGCGTGGACCTGGATTATTAATGCATCGCTTACCTTTATTTGTATGGAGTGTTTTAATTACAGCGTTTTTACTTCTTCTCTCATTACCTGTACTTGCAGGTGCAATTACAATGTTACTAACTGATCGAAACTTTTCAACCAGTTTCTTTGACCCAAGTGGTGGAGGAGACCCTATTTTATATCAACATTTATTC,ESV_COI_2,Micromonas pusilla,species,Micromonas pusilla,Micromonas,Mamiellaceae,Mamiellales,Mamiellophyceae,Chlorophyta,Viridiplantae,COI,TOP,95,18024,17843,3621,TRUE,Not artefactual,1285
TCTTTCAAGTGTTTTATCTCACTCTGGAGGTTCTGTGGATTTAGCAATTTTCAGTCTTCACTTATCAGGAGCAGCTTCAATTTTAGGTGCAATTAACTTTATTTGTACAATTGTAAATATGAGAACTGAGAGTTTACCATTCCATAAGCTTCCGTTATTTGTTTGGTCTGTTTTCATTACTGCCATTTTATTACTACTATCTTTACCTGTTCTAGCGGGTGCCATAACAATGTTATTGACCGATAGAAATTTCAATACCACTTTTTTTGATCCTGCAGGTGGAGGAGATCCTGTACTTTTTCAGCACTTATTT,ESV_COI_4,Pseudo-nitzschia delicatissima,species,Pseudo-nitzschia delicatissima,Pseudo-nitzschia,Bacillariaceae,Bacillariales,Bacillariophyceae,Bacillariophyta,NA,COI,TOP,95,6885,6815,673,TRUE,Not artefactual,558
ATTAAGTAGTATCTCTGGTCACCCAGGGGGTGCTGTTGACTTAGCAATTTTCAGTCTTCATGTTTCTGGTGCTTCATCGATATTAGGAGCTGTAAATTTTATTACTACAATTTTTAATATGAGATGTCCAGGAATGACAATGCACCGAGTGCCTTTATTTGTTTGGGCAGTGTTAATTACAGCCTTTTTATTATTATTGTCATTACCTGTTTTAGCGGGTGCTATCACAATGTTACTTTGTGATCGTAACTTTAATACAACTTTTTTTGACCCATCAGGTGGTGGTGACCCGATCTTATATCAGCATTTGTTC,ESV_COI_6,NA,NA,NA,NA,NA,NA,NA,NA,NA,NA,NA,NA,6657,6583,6212,TRUE,Not artefactual,6212
TCTATCTACTTCTTTCCTATCTCTATCCCCATCTTCTATGTATTTCCTACTATCTGGTCTACTAGTTTCTGGTCTATCTTCTGCTCTAACTTCTCTAAACTTCTTCCTAACAATTCTTAACATGCGTTGTTTCTCTATGAATCTAAAGCTACTACCTCTATTCAACTGGTCTATCCTAATTACTTCTGTCCTACTTCTACTAACTCTACCTGTTCTATCTGGTGCTGTCGTTATGATCCTATCCGATCTATCTGCTAATACACTATTCTATGATCCAATCTTCGGTGGTGATCCTGTTCTTTACCAGCATCTTTTC,ESV_COI_7,Heterocapsa rotundata,species,Heterocapsa rotundata,Heterocapsa,Heterocapsaceae,Peridiniales,Dinophyceae,NA,NA,COI,TOP,95,5930,5867,1232,TRUE,Not artefactual,1217
ATTAGCAAGTATTGCTTTCCATTCAGGAGGAGCGGTTGATTGTGCAATTTTTGCTCTTCACGTTGCAGGAGCTTCTTCAATTCTTGGAGCAGTAAACTTCATTACAACTGTAATGAACATGCGAGCACCAGGAATTAGCCTTCACCGAATGCCTCTATTTGTATGAAGTGTTTTCGTAACTGTTGTACTTCTTTTACTAGCTGTACCTGTACTTGCAGGAGCAATTACGATGCTACTAACAGATCGAAACTTCAACACAACTTTCTTTGACCCAGCCGGGGGAGGAGATCCTGTGCTTTACCAGCACCTTTTC,ESV_COI_8,NA,NA,NA,NA,NA,NA,NA,NA,NA,NA,NA,NA,5567,5510,195,TRUE,Not artefactual,31
TCTAAGTAGTGTACAAGCACACTCAGGTCCTTCTGTTGATTTAGCTATCTTCAGTTTACACCTAGCAGGTGCTTCTTCTATTTTAGGTGCGGCTAACTTTATTACCACTATTCTTAACATGCGTGCTCCAGGTGTCACTATGCACAAACTTCCATTATTTGTTTGGGCTGTGTTAATTACAGCAGTGTTACTTTTATTATCTTTACCTGTTCTTGCGGGTGCGATTACCATGCTGTTAACAGATCGTAACTTTAACACTACTTTCTTTGATCCTGCTGGTGGAGGTGATCCTGTACTATACCAACACCTTTTC,ESV_COI_9,NA,NA,NA,NA,NA,NA,NA,NA,NA,NA,NA,NA,4855,4806,109,TRUE,Not artefactual,8
GCTTTCAAGTGGAACTTCTCACTCAGGTGGTGCTGTTGATCTAGCTATTTTCAGTCTACACCTTTCAGGAGCTTCATCAATCCTAGGAGCAATTAACTTTATATGTACTATTTTCAATATGAGAGTGAAAAGTTTGTCATTCCACAACTTACCTCTTTTTGTTTGGGCTGTTTTAATTACGGCTTTTCTATTATTGTTGTCTTTACCTGTTTTAGCAGGAGCAATAACAATGTTATTGACTGATAGAAATTTCAACACTACTTTCTTCGATCCTGCGGGGGGAGGAGATCCTGTGCTATACCAGCATTTGTTC,ESV_COI_12,NA,NA,NA,NA,NA,NA,NA,NA,NA,NA,NA,NA,3366,3332,41,TRUE,Not artefactual,20
GTTAAGTGCAGAACTTGCCCATTCTGGTGCTTCGGTAGATTTAAGTATTTTTAGTTTACATTTAGCTGGTGTATCCTCAATTGCTGGTGCTATAAACTTTATAACAACTATACTTATGATGCGTTTAAATGCACTAACAATGAAACGTATAAGCTTGTACGTGTGATCTGTTTTGATTACAGCTATTTTACTATTATTGTCTTTACCTGTACTAGCAGGGTGTATCACAATGCTGTTAACAGACCGTAATTTTGGTACTTCATTTTTTGATAGCCTAGGTGGTGGTGATCCAGTTTTGTTTCAGCATTTATTT,ESV_COI_13,NA,NA,NA,NA,NA,NA,NA,NA,NA,NA,NA,NA,3045,3032,3032,TRUE,Not artefactual,3032
TCTAAGTCATATTACGAGCCACTCTGGTGGTGCAGTTGATTTAGCTATTTTCAGTTTACATTTATCTGGAGCGAGCAGTATTTTAGGGGCGATTAACTTTATTACCACTATCTTTAACATGCGTGGGCCTGGTCTGGGCTTCCATCGCTTACCTTTATTTGTGTGGTCTGTTCTGATTACGGCCTTCTTACTTCTTCTCTCTTTACCGGTTTTAGCGGGAGCGATTACGATGCTGTTAACGGATCGTAACTTCAATACCTCGTTCTTTGATCCGGCGGGCGGAGGTGACCCTATTTTGTTCCAGCACCTTTTT,ESV_COI_15,Bathycoccus prasinos,species,Bathycoccus prasinos,Bathycoccus,Bathycoccaceae,Mamiellales,Mamiellophyceae,Chlorophyta,Viridiplantae,COI,TOP,95,2854,2825,579,TRUE,Not artefactual,10
ATTAGCAAGTATTGCATTCCACTCAGGGGGTGCAGTTGATTGTGCAATTTTCGCTCTTCACGTTGCAGGAGCATCTTCAATTCTTGGAGCAGTAAACTTTATTACAACTGTAATGAACATGCGAGCTCCAGGAATTAGTCTTCACCGAATGCCTTTATTCGTATGAAGTATTTTTGTAACTGTTGTACTTCTTTTATTAGCTGTACCTGTACTTGCAGGAGCAATTACGATGCTATTAACAGACCGAAACTTTAACACAACTTTCTTTGACCCTGCCGGGGGAGGAGATCCAGTTCTTTATCAGCATCTTTTC,ESV_COI_18,NA,NA,NA,NA,NA,NA,NA,NA,NA,NA,NA,NA,2545,2513,44,TRUE,Not artefactual,44
TTTATCTAGTGGAAGCTCTCACTCAGGAGCGTCTGTAGATTTGGCGATTTTTAGTTTGCATTTATCAGGTGCTTCTTCTATTTTAGGTGCAATTAATTTTATTTGTACTATTTTCAATATGAGGTTACCAGGACTTTATATGCACAAATTACCACTTTTTGTATGGTCTGTTTTAATCACAGCTTTTTTATTACTGTTATCATTGCCTGTACTAGCAGGAGCAATAACAATGTTATTAACTGATAGAAATTTTAACACGACTTTTTTTGACCCTGCAGGAGGAGGAGACCCTATTTTATACCAACATTTATTT,ESV_COI_19,NA,NA,NA,NA,NA,NA,NA,NA,NA,NA,NA,NA,2538,2510,16,TRUE,Not artefactual,16
TTTGTCAAGTGCAACAGCTCATTCTGGAGGCTCTGTAGATTTAGCAATATTTAGTTTACATTTATCAGGTGCGTCCTCTATTTTAGGTGCTATTAACTTCATTTGTACTATTTTCAACATGCGAGTAAAAAGCTTATCTTTTCATAATCTTCCTCTATTTGTATGGTCTGTTCTAATAACAGCATTTTTATTATTATTATCTTTGCCTGTTTTAGCTGGAGCCATTACAATGTTATTAACAGATAGAAATTTTAATACTACTTTTTTTGACCCAGCTGGTGGAGGTGACCCTGTATTATTTCAGCACCTTTTC,ESV_COI_24,Skeletonema,genus,NA,Skeletonema,Skeletonemataceae,Thalassiosirales,Coscinodiscophyceae,Bacillariophyta,NA,COI,TOP,95,2004,1982,33,TRUE,Not artefactual,33
ATTAAGTCATATTACAAGTCACTCAGGAGGTGCAGTAGATTTAGCTATTTTTAGTTTACACGTTTCAGGAGCAAGTAGTATTTTAGGAGCAATTAATTTTATTACAACCATTTTTAATATGCGAGGACCAGGATTACTTCTGCACCGTTTACCACTATTTGTGTGGAGTGTATTAATTACAGCTTTTTTACTTTTATTATCTCTTCCAGTTTTAGCGGGAGCTATTACAATGCTTTTAACTGATCGTAATTTTTCGACTAGTTTTTTTGATCCAAGTGGTGGAGGTGACCCGATTTTATATCAGCATTTATTC,ESV_COI_26,Micromonas pusilla,species,Micromonas pusilla,Micromonas,Mamiellaceae,Mamiellales,Mamiellophyceae,Chlorophyta,Viridiplantae,COI,TOP,95,1886,1865,965,TRUE,Not artefactual,910
TCTTGCAAGTATTCAGTTCCACTCTGGTGGTGCTGTTGATTGTGCTATTTTTGCACTTCACGTAGCAGGAGCTTCTTCTATTCTTGGAGCTATTAACTTCATTACAACTATTATGAACATGCGAGCGCCAGGTATCAGTCTTCACCGAATGCCTTTATTCGTATGAAGTATCCTTGTAACTGTAGTTTTACTTCTTTTAGCTGTACCTGTTCTTGCTGGTGCAATTACTATGCTATTAACTGATCGAAACTTTAACACAACTTTCTTTGACCCTGCTGGGGGAGGAGATCCAGTTCTATACCAACACCTATTC,ESV_COI_29,NA,NA,NA,NA,NA,NA,NA,NA,NA,NA,NA,NA,1622,1605,167,TRUE,Not artefactual,51
TTTAGCCTCCACTGTAGCTCATAGTGGGGGGGCCGTAGATCTAGCTATTTTTAGTCTTCACTTGGCAGGAGCCTCTTCAATTTTAGGCGCTATCAATTTCTTGTCTACTGTTATTAATATACGAAGGCCCCGTATAGCAATAGACCAAATACCTTTGTTTGTTTGGTCAGTTTTTATTACAGCAATTCTTCTCCTTTTATCCCTCCCAGTTCTTGCAGGGGCTATTACTATACTTTTAACCGACCGAAATTTAAACACATCTTTTTTTGATCCCAGGGGGGGAGGTGACCCTATCTTGTACCAGCACCTATTT,ESV_COI_32,Gammarus,genus,NA,Gammarus,Gammaridae,Amphipoda,Malacostraca,Arthropoda,Metazoa,COI,TOP,95,1463,1463,1463,TRUE,Not artefactual,1463
ATTAAGTAGTATCTCTGGTCACCCAGGGGGTGCTGTTGACTTAGCAATTTTCAGTCTTCATGTTTCTGGTGCTTCATCGATATTAGGAGCTGTAAATTTTATTACTACAATTTTTAATATGAGATGTCCAGGAATGACAATGCACCGAGTGCCTTTATTTGTTTGGGCAGTGTTAATCACAGCCTTTTTATTATTATTGTCATTACCTGTTTTAGCGGGTGCTATCACAATGTTACTTTGTGATCGTAACTTTAATACAACTTTTTTTGACCCATCAGGTGGTGGTGACCCGATCTTATATCAGCATTTGTTC,ESV_COI_43,NA,NA,NA,NA,NA,NA,NA,NA,NA,NA,NA,NA,627,627,627,TRUE,Not artefactual,627
TTTAGCCTCCACTGTAGCTCATAGTGGGGGGGCCGTAGATCTAGCTATTTTTAGTCTTCACTTGGCAGGAGCCTCTTCAATTTTAGGCGCTATCAATTTCTTGTCTACTGTTATTAATATACGAAGGCCCCGTATAGCAATAGACCAAATACCTTTGTTTGTTTGGTCAGTTTTTATTACAGCAATTCTTCTCCTTTTATCCCTCCCAGTTCTTGCAGGGGCTATTACTATACTTTTAACCGACCGAAATTTAAACACATCTTTTTTTGATCCCAGGGGGGGAGGTGATCCTATCTTGTACCAGCACCTATTT,ESV_COI_47,Gammarus lawrencianus,species,Gammarus lawrencianus,Gammarus,Gammaridae,Amphipoda,Malacostraca,Arthropoda,Metazoa,COI,TOP,95,601,601,601,TRUE,Not artefactual,601
TCTTTCAAGTGCAACAGCTCATTCAGGAGGTTCCGTAGACTTAGCAATTTTTAGTTTACACGTTTCTGGAGCGTCTTCTATTTTGGGTGCAATCAATTTTATTTGTACTATTTTTAACATGCGAGTTAAGTCTTTGTCTTTTCACAATTTACCATTATTTGTATGATCTGTTTTAATTACTGCTTTCTTATTATTGTTATCTTTACCTGTGTTAGCCGGGGCGATTACTATGCTGTTAACTGATAGAAATTTTAATACTACCTTCTTTGACCCAGCTGGCGGTGGCGACCCTGTGCTATTTCAACATCTTTTT,ESV_COI_48,NA,NA,NA,NA,NA,NA,NA,NA,NA,NA,NA,NA,600,592,11,TRUE,Not artefactual,11
TTTAGCAAGTATTGCTTTTCACTCTGGGGGAGCAGTTGATTGTGCTATTTTTGCTCTTCACGTTGCAGGAGCTTCTTCAATTCTTGGAGCTGTAAACTTTATTACAACTGTACTTAACATGCGAGCCCCAGGAATCAGCCTTCACCGAATGCCTTTATTTGTATGAAGTGTATTTGTAACGGTTGTTCTTCTTCTATTAGCTGTACCTGTTCTGGCTGGAGCGATCACAATGTTATTAACAGATCGAAACTTTAACACAACTTTCTTTGATCCTGCGGGAGGAGGAGATCCTGTTCTTTACCAGCACCTTTTC,ESV_COI_50,NA,NA,NA,NA,NA,NA,NA,NA,NA,NA,NA,NA,593,593,53,TRUE,Not artefactual,53
ACTTTCTAGTGTACAAGCACACTCTGGCCCCTCTGTTGATTTGGCTATTTTTAGTTTGCATGTTTCAGGGGCAGCTTCTATTTTGGGTTCTATTAATTTTATTACCACTATCTTTAACATGAGAGGGCCTGGTATAACTATACATAGACTCCCTTTGTTTTGTTGGGCATTGCTAATTACAGCTTTTTTGCTACTTCTATCACTTCCTGTTCTTGCAGGGGCTATTACTATACTGCTATGTGATAGAAACTTTAATACTACATTTTTTGATCCTGCTGGAGGAGGAGATCCTGTACTATACCAACATTTGTTT,ESV_COI_51,NA,NA,NA,NA,NA,NA,NA,NA,NA,NA,NA,NA,573,566,7,TRUE,Not artefactual,7
TTTAGCAAGTATTGCTTTTCACTCTGGAGGAGCAGTTGATTGTGCTATTTTCGCTCTTCACGTTGCAGGAGCTTCTTCAATTCTTGGAGCTGTAAACTTTATTACAACTGTACTTAACATGCGAGCCCCAGGAATCAGCCTTCACCGAATGCCTTTATTTGTATGAAGTGTATTTGTAACTGTTGTTCTTCTTTTATTAGCTGTACCTGTGCTGGCTGGAGCCATCACAATGCTACTAACAGATCGAAACTTTAACACAACTTTCTTCGATCCTGCGGGAGGAGGAGATCCTGTTCTTTACCAACACCTTTTC,ESV_COI_52,NA,NA,NA,NA,NA,NA,NA,NA,NA,NA,NA,NA,569,566,13,TRUE,Not artefactual,13
ATTAAGTAGTATAACTGCTCATTCTGGAGGATCTGTAGATTTAGCTATTTTTAGTTTACACTTGTCTGGGTTAAGTAGTCTTTTAGGAGCTATTAACTTTATTACAACAATTTTTAACATGAGAGGTCCAGGGATGACATTGCATAGACTTCCATTATTCGTTTGGTCTGTTTTAATAACAGCATTCTTGCTTTTACTATCTCTTCCTGTTCTAGCTGGCGCGATAACCATGTTGCTTACAGATCGTAACTTTAATACTAGTTTCTTTGATCCAGCAGGTGGAGGAGATCCGATACTTTTCCAACACTTATTT,ESV_COI_56,NA,NA,NA,NA,NA,NA,NA,NA,NA,NA,NA,NA,446,441,13,TRUE,Not artefactual,5
TCTTTCTGATTCTAAGTATCATAGGGGTATCTCAGTAGATTTAGCTATTTTTAGGCTTCATATTGCTGGAATTTCATCAATTTTAGGAAGAATTAATTTCTTAACTACAATTATTTGTTCTCGTACTACCAAAATAGTTTCTCTTGATCGTATGCCTCTAATAATTTGAGCAATAGCAGTAACTGCAGTGCTTTTAGTAACTAGGCTTCCTGTATTAGCAGGTGCAATCACTATGTTGTTAACAGATCGTAATTTTAACACTTCATTTTTCGATCCTGCTGGAGGAGGTAATCCAGTTCTGTACCAACATTTATTT,ESV_COI_95,NA,NA,NA,NA,NA,NA,NA,NA,NA,NA,NA,NA,291,291,24,TRUE,Not artefactual,24
ATTAGCGAGTGTACAAGCACACTCTGGTCCATCAGTAGACTTAGCTATTTTTAGTCTACACCTGGGTGGTACTTCATCTATTTTAGGTGCTGTTAATTTTATTACCACCATTATTAACATGCGTAGTCCAGGTATGACTATGCATAAATTACCACTTTTTGTTTGGTCAGTATTAATTACTGCTGTACTTCTATTATTATCATTACCTGTTTTAGCTGGTGCAATTACTATGCTATTAACTGATCGTAATTTTAATACTACTTTCTTTGATCCCGCTGGAGGAGGAGATCCTGTGTTATATCAGCATCTTTTC,ESV_COI_98,NA,NA,NA,NA,NA,NA,NA,NA,NA,NA,NA,NA,286,284,16,TRUE,Not artefactual,16
GCTAAGTGATATACTTTCTCATTCAGGTGCTGCTGTGGATCTTGCAATATTTAGCTTACATTTAGCCGGTATCTCTTCTATATTAGGTGCTATTAATTTTATTTGTACTATTTTTAATATGAGAGCTAGGGGGCTTTATATACATAGAATGCCTTTATTCGTTTGATCTATATTGATAACTGCTTTTTTATTGCTACTTTCATTACCTGTTTTAGCAGGTTGTATTACTATGTTATTAACAGATCGAAATTTAAACACGACTTTCTTTACTCCAGCGGGTGGAGGGGATCCTATTTTGTATCAACATTTATTT,ESV_COI_114,NA,NA,NA,NA,NA,NA,NA,NA,NA,NA,NA,NA,198,198,6,TRUE,Not artefactual,6
TTTGTCATCTAAGTTAGGCCATCCAGGGCCTTCTGTAGATATGGCTATTTTTGCATTACATCTAGCTGGAGCTTCATCAATACTCGGAGCTGTTAATTTTATTACCACAATTCTTAATATGCGTACACCTGGTATGACAATACATAAAATGCCTTTGTTTGTATGGGCTATGCTAATAACAGCCTTTTTACTTTTATTAGCTGTTCCAGTTTTAGCAGGAGCAATTACGATGTTACTAACTGATAGAAATTTTGGTACAACTTTTTTTGATCCAGCAGGTGGTGGAGATCCTGTATTATTCCAACATCTTTTC,ESV_COI_122,NA,NA,NA,NA,NA,NA,NA,NA,NA,NA,NA,NA,187,187,6,TRUE,Not artefactual,6
TTTAAGCTCAATACAAAGTCACTCTGGAGGTGCTGTAGATTTAGCTATTTTTAGTTTGCATTTGTCTGGTGCTGCGTCAATTTTAGGAGCTATAAATTTTATATCAACAATACTTAATATGCGTAACCCAGGCCAAAGTATGTATAGAATGCCTCTATTCGTGTGATCAATTTTTGTTACTGCATTTTTACTTTTATTAGCAGTACCAGTATTAGCTGGAGCAATTACTATGTTACTTACTGATCGTAATTTTAATACGTCATTTTTTGATCCTGCAGGTGGTGGTGATCCTGTATTATATCAACACCTTTTT,ESV_COI_128,Acrochaetium,genus,NA,Acrochaetium,Acrochaetiaceae,Acrochaetiales,Florideophyceae,Rhodophyta,NA,COI,TOP,95,162,162,162,TRUE,Not artefactual,162
TCTATCTACTTCTTTCCTATCTCTATCTCCATCTTCTATGTATTTCCTACTATCTGGTCTACTAGTTTCTGGTCTATCTTCTGCTCTAACTTCTCTAAACTTCTTCCTAACAATTCTTAACATGCGTTGTTTCTCTATGAATCTAAAGCTACTACCTCTATTCAACTGGTCTATCCTAATTACTTCTGTCCTACTTCTACTAACTCTACCTGTTCTATCTGGTGCTGTCGTTATGATCCTATCCGATCTATCTGCTAATACACTATTCTATGATCCAATCTTCGGTGGTGATCCTGTTCTTTACCAGCATCTTTTC,ESV_COI_133,Heterocapsa rotundata,species,Heterocapsa rotundata,Heterocapsa,Heterocapsaceae,Peridiniales,Dinophyceae,NA,NA,COI,TOP,95,154,154,154,TRUE,Not artefactual,146
ATTATCTAGTGGAAGTTCTCACTCAGGTGGGTCTGTAGATTTAGCTATTTTTAGTCTTCATTTATCAGGAGCATCTTCTATTTTAGGAGCAATTAATTTTATTTGTACAATTTTTAATATGAGAGTAAAAAGTTTAGCTTTTCATAAGTTACCTCTTTTTGTTTGGTCTGTTTTAATAACAGCTTTTTTACTTTTATTATCTTTACCCGTATTAGCAGGTGCTATTACAATGTTATTAACCGACAGAAATTTCAACACTACATTTTTTGATCCTGCTGGTGGTGGTGATCCTGTGTTGTACCAACATTTATTT,ESV_COI_135,NA,NA,NA,NA,NA,NA,NA,NA,NA,NA,NA,NA,151,151,3,TRUE,Not artefactual,3
ACACCCAACCTCTAGCATACGCTTAAGTATAGAACGCATCTCGTTTCAGTACTCTGGTAAAAACCTTTCTAACTGGGGGAACCATCATCCCAAGTGGTGCTGCCCAACGGAAGCTTCACCTAACAAAGCAAATTCAATTTCTTCCACCCACACCTTCTCAGACCCAAATATTACCCTATCCGAACATGTAATATCGTATGACCCTCTAAGATATTCTCCAACGACACAACTTGCTCTTTCCGTAGCGGCGGGTTCAAGGCTCTCCGTTTCCGTAAC,ESV_COI_154,NA,NA,NA,NA,NA,NA,NA,NA,NA,NA,NA,NA,119,118,106,TRUE,Not artefactual,106
ATTAGCGAGTGTACAAGCACACTCTGGTCCATCAGTAGACTTAGCTATTTTTAGTCTACACCTAGGTGGTACTTCATCTATTTTAGGTGCTGTTAACTTTATTACCACCATTATTAACATGCGTAGTCCAGGTATGACTATGCATAAATTACCACTTTTTGTTTGGTCAGTATTAATTACTGCTGTACTTCTATTATTATCATTACCTGTTTTAGCTGGTGCAATCACTATGCTATTAACTGATCGTAATTTTAATACTACTTTCTTTGATCCAGCTGGAGGAGGAGATCCTGTTTTATATCAGCATCTTTTC,ESV_COI_162,NA,NA,NA,NA,NA,NA,NA,NA,NA,NA,NA,NA,110,110,14,TRUE,Not artefactual,14
TTTAAGTGCAGCACAAGCACATTCAGGACCATCAGTAGATTTAGCAATTTTTAGTCTCCATCTTTCTGGAGCAGCTTCAATTTTAGGTGCTGTTAATTTTATTACCACCATCTTTAATATGAGATCTCCTGGTATGACTATGCATAGATTACCTCTTTATGTTTGAGCAGTTTTAGTAACTTCATTTTTACTATTACTATCATTACCTGTTTTAGGTGGTGCAATTACAATGCTTTTAACAGATCGTAATTTTAACACTTCATTTTTTGATCCAGCAGGAGGAGGAGATCCTATTTTATTCCAACATTTATTT,ESV_COI_179,NA,NA,NA,NA,NA,NA,NA,NA,NA,NA,NA,NA,94,94,20,TRUE,Not artefactual,20
ACAACAGAAAGGGTTCATTAAAGGGAGATTCATTTTCGATCATCTTTACGACGCTTTTGGGAGTTGGAGTGACATGGACACAGGCTGCTTCCTCTTTGTGGATTTCTCCAAAGCCTATGACTCGGTTACTCACCAGTTTGCCGCATCTTTCTTCACCTTGCTTGCCCTACCCCCGGAACTTGTCTCCCTGCTGTTAGCCCTATTCAGAAGCCCAATGGCGTTAGTGATCAACGGAGGGGTCTGCCTCACCTCAC,ESV_COI_205,NA,NA,NA,NA,NA,NA,NA,NA,NA,NA,NA,NA,73,73,73,TRUE,Not artefactual,73
TTTATCTAGTCTAATAGGTCATCCCGGACCTGCAGTGGACTATGCTATTCTTTCATTACATGTGGGAGGTGTTTCTTCGATTTTAGCTTCTATTAATTTTTTCACGACTTTTATTGCAATACGGTTAAAAATTATGAGGTTATATCGTACTCCTCTATTTGTGTGATGTATAGGAATTACAAGGTTTCTTTTAATTGTGGCAATACCTTTCTTAGCTGGCGCTTTAACTATGCTTTTAACGGATCGGAATTTTAATACTACTTTCTTTGACCCTGTTGGATTAGGGGATACAGTTTTATTCATTCACCTATTC,ESV_COI_216,NA,NA,NA,NA,NA,NA,NA,NA,NA,NA,NA,NA,66,66,61,TRUE,Not artefactual,61
ATTAAGTATTTTGGAACAAGCTATACCTGGATCGGGACTTGGAATGACTTTGTGGTTATTAAGTATGACACTGTTTATAGCTTCCTCATTAATTGGGGCGCTTAATTACATTGTTACAATTATTAACTTAAGAACCATTGGAATGAAAATGACAAGATTGCCACTTACTATTTGGGCATTCTTTGTAACTGCAATTTTAGGTGTACTTTCTTTTCCAGTATTAGTATCAGCAGTATTGTTGTTATTAATGGATAAGACTTTTGGAACAAGTTTCTACTTGTCTGATATCTTTATTGGAGGAGAAGCATTAGATGCATCTGGAGGTTCACCAATATTATACCAACATTTATTT,ESV_COI_223,NA,NA,NA,NA,NA,NA,NA,NA,NA,NA,NA,NA,64,64,15,TRUE,Not artefactual,15
ATTAAGTCATATTACAAGTCACTCTGGAGGTGCAGTAGATTTAGCTATTTTTAGTTTACACGTATCAGGAGCAAGTAGTATTTTAGGTGCAATTAATTTTATTACAACTATTTTTAATATGCGAGGACCTGGGTTACTTCTTCACCGTCTGCCATTATTTGTGTGGAGTGTACTAATTACAGCTTTTTTACTTTTATTATCTCTTCCAGTTTTAGCTGGCGCTATTACAATGCTTTTAACTGATCGTAACTTTTCAACTAGTTTTTTTGATCCAAGTGGCGGTGGTGACCCGATTTTATATCAGCATTTATTC,ESV_COI_228,Micromonas pusilla,species,Micromonas pusilla,Micromonas,Mamiellaceae,Mamiellales,Mamiellophyceae,Chlorophyta,Viridiplantae,COI,TOP,95,61,61,31,TRUE,Not artefactual,31
ATTAGCGGGTGTTAGTGGGCATTCTGGCCCGTCCGTCGATTTAGCTATTTTTAGCTTACACTTAGCAGGTGCATCTTCAATTTTAGGTGCTATTAACTTTATTACAACCATTTTCAACATGAGAGCTCCTGGTATGCATTATTACCGTTTACCCTTATTTGTTTGGGCTGTTTTAATTACTGCTTTTTTACTTCTTTTATCACTACCTGTTCTAGCAGGTGCGATTACAATGTTATTAACCGACCGTAATTTCAATACAACATTCTTCGAGCCTGCGGGCGGTGGAGACCCTATATTATACCAGCATTTATTC,ESV_COI_235,NA,NA,NA,NA,NA,NA,NA,NA,NA,NA,NA,NA,58,58,8,TRUE,Not artefactual,8
TTTATCTAGTGTGGCAGCACACTCTGGACCTTCTGTTGATTTGGCAATTTTTAGTCTACATTTAGCTGGAGCTTCATCTATTTTAGGTGCTGTTAACTTTATTACGACTATTGTCAACATGCGTCCACCAGGGTTAACTATGCATGAGTTACCTCTATTTGTGTGGGCCGTACTAATTACGGCAGTACTGTTATTACTATCACTACCTGTTTTAGCAGGAGCGATTACAATGTTATTAACAGATCGTAACTTTAATACAACATTCTTTGATCCAGCAGGAGGGGGAGATCCTATTCTTTACCAGCACCTATTC,ESV_COI_238,NA,NA,NA,NA,NA,NA,NA,NA,NA,NA,NA,NA,58,58,16,TRUE,Not artefactual,6
CCTTGCTAGAAACATTGCTCACGCCGGTCCCTCTGTTGACTTAGCTATTTTCTCCCTCCATCTAGCAGGGGTGTCATCAATCATAGGAGCGTTAAATTTCATTACAACGGTCATTAATATACGATCTAAGGGACTACGTCTAGAACGAGTACCTCTATTTGTATGATCCGTAATAATTACAGCTATTCTTCTATTACTAAGCCTTCCCGTTCTAGCCGGTGCCATTACAATACTACTAACAGACCGTAATCTAAACACCGCCTTTTTCGACCCAGCAGGAGGAGGAGACCCTATTTTATACCAACATTTATTT,ESV_COI_246,Alitta virens,species,Alitta virens,Alitta,Nereididae,Phyllodocida,Polychaeta,Annelida,Metazoa,COI,TOP,95,55,55,45,TRUE,Not artefactual,45
TTTATCATCATGGCAAGGCCATTCTGGAGGAGCTGTAGATATCGCAATTTTCAGTTTACATTTAGCTGGTATTTCTTCTATTGCAGGAGCTATCAACTTTATTTCGACTATTATGAATATGCGAGCTAGAGGTATGTATTATCACCGTTTACCTTTATTTGTTTGATCTGTTTATATTACTGCTTGGTTATTACTTTTAACAATCCCTGTTCTTGCAGGAGGTATTACTATGTTATTAACTGATCGTAATTTCAACACTTCTTTTTTTAACCCAACTGGTGGTGGTGATCCAGTTTTATATCAACATTTATTT,ESV_COI_254,NA,NA,NA,NA,NA,NA,NA,NA,NA,NA,NA,NA,53,53,4,TRUE,Not artefactual,4
TTTATCAAGAAATATTGCTCACTCTGGAGCATCTGTGGATTTATCAATTTTTTCTCTCCATTTAGCGGGAGCTTCTTCAATTCTAGGAGCAATTAATTTTATATCCACAGTTATTAATATACGAGCAGAAACTTTAACTTTTGATCGTCTTCCTCTTTTTGTATGAAGAGTATTTATTACAGTAATTTTACTTCTACTATCACTCCCTGTTTTAGCAGGAGCTATTACAATACTACTTACAGATCGAAATCTAAATACTTCGTTTTTTGACCCTACAGGAGGAGGTGATCCTATTCTTTATCAACATTTATTC,ESV_COI_256,Balanidae,family,NA,NA,Balanidae,Sessilia,Hexanauplia,Arthropoda,Metazoa,COI,TOP,95,52,52,52,TRUE,Not artefactual,52
TTTAGCAAGTATTGCTTTTCACTCTGGAGGAGCAGTTGATTGTGCTATTTTTGCTCTTCACGTTGCAGGAGCTTCTTCAATTCTTGGAGCTGTAAACTTTATTACAACTGTACTTAACATGCGAGCGCCAGGAATCAGCCTTCATCGAATGCCTTTATTTGTATGAAGTGTATTTGTAACGGTTGTTCTTCTTCTATTAGCTGTACCTGTTCTGGCTGGAGCGATCACAATGTTATTAACAGATCGAAACTTTAACACAACTTTCTTTGATCCTGCGGGAGGAGGAGATCCTGTTCTTTACCAGCACCTTTTC,ESV_COI_257,NA,NA,NA,NA,NA,NA,NA,NA,NA,NA,NA,NA,51,51,22,TRUE,Not artefactual,22
TTTATCAAGTGTTCAGGCTCACTCTGGACCTTCTGTAGATTTAGCTATTTTTAGTCTTCACCTAGCAGGTGCTTCATCCATTATGGGAGCAGTAAACTTTATTACTACTATATTAAACATGCGAGCTCCTGGTATGACTATGCATCGATTACCATTATTCGTTTGGGCGATCTTTATTACAGTAATTTTATTACTTCTTTCGCTACCAGTACTTGCTGCGGCAATTACTATGTTACTAACTGACCGTAACTTTAACACTACTTTCTTCGATCCAGCTGGAGGAGGAGATCCTGTGTTATATCAGCACCTATTT,ESV_COI_259,NA,NA,NA,NA,NA,NA,NA,NA,NA,NA,NA,NA,50,50,4,TRUE,Not artefactual,4
TTTATCAAGTATTGCATTTCATGGAGGTACTTCTGTTGAGTTTGCTATATTTAGTTTGCATATTGCAGGAGCTTCTTCTATACTAGGTGCGATTAATTTCATTTCTACTATATTTAATATGCGAGCAATAGGTTTAACTTTACATAGAATGCCTCTATTTGTTTGGGCCGTTTTAATTACAGCATTTTTGTTGTTATTATCTTTGCCTGTATTAGCTGGTGCAATTACTATGCTATTAACAGATAGGGCTTTTGGTACAATGTTTTATAACCCAGCAGGTGGTGGTGATCCTGTATTATACCAACATTTATTT,ESV_COI_260,NA,NA,NA,NA,NA,NA,NA,NA,NA,NA,NA,NA,50,50,50,TRUE,Not artefactual,50
ATTAGCGAGTGTACAAGCACACTCTGGTCCATCAGTAGACTTAGCTATTTTTAGTCTACACCTAGGTGGTACTTCATCTATTTTAGGTGCTGTTAACTTTATTACCACCATTATTAACATGCGTAGTCCAGGTATGACTATGCATAAATTACCACTTTTTGTTTGGTCAGTATTAATTACTGCTGTACTTCTATTATTATCATTACCTGTTTTAGCTGGTGCAATTACTATGCTATTAACTGATCGTAATTTTAATACTACTTTCTTTGATCCAGCTGGAGGAGGAGATCCTGTGTTATATCAGCACCTTTTC,ESV_COI_264,NA,NA,NA,NA,NA,NA,NA,NA,NA,NA,NA,NA,49,49,24,TRUE,Not artefactual,24
ATTATCGGGTATTTTAGCTCATTCGGGTGGTGCTGTTGATTGCGCTATTTATTCACTTCATTTAGCTGGGGTTTCATCTATTTTAGGAGCTATTAATTTCATTGTTACCATAACAAATATGCGAGCTCCTGGTATGTCAGCAAATCGAACTCCATTATTTGTTTGAGCTGTTTACATAACTGCTTTTTTATTATTACTTTCATTGCCTGTTTTAGCTGGTGCAATAACAATGTTATTAACTGATCGTAATTTCAATACTTCGTTTTTTGATCCGAATGGAGGTGGTGATCCGGTGTTATATCAGCATTTATTT,ESV_COI_275,NA,NA,NA,NA,NA,NA,NA,NA,NA,NA,NA,NA,45,45,13,TRUE,Not artefactual,7
GTTATCGAGTGTTCAGGCTCACTCAGGTCCATCGGTTGATTTAGCGATTTTCAGTTTACACTTATCTGGAGCTTCTTCGATTTTAGGTGCGATAAATTTTATTACGACAATTTTTAATATGAGAGCTCCTGGTTTAACTATGCATAGATTACCTTTATTTGTTTGGGCAGTTTTAATTACAGCTTTTTTATTATTACTATCGTTGCCTGTATTAGCGTCGGCTATTACTATGTTATTAACTGATCGTAACTTTAATACAACCTTTTTTGATCCTGCTGGTGGTGGTGATCCTGTACTTTACCAGCATCTTTTT,ESV_COI_279,NA,NA,NA,NA,NA,NA,NA,NA,NA,NA,NA,NA,44,44,44,TRUE,Not artefactual,44
TCTATCTAGTGTAGAAGCTCATTCTGGTGCTTCAGTTGATTTGGCTATTTTTAGTTTGCATATTGCAGGAGCTTCGTCTATTCTAGGTGCTGTTAATTTTATTACAACTATCTTTAATATACGAAGTCCTGGGATAACTATGCATAGGCTTCCTCTGTTTTGTTGGGCTGTGTTGATTACAGCTTTTTTGTTGTTGTTGTCTCTTCCTGTTTTGGCTGGGGCAATTACAATGTTGTTGACGGATCGTAACTTCAATACTACTTTTTTTGATCCAGCTGGTGGAGGTGATCCTGTTCTTTATCAGCATTTGTTT,ESV_COI_282,NA,NA,NA,NA,NA,NA,NA,NA,NA,NA,NA,NA,43,43,20,TRUE,Not artefactual,20
ACTATCTAGAAATATCGCTCACGCAGGCAGATCCGTTGATTTTGCCATTTTCTCGCTTCATTTAGCGGGTGTAAGTTCTATTTTAGGAGCCGTAAACTTTATTAGAACCTTAGGGAACTTGCGAGCCTTTGGTATAATTTTAGATCGAATACCCCTTTTTGCTTGGTCTGTGCTAATTACCGCAGTTCTTCTTCTTTTATCACTTCCTGTTCTAGCTGGAGCAATTACTATACTATTAACGGATCGTAATTTAAATTCAAGATTTTACGACGCAAGCGGGGGCGGAGATCCGATTTTGTACCAGCACTTGTTC,ESV_COI_290,NA,NA,NA,NA,NA,NA,NA,NA,NA,NA,NA,NA,42,42,42,TRUE,Not artefactual,42
ATTAAGTAGCGTACAAGCACATTCTGGTGGTTCTGTAGATTTAGCTATTTTTAGTTTACATTTAGCAGGTGCTTCTTCTATATTAGGTGCTGTTAATTTTATTACTACAATCCTTAATATGAGAAGTCCTGGTATGATTTTACATAATGTACCTTTATTTGTTTGGTCTGTATTAATTACAGCAGTCTTATTATTATTATCATTACCTGTATTAGCTGGGGCTATTACTATGTTATTAACTGATAGAAATTTTAATACTACATTTTTTGATCCTGCAGGTGGTGGAGATCCCGTATTATATCAACATTTATTT,ESV_COI_295,NA,NA,NA,NA,NA,NA,NA,NA,NA,NA,NA,NA,41,41,41,TRUE,Not artefactual,41
TTTATCTAGTCTAATAGGTCATCCCGGACCTGCAGTGGACTATGCTATTCTTTCATTACATGTGGGAGGTGTTTCTTCGATTTTAGCTTCTATTAATTTTTTCACGACTTTTATTGCAATACGGTTAAAAATTATGAGGTTATATCGTACTCCTCTATTTGTGTGATGTATAGGAATTACAAGGTTTCTTTTAATTGTGGCAATACCTTTCTTAGCTGGCGCTTTAACTATGCTTTTAACGGATCGGAATTTTAATACCACTTTCTTTGACCCTGTTGGATTAGGGGATACAGTTTTATTCATTCACCTATTC,ESV_COI_304,NA,NA,NA,NA,NA,NA,NA,NA,NA,NA,NA,NA,38,38,30,TRUE,Not artefactual,30
ACTTTCAAGTGTACAAGCTCATTCAGGTCCATCTGTTGATCTTGCTATTTTTAGTCTTCACCTTTCTGGAGCCTCTTCTATTTTAGGTGCTATTAACTTTATTACTACTATTTTCAACATGCGTGCACCTGGTTTAACTATGCACCGGTTACCACTTTTTGTTTGGGCAGTTTTAATTACTGCATTTTTATTATTGTTATCGTTACCAGTTCTTGCAGGTGCGATCACTATGCTATTAACCGATCGGAATTTTAACACTGCTTTTTTTGATCCTGCTGGTGGAGGTGATCCCGTACTTTATCAACATCTTTTC,ESV_COI_309,NA,NA,NA,NA,NA,NA,NA,NA,NA,NA,NA,NA,36,36,14,TRUE,Not artefactual,7
ATTATCTAGCATAGAGTATCATTCAGGTGGTGCGGTAGATATGGCAATCTTTAGTTTACATTTAGCCGGGATTTCTTCAATATTAGGTGCTATGAATTTCATAACAACTATATTAAATATGAGAGCTCCAGGTATGACAATGCATAGATTACCATTATTTGTATGAGCAGTATTTATTACAGCAATACTATTATTATTATCTTTACCAGTTTTAGCAGGTGGAATAACAATGTTATTAACAGATAGAAACTTCAATACAAGTTTCTTCGATCCAGCAGGAGGAGGAGATCCAATATTATATCAACATTTATTC,ESV_COI_311,NA,NA,NA,NA,NA,NA,NA,NA,NA,NA,NA,NA,36,36,3,TRUE,Not artefactual,3
TTTAAGTAGCACAATGGCTCATCCTGGTGGTGCTGTAGATTTAGCGATCTTTAGTCTCCATGTTTCAGGTGCATCGTCGATCTTAGGCGCTGTAAATTTCATAACTACGATTTTTAATATGCGATGCCCAGGTATGACAATGCATAGAGTACCTTTATTTGTGTGGGCCGTTTTAATTACAGCTTTTCTTTTATTGTTATCTTTACCTGTTTTGGCTGGTGCGATAACTATGTTACTTTGTGATCGTAATTTCAATACTACTTTCTTTGATCCTTCAGGAGGTGGTGACCCAGTTTTATACCAACACCTTTTC,ESV_COI_336,NA,NA,NA,NA,NA,NA,NA,NA,NA,NA,NA,NA,31,31,19,TRUE,Not artefactual,19
ATTATCCTCTAAAGCTGGACAACCAGGTCCCGCAATGGATTTTGCAATTTTAAGTTTACACTTAGCAGGAGCTTCTTCAATTTTAGGTGCGGTTAACTTTATAACAACAATTTTAAACATGAGAACACCAGGCATGACATTACATAAGATGCCTTTGTTTGCTTGGTCTATTTTAGTAACGGCATTTTTATTATTACTATCATTACCAGTTTTAGCTGGAGCCATTACAATGCTTTTAACAGACAGAAACTTTGGTACTGCATTTTTTGAAGCACAAACAGGTGGGGACCCAGTTTTATTTCAACACTTATTT,ESV_COI_341,NA,NA,NA,NA,NA,NA,NA,NA,NA,NA,NA,NA,30,30,7,TRUE,Not artefactual,7
TTTATCAGCTGGAATTGCTCACGCAGGAGCCTCAGTTGACATAGGAATTTTTTCACTACATATTGCAGGAGCTTCTTCTATTTTGGGAGCTGTAAACTTTATTACAACTGTAATTAATATACGATCAGCAGGGATAACTATAGACCGAATTCCATTATTTGTGTGATCAGTATTTATTACAGCAATTTTACTTTTATTATCACTTCCAGTTTTAGCAGGAGCTATTACTATACTTCTAACAGATCGTAATCTTAACACATCATTTTTTGACCCTGCTGGTGGTGGAGATCCAATTCTATATCAACATCTATTT,ESV_COI_342,Meganyctiphanes norvegica,species,Meganyctiphanes norvegica,Meganyctiphanes,Euphausiidae,Euphausiacea,Malacostraca,Arthropoda,Metazoa,COI,TOP,95,30,30,30,TRUE,Not artefactual,30
ATTAAGTAGTATTGCTTCTCACTCAGGTGGAAGTGTAGACCTAGCCATTTTTAGTTTGCACTTATCCGGGCTAAGTAGTCTTCTTGGCGCAATCAATTTTATTACTACCATTTTAAACATGCGTGGACCAGGAATGAGTATGCACCGTATCCCTCTTTTCGTTTGGTCAGTTTTCATTACTGCTTTCCTACTTCTTCTTTCTTTACCCGTACTTGCGGGAGCAATTACAATGTTATTAACAGATCGTAACTTTAATACCTCTTTTTTTGATCCAGCTGGGGGTGGAGATCCTATTCTTTTCCAACATTTATTT,ESV_COI_347,NA,NA,NA,NA,NA,NA,NA,NA,NA,NA,NA,NA,29,29,29,TRUE,Not artefactual,29
TCTGAGTTCTTATATTTTTCACGGGGGAGCATCTGTGGACTTTACAATTTTTAGCCTCCACCTAGCCGGAGTCTCTTCTCTCCTGGGGGCAGTAAACTTTATTAGCACGGTTTTAAATTTACGGGCATTAGGTATGTTAATAGATCGCATACCTTTATTCCCATGGGCAGTATTTATTACTGCTATTCTGCTTCTTTTGTCACTTCCCGTTTTAGCAGGAGCTATCACTATACTCTTGACAGATCGAAATTTAAACACGTCTTTTTATGATCCTATAGGCGGGGGTGACCCTGTCCTCTATCAGCACTTGTTT,ESV_COI_348,Oithona similis,species,Oithona similis,Oithona,Oithonidae,Cyclopoida,Hexanauplia,Arthropoda,Metazoa,COI,TOP,95,28,28,23,TRUE,Not artefactual,18
TCTATCAGGTATCCAGGCGCATTCGGGTGCCTCTGTAGATTGTGCGATTTACTCGTTACATTTAGCAGGTGTTTCATCAATCTTAGGTGCTATTAACTTTATTGTAACAATTACTAATATGCGCGCGCCTGGTATGACTGCTCACCGTACACCTTTATTTGTTTGAGCTGTGTATATTACCGCTTTCTTATTATTGTTATCTTTACCTGTTTTAGCTGGTGCTATTACAATGTTATTAACAGACCGAAACTTTAATACAGCGTTTTTCGATTCTTCTGCCGGTGGTGATCCTGTTTTATACCAGCACTTGTTC,ESV_COI_359,NA,NA,NA,NA,NA,NA,NA,NA,NA,NA,NA,NA,26,26,8,TRUE,Not artefactual,2
ATTGTCAAGTATTGAGGCACACCCGGGGGCATCAGTTGATTTAGCCATATTTAGTTTACATATTGCAGGTGTTTCTTCTATACTAGGTTCAATCAATATGATCACTACAATAGTTAATATGAGAGCACCTGGGATTTACATGTCAAATTTACCTCTATTTGTTTGGGCTATTTTTATTACAGCATTTTTATTATTGTTATCTTTACCAGTATTTGCTGGTGGTATTACTATGTTACTTACCGACAGGAATTTTAATACCACATTTTTTGATCCTGCTGGCGGAGGTGATCCAATTTTATACCAACATTTATTT,ESV_COI_364,NA,NA,NA,NA,NA,NA,NA,NA,NA,NA,NA,NA,26,26,26,TRUE,Not artefactual,26
GCTGTCATCTATTATGGCACACTCAGGAGGAGCTGTTGACCTTGCAATTTTCAGTCTTCACCTTTCAGGTGCAAGTAGTATTCTTGGAGCAATTAATTTCATTACCACAATTTTCAACATGCGTGGCCCTGGAATGAGTATGCACCGACTGCCACTTTTCGTGTGGGCTGTTCTTATTACAGCTGTTCTTCTTCTTCTGTCACTCCCAGTTCTTGCTGGATGTATTACAATGCTTCTGACAGACCGAAACCTGAACACCACATTCTTTGATCCAGCAGGAGGAGGAGACCCTATTCTTTTCCAACACCTTTTC,ESV_COI_398,NA,NA,NA,NA,NA,NA,NA,NA,NA,NA,NA,NA,22,22,5,TRUE,Not artefactual,5
ACAACAGAAAGGGTTCATTAAAGGGAGGTTCATTTTCGATCATCTTTACGACGCTTTTGGGAGTTGGAGTGACATGGACACAGGCTGCTTCCTCTTTGTGGATTTCTCCAAAGCCTATGACTCGGTTACTCACCAGTTTGCCGCATCTTTCTTCACCTTGCTTGCCCTACCCCCGGAACTTGTCTCCCTGCTGTTAGCCCTATTCAGAAGCCCAATGGCGTTAGTGATCAACGGAGGGGTCTGCCTCACCTCAC,ESV_COI_404,NA,NA,NA,NA,NA,NA,NA,NA,NA,NA,NA,NA,22,22,22,TRUE,Not artefactual,22
ACTATCTAGAAATATCGCTCACGCAGGTAGATCCGTTGATTTTGCCATTTTCTCGCTTCATTTAGCGGGTGTAAGTTCTATTTTAGGAGCCGTAAACTTTATTAGAACCTTAGGGAACTTGCGAGCCTTTGGTATAATTTTAGATCGAATACCCCTTTTTGCTTGGTCTGTGCTAATTACCGCAGTTCTTCTTCTTTTATCGCTTCCTGTTCTAGCTGGAGCAATTACTATACTATTAACGGATCGTAATTTAAATTCAAGATTTTATGACGCAAGCGGGGGCGGAGATCCGATTTTGTACCAGCATTTGTTC,ESV_COI_405,NA,NA,NA,NA,NA,NA,NA,NA,NA,NA,NA,NA,22,22,22,TRUE,Not artefactual,22
TCTATCTTCAGTTGAAGCTCACTCCGGCCCTTCTGTAGACCTAGCTATCTTTTCTCTACACCTGGCGGGTGCTTCATCTATCCTAGGTGCAATTAACTTTATTACAACCATCCTTAACATGCGTAGCCCTGGTATGACCATGCACCGTCTCCCTAGGTTTGTTTGGGCAGTACTAATTACTGCAGTACTACTTCTGCTATCTCTGCCTGTTCTTGCAGGTGGTATTACTATGCTTCTAACAGACCGTAACTTTAATACTTCCTTCTTTGACCCTGCTGGTGGTGGTGACCCTATTCTTTACCAGCACCTCTTT,ESV_COI_422,NA,NA,NA,NA,NA,NA,NA,NA,NA,NA,NA,NA,21,21,21,TRUE,Not artefactual,21
TTTATCTGTGTACCCCTATCATAGGGGCCCTAGGATAGATGTTCTTATTGTGTCACTACATCTAGCTGGGCTCAGCTCTCTAGTGGGGGCTATTAACTTTGCTAGGACCAATAAAAATATGCCAGTGTTAGAAATGAAAGGAGAACGAGCGGAGCTTTATGTTTTAAGGATTAGAGTTACTGCAGTTCTTTTAATTATTTCAATTCCGGTTTTAGGAGGGGGTATCACAATAATCTTGTTTGACCGAAACTTTAACACAACTTTTTTCGATCCCGCAGGAGGGGGGGACCCCGTTTTGTTCCAACATTTGTTT,ESV_COI_435,Mytilus,genus,NA,Mytilus,Mytilidae,Mytiloida,Bivalvia,Mollusca,Metazoa,COI,TOP,95,20,20,16,TRUE,Not artefactual,16
ATTAAGTAGTGTTCAGGCACACTCTGGTCCTTCTGTTGATTTAGCAATTTTTAGTCTTCACTTATCTGGAGCAGCTTCTATTTTAGGTGCTATTAATTTTATTACTACCATTTTTAATATGAGAGCTCCTGGAATGACTATGCATAGATTACCTCTATATGTTTGGTCTATTTTAATCACTTCATTTTTACTGTTATTATCTTTACCAGTACTTGCAGGTGCTATTACTATGCTATTAACTGATAGAAATTTTAATACAACCTTTTTCGATCCTGCTGGAGGGGGAGATCCAATTTTATATCAACATTTATTT,ESV_COI_447,NA,NA,NA,NA,NA,NA,NA,NA,NA,NA,NA,NA,19,19,19,TRUE,Not artefactual,19
ATTAGCTAGAAATATTGCTCATGCCGGTCCATCAGTAGACCTTGCAATTTTCTCACTTCATTTAGCAGGAGTCTCATCTATTTTAGGAGCCCTAAACTTTATTACCACAGTTATTAATATACGATCTAAAGGCCTACGTCTTGAACGAGTCCCTTTATTCGTATGATCTGTAATAATTACAGCTATTCTACTACTACTCAGGTTACCCGTATTAGCTGGAGCAATTACTATACTTTTAACTGACCGAAATTTAAACACAGCATTCTTTGACCCAGCTGGTGGTGGAGACCCCATCCTTTACCAACACCTCTTC,ESV_COI_448,Hediste diversicolor,species,Hediste diversicolor,Hediste,Nereididae,Phyllodocida,Polychaeta,Annelida,Metazoa,COI,TOP,95,19,19,19,TRUE,Not artefactual,19
ACTAGCTTCAAACATCTCTCATGCAGGAGCAGCAGTGGATATAGGTATCTTTTCGTTACATTTAGCTGGAGCCTCTTCAATTTTAGGCGCTGTAAATTTTATTTCTACTGTTATTAATATACGGGCGCCTGGGGTGGGCATGGACAGACTTCCTCTTTTTGTGTGGTCTGTTTTTATTACAGCAGTTTTATTGTTGTTATCTCTACCAGTTTTAGCAGGCGCAATCACTATACTTTTAACAGATCGTAATTTAAACACTTCTTTCTTTGACCCAGTAGGTGGAGGTGACCCTATTTTATATCAACATCTTTTT,ESV_COI_449,Mysis stenolepis,species,Mysis stenolepis,Mysis,Mysidae,Mysida,Malacostraca,Arthropoda,Metazoa,COI,TOP,95,19,19,19,TRUE,Not artefactual,19
ACTTTCTGGTATTACAGCTCACTCAGGAGGTTCTGTTGACTTAGCAATTTTTAGTCTTCACTTATCAGGAGCATCTTCTATTTTAGGAGCTATAAACTTTATCTGTACAATTACTAATATGAGAACAAAAAACCTTGCTTTTCATAGATTACCATTATTTGTTTGGTCAGTTTTTATCACAGCATTTTTACTTTTACTTTCTTTACCTGTATTAGCTGGAGCAATTACTATGTTACTAACAGACCGTAATTTCAACACTACTTTTTTTGATCCTGCTGGTGGAGGAGATCCTGTTCTTTATCAGCACCTTTTT,ESV_COI_450,NA,NA,NA,NA,NA,NA,NA,NA,NA,NA,NA,NA,19,19,19,TRUE,Not artefactual,19
TTTAAGTTCTTTAATAGGCCATAATGGTCCTGCAGTTGATTTTATGCTTATTTCTCTGCATATTGCAGGGGCATCATCTATACTTGGTGCTGTTAACTTTATTACCACAATTTTTAATATGCGTGCTCCTGGTATGACAATGCATAAAATGCCATTGTTTGTGTGGGCTATGCTTATTACAGCATTTTTGTTATTGCTTTCTGTTCCTGTTTTAGCGGGTGGAATTACAATGTTGTTAACGGACAGGAATTTTGGTACATCATTTTTTGATCCTGCTGGTGGTGGTGACCCTGTTTTATTCCAGCATTTATTT,ESV_COI_460,NA,NA,NA,NA,NA,NA,NA,NA,NA,NA,NA,NA,18,18,18,TRUE,Not artefactual,18
CTTGCTAGAAACATTGCTCACGCCGGTCCCTCTGTTGACTTAGCTATTTTCTCCCTCCATCTAGCAGGGGTGTCATCAATCATAGGAGCGTTAAATTTCATTACAACGGTCATTAATATACGATCTAAGGGACTACGTCTAGAACGAGTACCTCTATTTGTATGATCCGTAATAATTACAGCTATTCTTCTATTACTAAGCCTTCCCGTTCTAGCCGGTGCCATTACAATACTACTAACAGACCGTAATCTAAACACCGCCTTTTTCGACCCAGCAGGAGGAGGAGACCCTATTTTATACCAACATTTATTT,ESV_COI_461,Alitta virens,species,Alitta virens,Alitta,Nereididae,Phyllodocida,Polychaeta,Annelida,Metazoa,COI,TOP,95,18,18,18,TRUE,Not artefactual,18
ACTATCATCTAAAACAGGACAACCAGGCCCTGCAATGGATTTGTTAATTTTAGGCTTACATATAGCAGGAGCTTCATCAATTTTAGGTGCAATTAATTTCATTACTACAATTTTAAATATGAGAACTCCAGGAATGACATTGCACAAGATGCCATTATTTGCCTGGTCAATCTTAGTTACTGCATTTCTACTTTTACTATCTTTGCCAGTTTTAGCAGGAGCAATTACGATGCTGCTAACGGATAGAAATTTTGGAACATCTTTTTTTGAAGCACAAACAGGTGGAGATCCAGTACTATTCCAGCATTTATTT,ESV_COI_462,NA,NA,NA,NA,NA,NA,NA,NA,NA,NA,NA,NA,18,18,4,TRUE,Not artefactual,4
TTTCGAGAAATGTGTCTCACTCTGGGCCCTCAGTAGACTGTGCTATTTTTTCTTTACACTTGGCCGGAGTCTCTTCTATTTTAGGGGCTATAAACTTTATCAGAACAATCATTAACATGCGATGCACCGGAATACCTTTTGACTCCATACCTTTGTTTGTGTGGTCAGTTTTAGTAACAACAATTCTACTCCTGTTAGCTCTGCCTGTTTTAGCCGGAGCCATCACCATGTTATTAACGGACCGTAACTTAAACACTTCATTCTATGACGTGGCTGGGGGTGGTGACCCAATCCTTTACCAACACCTATTC,ESV_COI_478,NA,NA,NA,NA,NA,NA,NA,NA,NA,NA,NA,NA,17,17,17,TRUE,Not artefactual,17
ATTATCTGCCTTGCCACAAGCACAGCCTGGTTCTGGACTTGGAATGACACTTTGGTTGGTTTCTATGGCAATTTTCATTGCCTCCTCTTTACTTGGTTCGTTGAACTACATTGTAACCGTGATTAACCTTCGTACCAAAGGAATGTCAATGTCTCGTTTACCATTAACGATCTGGGCTTTCTTTGTAACAGCTATTATTGGAGTTGTTTCTTTCCCTGTTCTTTTATCGGCAGCATTGTTGTTGATCATGGACAGAAGTTTTGGAACATCTTTCTTCCTTTCAGATATCTTTATTCAAGGTGAAGTATTGCATTACCAAGGAGGGTCTCCTGTGTTATATGAGCACCTTTTC,ESV_COI_479,NA,NA,NA,NA,NA,NA,NA,NA,NA,NA,NA,NA,17,17,17,TRUE,Not artefactual,17
ATTATCTGGTGTTCAAGCTCATTCTGGGGCTTCCGTCGATTGTGCTATTTACTCGTTACATCTGGCGGGTATTTCATCCATTTTGGGCGCTATTAACTTTATCGTTACAATCACCAATATGCGAGCGCCAGGTATGACAGCAAATAGAACGCCGCTATTCGTGTGAGCAGTTTTTATCACTGCTTTTTTATTGTTATTGTCGCTGCCCGTTTTAGCGGGTGCTATTACAATGTTACTTGCAGACCGTAATTTTAATACAAGCTTTTTTGACCCTAATGGCGGTGGGGACCCTGTTCTCTATCAACACCTTTTC,ESV_COI_490,NA,NA,NA,NA,NA,NA,NA,NA,NA,NA,NA,NA,16,16,9,TRUE,Not artefactual,9
GCTTTCTACCATAAATTCACATCCTTCAGCGGCTGTGGATATGGCAATTTTCTCACTACATTTAGCGGGTATTTCTTCAATTCTAGGTGCACTTAATTTCATCGTTACAATTTTCAACATGCGTTGCAAGGGAATGAGCTTACATCGTATGCCATTATTTGTTTGGTCTGTTTTAATCACAGCATTCTTGCTATTACTTGCGCTACCTGTGCTTGGTGGAGCTATCACGATGTTACTTACCGACCGTAACTTTGGTACGTCATTTTATGACCCTAGCGGTGGCGGTGACCCAGTGCTTTACCAGCATCTTTTC,ESV_COI_491,NA,NA,NA,NA,NA,NA,NA,NA,NA,NA,NA,NA,16,16,16,TRUE,Not artefactual,16
ATTAAGTGATGTTTTGTATCATCCAGGTGCTGCTGTTGATATAGCAATACTCGCACTGCATGTTGCAGGAGCTTCATCTATTTTAGGTTCAATCAATATCATTGTGACAATACTAAATATGCGTGCTCCAGGAATGAATTTGCATAAAATGCCTTTATTCGTATGGTCGATACTCGCTACTGCAATTCTTTTGGTTCTAGCTATCCCTGTTTTAGGTGGGGCGATTACTATGCTATTAACTGATCGCAATTTTGGTACGGCATTCTTTAAGCCAGAAGGTGGCGGTGATCCTGTGTTGTATCAGCATCTATTT,ESV_COI_492,NA,NA,NA,NA,NA,NA,NA,NA,NA,NA,NA,NA,16,16,16,TRUE,Not artefactual,16
ACACCCAACCTCTAGCATACGCTTAAGTATAGAACGCATCTCGTTTCAGTACTCTGGTAAAAACCTTTCTAACTGGGGGAACCATCATCCCAAGTGGTGCTGCCCAACGGAAGCTTCACCTAACAAAGCAAATTCAATTTCTTCCACCCACACCTTCTCAGACCCAAATATTACCCTATCCGAACATGTAATATCGTATGACCCTCTAAGATATTCTCCAACGACACAACTTGCTCTTTCCGTAGCGGCGGGTTCAAGGTTCTCCGTTTCCGTAAC,ESV_COI_506,NA,NA,NA,NA,NA,NA,NA,NA,NA,NA,NA,NA,15,15,15,TRUE,Not artefactual,15
GTTAAGCCATATTACAAGTCACTCAGGTGGAGCCGTAGATTTAGCTATCTTCAGTTTACACTTATCGGGTGCAAGTAGTATCCTTGGAGCCATTAACTTTATTACCACCATCTTCAACATGCGTGGACCAGGCTTACTTATGCATCGACTCCCTCTTTTTGTATGGAGTGTGCTTATTACAGCATTCCTTCTGCTTCTCTCTCTTCCAGTGCTTGCAGGAGCTATTACAATGCTTCTTACCGATCGAAACTTCTCAACCAGTTTCTTTGATCCAAGTGGCGGAGGAGATCCAATTTTATACCAGCACCTTTTC,ESV_COI_524,NA,NA,NA,NA,NA,NA,NA,NA,NA,NA,NA,NA,14,14,14,TRUE,Not artefactual,14
ATTAAGTAGTGTTCAAGCACACTCTGGGCCTTCAGTTGACTTAGCAATCTTTAGTCTTCACTTATCGGGGGCTGCATCAATTTTAGGAGCAATAAACTTTATTACTACTATTTTTAATATGCGAGCACCAGGTATGACAATGCATAGATTACCACTGTATGTTTGGTCTATTTTAATTACTTCATTCCTTTTACTTCTTTCTTTACCCGTATTAGGAGGAGCAATTACTATGTTATTAACTGATAGAAATTTTAATACTTCATTCTTTGATCCAGCTGGTGGAGGTGATCCAATTTTATTTCAACATTTATTT,ESV_COI_525,NA,NA,NA,NA,NA,NA,NA,NA,NA,NA,NA,NA,14,14,14,TRUE,Not artefactual,14
TCTCAGTTCCATAATTGGTCATAATGGACCAGCAGTTGATTGCGTGTTATTAAGCTTACACATTGCTGGTGCTTCATCTATTTTAGGTGCTATTAATTTTATCACTACCATATTTAATATGCGTGCCCCAGGTATGACATTTCATAAAATGCCATTATTTGTGTGGTCAATGTTAGTTACAGCATTTTTGTTATTACTTGCAGTTCCTGTTCTTGCAGGTGGTATCACAATGCTAATTACCGATCGTAACTTTGGTACTGCATTTTTTGATCCTGCCGGTGGTGGTGACCCAGTATTGTTCCAACATTTATTT,ESV_COI_526,NA,NA,NA,NA,NA,NA,NA,NA,NA,NA,NA,NA,14,14,14,TRUE,Not artefactual,14
TTTGTCCGGAAATTTAGCTCATGCTGGGGGCTCTGTAGATCTGGCTATTTTTTCTCTCCATTTAGCTGGTGTTTCATCTATTTTAGGAGCTGTAAACTTTATTACAACTATTATTAATATACGATGACGAGGTATACAATTTGAACGATTGCCTCTTTTTGTTTGATCAGTAAAAATTACAGCCATTCTTCTACTTCTATCCCTTCCTGTTTTAGCAGGGGCTATTACAATATTACTAACCGATCGAAATTTTAATACTGCTTTCTTCGATCCTGCTGGGGGAGGAGACCCTATTCTCTATCAACACTTATTT,ESV_COI_543,Littorina saxatilis,species,Littorina saxatilis,Littorina,Littorinidae,Littorinimorpha,Gastropoda,Mollusca,Metazoa,COI,TOP,95,13,13,13,TRUE,Not artefactual,13
TCTATCATCTAAAACAGGACAACCAGGGCCAGCAATGGATTTAGCTATACTAGGATTGCACGTAGCTGGAGCTTCTTCAATTTTAGGGGCCATAAATTTTATAACTACAATTTTAAATATGAGAACTCCAGGAATGACATTGCATAAAATGCCATTATTTGCCTGGTCAATTTTAGTAACAGCATTTTTACTATTATTATCCTTACCAGTTTTAGCTGGAGCAATTACAATGTTGCTTACTGATAGAAATTTTGGAACAGCTTTTTTTGACGCACAAACTGGGGGAGACCCCGTTCTATTTCAACATTTATTC,ESV_COI_562,NA,NA,NA,NA,NA,NA,NA,NA,NA,NA,NA,NA,12,12,10,TRUE,Not artefactual,10
ATTATCGGGTATTTTAGCTCATTCGGGTGGTGCTGTTGATTGCGCTATTTATTCACTTCATTTAGCTGGAGTTTCATCTATTTTAGGAGCTATTAATTTCATTGTTACCATAACAAATATGCGAGCTCCTGGTATGTCAGCAAATCGAACTCCATTATTTGTTTGAGCTGTTTACATAACTGCTTTTTTATTATTACTTTCATTGCCTGTTTTAGCTGGTGCAATAACAATGTTATTAACTGATCGTAATTTCAATACTTCGTTTTTTGATCCGAACGGGGGTGGTGATCCGGTGTTATATCAGCATTTATTT,ESV_COI_563,NA,NA,NA,NA,NA,NA,NA,NA,NA,NA,NA,NA,12,12,4,TRUE,Not artefactual,4
ATTATCGGGTATTTTAGCTCATTCGGGTGGTGCTGTTGATTGCGCTATTTATTCACTTCATTTAGCTGGTGTTTCATCTATTTTAGGAGCTATTAATTTCATTGTTACCATAACAAATATGCGAGCTCCTGGTATGTCAGCAAATCGAACTCCATTATTTGTTTGAGCTGTTTACATAACTGCTTTTTTATTATTACTTTCATTGCCTGTTTTAGCTGGTGCAATAACAATGTTATTAACTGATCGTAATTTCAATACTTCGTTTTTTGATCCGAATGGAGGTGGTGATCCGGTGTTATATCAGCATTTATTT,ESV_COI_564,NA,NA,NA,NA,NA,NA,NA,NA,NA,NA,NA,NA,12,12,12,TRUE,Not artefactual,12
TCTTTCCGGTATTACAGCTCATTCCGGAGGTTCTGTTGATCTAGCAATATTTAGTCTACATCTTTCTGGTGCTTCATCTATTTTAGGCGCTATTAATTTTATTTGTACTGTTACAAACATGAGAACGAAAAATTTAGCTTTTCACCGGTTACCTTTATTTGCATGGGCTATTTTCATCACAGCATTTTTATTATTACTTTCTTTACCAGTACTAGCTGGAGCAATAACGATGTTGTTAACTGACCGAAATTTCAATACTACATTTTTTGATCCTGCAGGAGGAGGAGATCCTGTTTTATATCAGCATTTATTC,ESV_COI_565,NA,NA,NA,NA,NA,NA,NA,NA,NA,NA,NA,NA,12,12,12,TRUE,Not artefactual,12
TCTGTCCTCTGTTGAAGCTCATTCGGGTCCCTCAGTTGACCTTGCTATTTTCTCTCTTCATCTAGCTGGTGCTTCTTCTATTCTTGGAGCGGTAAACTTTATTACTACCATTCTGAATATGCGTGCTCCGGGTATGACGATGTACCGTCTTCCTCTGTTCGTTTGGTCCGTTTTGATTACTGCGGTACTTCTTCTACTTTCTCTTCCTGTATTGGCAGGTGCCATTACTATGCTTCTAACCGATCGTAATTTTAATACTTCGTTCTTCGATCCGGCTGGTGGAGGTGATCCTGTTCTCTATCAACATTTGTTT,ESV_COI_592,NA,NA,NA,NA,NA,NA,NA,NA,NA,NA,NA,NA,11,11,11,TRUE,Not artefactual,11
TTATCTTCAGTGATAGGTCACCCCGGTGCCTCGGTAGATATGGCAATTTTTGCGCTCCATTTAGCGGGGGCAAGCTCGATCCTTGGGGCAGCTAACTTCATTACAACAATCTTTAATATGCGTGCCCCAGGCATGACATTGCACAAGATGCCTTTATTTGTCTGGTCAATGTTAGTCACTAGTTTCTTGCTTGTTCTATCGCTTCCTGTTCTCGGCGGCGCGATTACGATGCTTTTAACTGATCGTAATTTTGGCACAGCCTTCTTTGATCCCGCTGGTGGTGGTGACCCAATTCTTTACCAACATCTTTTC,ESV_COI_593,NA,NA,NA,NA,NA,NA,NA,NA,NA,NA,NA,NA,11,11,11,TRUE,Not artefactual,11
GTTAAGCAGTATTACAGCTCACTCTGGTGGAGCTGTTGATCTTGCAATCTTTAGTTTACACGTGTCTGGTGCAAGTAGTATTCTTGGAGCAATTAACTTCATTACAACTATTTTCAACATGCGTGGGCCTGGAATGAGTATGCACCGTCTTCCTCTTTTTGTATGGTCTGTACTTATCACAGCTTTTCTTCTTCTTCTTTCACTTCCAGTTCTTGCAGGTGCAATTACAATGCTTCTGACAGACCGAAACTTTAATACAACATTTTTTGACCCGTCTGGAGGAGGAGATCCTATCTTGTTCCAACACCTTTTC,ESV_COI_614,NA,NA,NA,NA,NA,NA,NA,NA,NA,NA,NA,NA,10,10,7,TRUE,Not artefactual,7
TTTGAGTGTGAGAGGTTTTGGCCATGCGGATATTGCTGTGGACTTCATGCTCTTTGGACTCCATATTGCGGGGCTATCGTCCTTGCTGGGTGCGATCAACTTTATCGTGACTATCTTCAACATGCGCACACCTGGGATGTCTTTGCACAAAATGCCTTTGTTTGCCTGGGCCATGTTGGTTACCGCATTTCTCTTGTTGCTTGCAGTGCCTGTATTAGCTGCGGCCATCACTATGCTTATTACGGATCGTGGCTTTGGATCCCATTTCTTTGATCCGGCCGGTGGCGGAGACCCTGTTTTGTTCCAGCATTTGTTC,ESV_COI_615,NA,NA,NA,NA,NA,NA,NA,NA,NA,NA,NA,NA,10,10,10,TRUE,Not artefactual,10
ACTATCATCTAAAACGGGACAACCAGGCCCTGCGATGGATTTGTTAATTTTAGGCTTACATATAGCAGGAGCTTCATCAATTTTAGGTGCAATTAACTTTATTACTACAATTCTAAACATGAGAACTCCCGGAATGACATTACATAAAATGCCATTATTTGCTTGGTCAATTTTAGTTACTGCATTTTTACTTTTACTATCTTTACCAGTTTTAGCAGGAGCAATTACAATGCTGCTAACAGATAGAAATTTTGGAACATCTTTTTTTGAAGCACAAACTGGGGGAGATCCAGTACTGTTCCAACATTTATTT,ESV_COI_616,NA,NA,NA,NA,NA,NA,NA,NA,NA,NA,NA,NA,10,10,10,TRUE,Not artefactual,10
ACAACAGAAAGGGTTCATTAAAGGGAGATTCATTTTCGATCATCTGTACGACGCTTTTGGGAGTTGGAGTGACATGGACACTGGCTGCTTCCTCTTTGTGGATTTCTCCAAAGCCTATGACTCGGTCACACACCAGTTCGCCGCATCTTTCTTCACCTTGCTTGCCCTACCCCCGGAACTTGTCTCCCTGCTGCTAGCCCTATTCAGAAGCCCAATGGCGTTAGTGATCAACGGAGGGGTCTGCCTCACCTCAT,ESV_COI_617,NA,NA,NA,NA,NA,NA,NA,NA,NA,NA,NA,NA,10,10,10,TRUE,Not artefactual,10
ATTATCAAGTATACAGTCGCATTCAGGTGGTGCTGTTGATTTAGCTATCTTCAGTCTACATCTTGCTGGGGTTTCATCTTTACTAGGTGCTATTAATTTCATAGTAACTGTTAATAATATGAGAACTAATGGTATGGGAATGCATAAATTACCTCTATTCGTATGAGCAATTTATGTTACAGCTATACTGTTATTATTATCTTTACCTGTACTTGCAGGTGCTATCTCAATGTTAATTACAGATAGAAATTTCTCAACTAGTTTCTATGATCCAGCTGGAGGAGGTGATCCTGTTCTATACCAACATTTGTTC,ESV_COI_660,NA,NA,NA,NA,NA,NA,NA,NA,NA,NA,NA,NA,9,9,9,TRUE,Not artefactual,9
TTTATCTAGTATCGAATCTCATTCAGGAGGTTCTGTAGATTTAGCTATCTTTAGTTTACATTTAGCCGGAGTTTCATCGTTATTAGGAGCAGTTAACTTTATTACTACTATTATTAACATGAGAGTTCCTGGTTTAACAATGCATAAATTACCATTATTTGTTTGGGCAGTATTAATTACAGCAGTTTTATTATTGTTATCATTACCTGTATTAGCAGGAGCGATTACTATGTTATTAACTGACCGTAACTTTAATACTAGTTTCTTTGACCCTGCAGGGGGAGGAGATCCTATTTTATACCAACACTTATTC,ESV_COI_661,NA,NA,NA,NA,NA,NA,NA,NA,NA,NA,NA,NA,9,9,9,TRUE,Not artefactual,9
TTTGTCAAATCAGATTTTTCAATCTGGTATGGCAGTCGATATGGGTATATTTGCTCTTCATTTAGCCGGTGCTTCTTCAATATTGGGTGCTATTAATATGATAGTTACCATACTTAATATGCGTGCACCGGGCATGACTTTGCACAAAATGCCTTTATATGTTTGGTCAATTTTAATAACTGCGTTCTTACTTGTCTTAGCTCTACCTGTATTAGCAGGGGCAATTACAATGTTACTTACCGATAGGAATTTTGGAACAAGCTTCTTTGATCCTGCAGGTGGCGGTGACCCTGTTTTCTGGCAGCATTTATTC,ESV_COI_662,NA,NA,NA,NA,NA,NA,NA,NA,NA,NA,NA,NA,9,9,9,TRUE,Not artefactual,9
ATTGGCGGGTATAGAAGCTCATTCTGGAGGTGCTGTAGACTTTGCTATATTTAGCCTTCACTTAGCAGGTATCTCTTCCATACTTGGAGCAATTAACTTTATTGCTACTATTTTTAATATGAGAGCTCCTGGAATGACAATGCATAGACTTCCGCTTTTTGTATGGGCATTACTAATAACAGCTTTCTTACTGATATTATCTTTACCTGTATTTGCTGGTGGCATAACCATGCTTCTTACAGATAGAAATCTGAATACTAGTTTCTTTGACCCTGCAGGTGGTGGAGATCCTATCCTATACCAACATCTATTT,ESV_COI_663,NA,NA,NA,NA,NA,NA,NA,NA,NA,NA,NA,NA,9,9,9,TRUE,Not artefactual,9
TTAAGTAATATAACCTTCCACCCCGGCGCTTCTGTAGACATGGCAATATTAGCATTACATCTAGCAGGTATTTCATCTATTCTTGGTGCAATCAATATGATTACAACCATCTTAAATATGCGCGCTCCTGGAATGACTTTACATAAGATGCCTTTATTTGTTTGGTCTATTTTAGTTACGGCCTTCTTATTAATCCTTGCTATGCCTGTGCTGGGTGGAGCTATTACTATGTTGCTCACAGATCGTAACTTTGGTACTCACTTCTTTGATCCATCAGGAGGTGGAGACCCTATATTATTTCAACATTTATTT,ESV_COI_664,NA,NA,NA,NA,NA,NA,NA,NA,NA,NA,NA,NA,9,9,9,TRUE,Not artefactual,9
ACTTTCTGGTATTGAAGCTCATTCTGGTCCTTCGGTTGATTTGGCTATTTTTAGTCTGCACGTTTCAGGTGCTTCTTCGATTTTGGGTGCTGTTAATTTTATTACTACAATCATTAATATGCGTGCTTTGGGTATGACTATGCACCGTTTGCCTTTGTTTTGTTGGGCTGTTTTGATTACTGCAATTTTGTTGCTTCTTTCATTGCCAGTTTTGGCTGGTGCTATTACAATGCTATTGACAGATCGTAATTTCAATACTTCTTTTTTTGACCCAGCTGGCGGTGGTGATCCTATTTTGTATCAGCACTTGTTT,ESV_COI_665,NA,NA,NA,NA,NA,NA,NA,NA,NA,NA,NA,NA,9,9,9,TRUE,Not artefactual,9
TTTATCAGATTCTAAGTATCATTCTGGTATTTCAGTAGATTTAGCTATTTTTAGATTACATTTAGCTGGGATTTCTTCTATTTTAGGTAGAATTAATTTTATAACTACTATTATTTGTTCTCGTACTACTAAGATAGTTAGAATAGATCGTTTACCTTTAATGATTTGATCATTAGGTGTTACTGCATTTTTATTAGTTACTACTTTACCTGTTCTAGCTGGTGCTATTACTATATTATTAACTGATCGTAATTTTAATACTTCATTCTTTGATCCTTCTGGAGGAGGTAATCCGGTCCTTTATCAACATTTATTT,ESV_COI_704,NA,NA,NA,NA,NA,NA,NA,NA,NA,NA,NA,NA,8,8,8,TRUE,Not artefactual,8
ATTAGCGGGTGTTAGTGGGCATTCTGGCCCGTCCGTCGATTTAGCTATTTTTAGCTTACACTTAGCAGGTGCATCTTCAATTTTGGGTGCTATTAATTTTATTACAACCATTTTCAACATGAGAGCTCCTGGTATGCATTATTACCGTTTACCTTTATTTGTTTGGGCCGTTTTAATTACTGCTTTTTTACTTCTTTTATCATTACCTGTTTTAGCAGGTGCGATTACAATGTTATTAACCGACCGTAATTTCAATACAACATTTTTTGAGCCTGCGGGCGGTGGAGACCCTATATTATACCAGCATTTATTC,ESV_COI_705,NA,NA,NA,NA,NA,NA,NA,NA,NA,NA,NA,NA,8,8,2,TRUE,Not artefactual,2
GCTTTCTACGAAAACCTCTCATCCTGGTGTGGCTGTTGATTTGGCGATTTTCTCGCTTCATATGGCGGGTATCTCTTCTATTCTTGGTGCGATTAACTTTATCGTGACAATTTTTAACATGCGCGCTCCGGGCATGACACTTGGTAAGATGCCGCTTTTTGCATGGTCTATTTTGGTAACAGCCTTCTTGCTTCTGCTTGCGGTGCCTGTTCTTGGTGGCGCGATTACGATGCTGCTGACCGACCGTAACTTCGGCACAAGCTTCTTTGATCCTGCGGGTGGCGGTGATCCTATATTGTTCCAGCATTTGTTC,ESV_COI_706,NA,NA,NA,NA,NA,NA,NA,NA,NA,NA,NA,NA,8,8,8,TRUE,Not artefactual,8
TCTGAGTGACGGTGTATTCCACCAGGGAATGGCGGTTGACATGGCCATATTTAGCCTTCACATTGCAGGAGCGTCATCCATACTAGGAGCTATTAACTTTATAGTAACAATCCTAAATATGCGTGCGCCTGGCATGACAATCCACAAAATGCCTTTATATGTTTGGTCTGTATTGCTAACTGCATTTTTATTAGTTTTAGCCTTACCAGTACTAGCTGGTGGCATAACCATGTTGCTAACAGACCGTAACTTTGGCACAGCATTCTTTGATCCTGCTGGCGGTGGAGATCCGGTATTCTATCAACATTTATTC,ESV_COI_746,NA,NA,NA,NA,NA,NA,NA,NA,NA,NA,NA,NA,7,7,7,TRUE,Not artefactual,7
TTTATCAAGAAATATTGCTCACTCTGGAGCATCTGTGGATTTATCAATTTTTTCTCTCCATTTAGCGGGAGCTTCGTCAATTCTAGGAGCAATTAATTTTATATCCACAGTTATTAATATACGAGCAGAAACTTTAACTTTTGATCGTCTTCCTCTTTTTGTATGAAGAGTATTTATTACAGTAATTTTACTTCTACTATCACTCCCTGTTTTAGCAGGAGCTATTACAATACTACTTACGGATCGAAATCTAAATACTTCGTTTTTTGACCCTACAGGAGGAGGTGATCCTATTCTTTATCAACATTTATTC,ESV_COI_747,Balanus,genus,NA,Balanus,Balanidae,Sessilia,Hexanauplia,Arthropoda,Metazoa,COI,TOP,95,7,7,7,TRUE,Not artefactual,7
GTTATCAAACAGTATATTCCAGCAAGGAATGGCGGTTGATATGGGTATATTCTCCCTTCACTTGGCTGGTGCTTCGTCAATACTTGGTGCTATTAATATGATAGTTACCATACTAAATATGCGTGCACCTGGCATGACTCTGCATAAAATGCCATTATATGTTTGGTCAGTATTAATTACAGCATTCCTTCTTGTATTAGCACTTCCTGTGTTAGCAGGAGCAATCACAATGCTTCTTACTGATAGGAACTTCGGAACAAGCTTTTTTGACCCTGCAGGTGGTGGTGATCCGATTTTCTGGCAGCATTCGTTC,ESV_COI_748,NA,NA,NA,NA,NA,NA,NA,NA,NA,NA,NA,NA,7,7,7,TRUE,Not artefactual,7
TTTATCTGCGTTGCCTCAGGCCATGCCAGGTTCTGGAACGGGTATGACGCTCTGGTTGATTTCTATGACATTCTTTATCGTTGGTTCTTTGTTGGGATCGCTTAATTACATCGTTACGGTGATAAATATGCGTACTAAAGGGATGAGCATGACAAGATTGCCTTTAACCATATGGGCATTCTTCGTAACGGCGGTATTGGGTGTGCTTTCCTTCCCCGTATTATTGAGTGCAGCATTATTGCTAATGATGGACCGTTTGATCGGTACCTCTTTTTACTTAAGTGATATTTTCATTGGTGGCGAGGTATTAAGCTATAGCGGTGGTTCACCAGTATTGTACCAGCATTTGTTC,ESV_COI_749,NA,NA,NA,NA,NA,NA,NA,NA,NA,NA,NA,NA,7,7,7,TRUE,Not artefactual,7
GTTAAGTGGTATTCAAGCACACTCGGGCCCTTCTGTAGATTTAGCTATTTTTAGTCTTCATTTATCTGGTGCAGCTTCTATTTTAGGTGCAATAAATTTTATTACCACTATATTTAATATGAGAGCTCCCGGTATGACTATGGATAGATTACCTCTTTTTGTGTGGTCTGTTTTAATTACTGCGTTCTTACTTTTGTTATCTCTTCCAGTTTTAGCTGGAGGTATTACAATGTTATTAACAGATAGAAATTTTAATACAACTTTTTTTGATCCTGCTGGTGGTGGAGACCCGGTGTTATATCAACATTTATTT,ESV_COI_750,Petalonia fascia,species,Petalonia fascia,Petalonia,Scytosiphonaceae,Ectocarpales,Phaeophyceae,NA,NA,COI,TOP,95,7,7,7,TRUE,Not artefactual,7
GTTATCTGGAATCACTTCTCATTCTGGGGGATCAGTTGATTTAGCTATTTTCAGTTTACATCTTTCTGGAGCTGCATCAATTTTAGGAGCTATTAATTTCATTTGTACTATAACTAATATGCGATCAAAAAGTTTACCATTTCACAGATTACCTCTGTTTGTTTGGTCTATTTTTATTACAGCTTTCTTACTACTTTTAGCATTACCAGTTTTAGCAGGTGCAATTACAATGTTATTAACAGATAGAAATTTTAATACAACTTTTTTTGATCCAGCAGGAGGAGGTGATCCTGTATTATACCAACACCTATTT,ESV_COI_751,NA,NA,NA,NA,NA,NA,NA,NA,NA,NA,NA,NA,7,7,7,TRUE,Not artefactual,7
TCTTTCATCTAAAACTGGTCAGCCTGGTCCTGCTATGGATCTAGCTATTTTAAGTTTGCACATTGCTGGAGCATCCTCAATTTTAGGAGCTATAAATTTTATTACAACAATTCTTAATATGAGAACACCAGGTATGACTTTACACAAAATGCCTTTGTTCTCATGGTCAATTTTAGTTACCGCTTTTTTACTTTTATTATCGTTACCAGTTTTAGCTGGCGCCATCACTATGTTGCTTACAGATAGAAATTTTGGAACCTCTTTCTTTGAAGCACAAACTGGAGGTGATCCAGTTTTATTCCAACATTTATTC,ESV_COI_752,NA,NA,NA,NA,NA,NA,NA,NA,NA,NA,NA,NA,7,7,7,TRUE,Not artefactual,7
ATTATCAAGTATTGAGGCGCATTCAGGAGGTGCTGTAGATATTGCAATTTTTAGTTTACATATAGCAGGGGTATCATCTATCCTAGGTGCGATTAATTTTATTACAACAATTTTAAATATGAGAGCACCAGGTTTAGCAATGCATAGATTACCTTTATATGTTTGGTCAGTATTAATTACTGCAGTGTTATTATTACTATCTTTACCAGTATTTGCAGGAGCAATTACAATGTTATTAACAGATAGAAATTTTAATACAACTTTCTTTGATCCAGCAGGTGGAGGAGATCCAATCCTTTATCAACATTTATTT,ESV_COI_797,NA,NA,NA,NA,NA,NA,NA,NA,NA,NA,NA,NA,6,6,6,TRUE,Not artefactual,6
ACTATCTTCAGCATTAGGTCATCCGGGAGTTTCTGTAGATCTTGCCATTTTTAGTTTACATTTAGCTGGGATATCTTCTATTTTGGGTGCAATTAATTTCATTACTACTATTTTTAATATGCGACCTAAATTTTTTACAGCATTTAAAATGCCTTTATTTGTTTGATCTATTCTCATAACAGCATTTTTATTGTTACTATCTTTACCTGTTTTAGCTGGAGGTATAACAATGTTATTGACAGATAGAAATTTTCAAACTACATTTTTTGACCCTGCAGGTGGAGGAGATCCAATATTATACCAACATTTATTT,ESV_COI_798,NA,NA,NA,NA,NA,NA,NA,NA,NA,NA,NA,NA,6,6,6,TRUE,Not artefactual,6
AAGGTCCGGAGCTGCCGCACATAGTGGCCCCGCGGTAGACCTCGCTATCTTCTCGAGGCACGTTTCGGGTGCGGCGTCAATCAGAGGAGCCATCAACTTTATTGTCACAACAAGGGCGATGAAGCCTCCAGGGATGCATAGAGTTCAGTTGCCTCTCTACGTTTGATCAATTCTTATTACCGCAGTGTTGCTATTGTTATCCTTGCCAGTTTTTGCTGCTGCTCTTACGATGAGAAGAACAGATCGAAACTTTAATACGAGCTTTTTTGATCCAGCGTCTGGTGGTGACCCCATTTTGTTTCAGCATAGGTTT,ESV_COI_799,NA,NA,NA,NA,NA,NA,NA,NA,NA,NA,NA,NA,6,6,6,TRUE,Not artefactual,6
TCTGTCGAGTATTGAAGCTCACTCTGGGGGATCTGTCGACCTAGCCATCTTTAGTCTTCACTTATCGGGTATTTCTTCGTTACTTGGGGCTATTAACTTCCTTGCTACTATCTTTAATATGAGAACTCCTAGAATGACTATGCATGAGCTTCCGTTATTTGCGTGAGCTCTTATCGTTACTGCTATGCTACTTGTTCTTTCTCTACCTGTTCTTGCGGGTGCTATCACTCTTCTGCTTCTTGATAGAAATATTAACACTTCATTCTACGATCCAGCGGGAGGTGGAGACCCTGTTCTTTACCAGCACTTATTC,ESV_COI_800,NA,NA,NA,NA,NA,NA,NA,NA,NA,NA,NA,NA,6,6,6,TRUE,Not artefactual,6
TTGCTAGAAACATTGCTCACGCCGGTCCCTCTGTTGACTTAGCTATTTTCTCCCTCCATCTAGCAGGGGTGTCATCAATCATAGGAGCGTTAAATTTCATTACAACGGTCATTAATATACGATCTAAGGGACTACGTCTAGAACGAGTACCTCTATTTGTATGATCCGTAATAATTACAGCTATTCTTCTATTACTAAGCCTTCCCGTTCTAGCCGGTGCCATTACAATACTACTAACAGACCGTAATCTAAACACCGCCTTTTTCGACCCAGCAGGAGGAGGAGACCCTATTTTATACCAACATTTATTT,ESV_COI_801,Alitta virens,species,Alitta virens,Alitta,Nereididae,Phyllodocida,Polychaeta,Annelida,Metazoa,COI,TOP,95,6,6,6,TRUE,Not artefactual,6
TCTCAGTTCCATAATTGGTCATAATGGACCAGCAGTTGATTGCGTGTTATTAAGCTTACACATTGCTGGTGCTTCATCTATTTTAGGTGCTATTAATTTTATCACTACCATATTTAATATGCGTGCCCCAGGTATGACATTTCATAAAATGCCATTATTTGTGTGGTCAATGTTAGTTACAGCATTTTTGTTATTACTTGCAGTTCCTGTTCTTGCAGGTGGTATCACAATGCTAATTACCGATCGTAACTTTGGTACTGCATTTTTTGATCCTGCTGGTGGTGGTGACCCTGTATTGTTCCAACATTTATTT,ESV_COI_802,NA,NA,NA,NA,NA,NA,NA,NA,NA,NA,NA,NA,6,6,6,TRUE,Not artefactual,6
TTTAAGTGCAGCACAAGCACATTCAGGACCATCAGTAGATTTAGCAATTTTTAGTCTCCATCTTTCTGGAGCAGCCTCAATTTTAGGTGCTGTTAATTTTATTACCACCATCTTTAATATGAGATCTCCTGGTATGACTATGCATAGATTACCTCTTTATGTTTGAGCAGTTTTAGTAACTTCATTTTTACTATTACTATCATTACCTGTTTTAGGTGGTGCAATTACAATGCTTTTAACAGATCGTAATTTTAACACTTCATTTTTTGATCCAGCAGGAGGAGGAGATCCTATTTTATTCCAACATTTATTT,ESV_COI_803,NA,NA,NA,NA,NA,NA,NA,NA,NA,NA,NA,NA,6,6,6,TRUE,Not artefactual,6
ACTATCAAGTATCACAGCGCACTCGGGGGGGTCTGTTGATTTAGCAATTTTCAGTCTTCATTTATCCGGAGCTGCTTCTATTCTTGGGGCAATTAATTTTATTTGTACAATAACTAACATGAGATCTAAAAGTTTACCATTTCACAGATTACCATTATTCGCTTGGTCAATTTTTATAACAGCTTTCTTATTACTATTATCTTTACCTGTATTAGCTGGTGCAATTACAATGCTATTAACGGACCGTAACTTTAATACTACGTTTTTTGACCCAGCAGGAGGTGGTGACCCAGTATTGTTCCAACATCTTTTT,ESV_COI_804,NA,NA,NA,NA,NA,NA,NA,NA,NA,NA,NA,NA,6,6,6,TRUE,Not artefactual,6
TTTAAGTTCTACGTTAAGTCATCCAGGGCCAGCAGTGGATTTAGCTATTTTTAGTTTACATTTATCTGGTGCTGCGTCGATTTTAGGAGCAATCAATTTTATTACTACTGTAATTAACATGCGATTACCTGGTATGACTATGTATCGTCTTCCCTTATATGTGTGAGCTGTTTTTATCACTTCTTTTTTATTACTACTGTCACTTCCAGTTTTTGCTGGGGCAATTACGATGTTATTAACAGATCGAAATTTTAATACATCTTTTTATCACCCAGCAGGAGGTGGTGATCCGGTTTTATACCAACATCTTTTT,ESV_COI_805,NA,NA,NA,NA,NA,NA,NA,NA,NA,NA,NA,NA,6,6,6,TRUE,Not artefactual,6
TCTTTCTAATGCCGATTATCATCCCACGCCGGCCGTTGACTTCGCTATCCTCAGTTTACATTTAGCCGGGGCATCTTCCATACTTGGTGCCATCAATTTCATAACGACGATTATTAACATGCGTGCGCCGGGTATGACGTTTCATCGTATGCCACTGTTTATTTGGGCATCCTTGATTACAGCATTTCTTCTGTTACTTGCTATGCCCGTATTAGCCGGTGCGTTGACGATGCTTCTAACCGACCGCAACTTCGGAACGACATTCTTCGATGCATCTGGCGGCGGAGACCCTATCTTCTGGCAACATCTCTTT,ESV_COI_806,NA,NA,NA,NA,NA,NA,NA,NA,NA,NA,NA,NA,6,6,6,TRUE,Not artefactual,6
CTTATCAGGAATAGAAAGCCATTCTGGTGGTTCTGTTGATTTAGCTATTTTTAGTTTACATTTAGCAGGTGCATCATCTATTTTAGGAGCTATGAATTTCATTACTACTGTAATTAATATGAGATCTCCAGGTTTAGCAATGCATAGAATACCTTTATTTGTTTGAGCAGTTTTTATTACTGCATTTCTATTATTATTATCTTTACCTGTATTAGCTGGTGCTATTACAATGTTATTAACTGATAGAAATTTCAATACAACTTTCTTTGATCCTGCAGGTGGAGGTGATCCAATTTTATATCAACATTTATTT,ESV_COI_862,NA,NA,NA,NA,NA,NA,NA,NA,NA,NA,NA,NA,5,5,5,TRUE,Not artefactual,5
ATTATCAAGTGCCCAAGCTCACTCAGGCCCTTCTGTTGATTTAGCTATATTCAGTTTACACTTAGCAGGTATTTCTTCAATATTAGGTGCAGTAAATTTTATATCTACTGTATTAAATATGAGATACCCGGGACTTACTTTTCATAAACTACCTTTATTTGTTTGGTCTGTTTTAATAACAGCTGTTTTATTATTATTATCTTTACCTGTTTTAGCTGGTGCCATAACAATGTTGCTTACTGATAGAAATCTTAATACAGCTTTTTTTGATCCATCTGGTGGAGGTGATCCTATTTTATATCAACATTTATTT,ESV_COI_863,NA,NA,NA,NA,NA,NA,NA,NA,NA,NA,NA,NA,5,5,5,TRUE,Not artefactual,5
TTTGTCTAGTGTTGAGTTTCATTCAGGTCCTTCTGTTGATTTGGCTATTTTTAGTTTGCATATTGCAGGAGCTTCATCAATTCTTGGTGCGATTAATTTCATTACAACCATTTTTAATATACGAGCTCCAGGTATGACAATACACCGGTTGCCTCTTTTTTGTTGGTCTGTTTTGATTACTGCTTTTTTGTTGTTGTTGTCTTTGCCAGTTTTGGCTGGAGGTATTACGATATTGTTGTGTGACCGTAATTTTAATACGACATTTTTTGATCCTGCAGGAGGCGGAGATCCGATTCTTTATCAACACATTTTC,ESV_COI_864,NA,NA,NA,NA,NA,NA,NA,NA,NA,NA,NA,NA,5,5,5,TRUE,Not artefactual,5
TCTGTCTTCAGTTGAGGCTCACTCAGGCCCTTCAGTCGACTTGGCTATCTTCTCTCTTCACCTGGCTGGTGCTTCGTCTATTCTAGGTGCCGTTAACTTCATTACTACTATTCTGAACATGCGTGCTCCTGGTATGACCATGTACCGCCTGCCTCTATTTGTTTGGTCTGTGCTGATTACTGCTGTACTTCTGCTACTTTCTCTACCGGTACTGGCTGGGGCGATTACTATGCTACTTACTGACCGTAACTTTAACACTTCATTCTTTGACCCTGCTGGTGGGGGTGACCCGATTCTATATCAACACCTATTC,ESV_COI_865,NA,NA,NA,NA,NA,NA,NA,NA,NA,NA,NA,NA,5,5,5,TRUE,Not artefactual,5
GTTATCAAACAGTATATTCCAGCAAGGAATGGCGATTGATATGGGTATATTCTCCCTTCACTTGGCTGGTGCTTCGTCAATACTTGGTGCTATTAATATGATAGTTACCATACTAAATATGCGTGCACCTGGCATGACTCTGCATAAAATGCCATTATATGTTTGGTCAGTATTAATTACAGCATTCCTTCTTGTATTAGCACTTCCTGTGTTAGCAGGAGCAATCACAATGCTTCTTACTGATAGGAACTTCGGAACAAGCTTTTTTGACCCTGCAGGTGGTGGTGATCCGATTTTCTGGCAGCATTTGTTC,ESV_COI_866,NA,NA,NA,NA,NA,NA,NA,NA,NA,NA,NA,NA,5,5,5,TRUE,Not artefactual,5
ACTTTCAAGTATTGCTTTCCACTCGGGAGCATCAGTTGACCTGGCAATCTTCAGTCTTCACCTTTCTGGTATTAGTAGTATTTTAGGATCTATCAACATCATCACAACTGTGTTGAACATGCGAGCTCCTGGAATGACAATGCACCGCTTACCGTTATTCGTATGGTCAGTATTTATTACTGCGTTTCTTCTTGTCCTTTCACTACCAGTATTTGCTGGAGGGATTACAATGTTGTTAACAGACCGTAACTTTAACACAACGTTCTTTGACCCTGCAGGAGGAGGAGACCCGATTTTATACCAACATTTATTT,ESV_COI_867,NA,NA,NA,NA,NA,NA,NA,NA,NA,NA,NA,NA,5,5,5,TRUE,Not artefactual,5
TTTATCAGGAATAACCGCGCACCCTGGAGCTGCTGTGGATATTGCTATATTTAGTTTACATGTAGCAGGAGCCTCGTCAATTTTAGGTGCTATTAATTTCATAACAACTATATTAAATATGCCAGCTAGGGGGTTAAATTTAAATAGGTTACCATTATTTGTATGGGCTGTATTAATTACTGCTGTTTTACTTTTATTATCATTACCTGTGTTAGCAGGAGGGATTACTATGTTATTAACTGACAGGAACCTTAATACTTCATTTTTTAGTGTTGTTGGTGGAGGAGATCCGGTATTATACCAGCACCTGTTT,ESV_COI_868,NA,NA,NA,NA,NA,NA,NA,NA,NA,NA,NA,NA,5,5,5,TRUE,Not artefactual,5
TTTATCAAGAAATATTGCTCACTCTGGAGCATCTGTAGATTTATCAATTTTTTCTCTCCATTTAGCGGGAGCTTCGTCAATTTTAGGAGCAATTAATTTTATATCCACAGTTATTAATATACGAGCAGAAACTTTAACTTTTGATCGTCTTCCTCTTTTTGTATGAAGAGTATTTATTACAGTAATTTTACTTCTACTATCACTCCCTGTTTTAGCAGGAGCTATTACAATACTACTTACAGACCGAAATCTAAATACTTCGTTTTTTGACCCCACAGGAGGAGGTGATCCTATTCTTTATCAACATTTATTC,ESV_COI_869,Balanus crenatus,species,Balanus crenatus,Balanus,Balanidae,Sessilia,Hexanauplia,Arthropoda,Metazoa,COI,TOP,95,5,5,5,TRUE,Not artefactual,5
ACTTTCTAGTGTACAAGCACACTCTGGACCCTCTGTTGATTTGGCTATTTTTAGTTTGCATGTTTCAGGGGCAGCTTCTATTTTGGGTTCTATTAATTTTATTACCACTATCTTTAACATGAGAGGGCCTGGTATAACTATACATAGACTCCCTTTGTTTTGTTGGGCATTGCTAATTACAGCTTTTTTGCTACTTCTATCACTTCCTGTTCTTGCAGGGGCTATTACTATACTGCTATGTGATAGAAACTTCAATACTACATTTTTTGATCCTGCTGGAGGAGGAGATCCTGTACTATATCAACATTTGTTC,ESV_COI_919,NA,NA,NA,NA,NA,NA,NA,NA,NA,NA,NA,NA,4,4,4,TRUE,Not artefactual,4
TTTATCAGGAATAACAGCACATTCTGGGGGATCTGTTGATTTAGCTATTTTTAGCTTGCACCTTTCAGGAGCAGCTTCTATTTTAGGGGCGATTAATTTTATTTGTACCATTACAAATATGCGATCAAAAAATTTACCATTTCACAGACTTCCTTTATTTGCTTGGGCAATTTTTATTACAGCTTTTTTATTAGTATTGTCATTACCAGTTTTGGCAGGTGCTATAACAATGCTTTTAACTGATCGAAATTTCAACACCACGTTTTTCGACCCAGCAGGTGGTGGTGATCCAGTATTATACCAACATCTTTTC,ESV_COI_920,NA,NA,NA,NA,NA,NA,NA,NA,NA,NA,NA,NA,4,4,4,TRUE,Not artefactual,4
ATTAAGTAATGCAACATCTCACGCAGGGATGGCGGTGGACATGGCTATATTCTCACTACACATTGCAGGAATCTCATCAATTTTGGGTGCTATTAACTTTATTGTTACCATATTTAATATGAGAGCCCCCGGCATGACTCTTCACAAGATGCCGCTTTATGTGTGGTCAGTTCTGCTTACGGCGTTCTTATTAGTGCTAGCACTACCTGTTTTGGCTGGGGCGATAACAATGCTTCTTACTGATAGAAACTTTGGCACATCATTCTTTGACCCTGCCGGCGGCGGTGACCCTGTGTTATTCCAGCATTTATTC,ESV_COI_921,NA,NA,NA,NA,NA,NA,NA,NA,NA,NA,NA,NA,4,4,4,TRUE,Not artefactual,4
TTAAGCTCAATAACTTTCCATCCAGGAGCATCTGTAGACTTAGCTATCTTAGCCTTACACTTAGCGGGAATTTCTTCTATTTTAGGCTCAATCAATATGATTGTGACTATCCTTAATATGCGTGCACCTGGCATGACATTACATAAAATGCCTTTATTTGTATGGTCTATTTTAGTAACAGCCTTCTTACTTGTATTAGCTTTACCTGTACTTGGAGGAGCAATCACCATGCTACTTACTGACCGTAACTTTGGTACACACTTCTTTGATCCAGCCGGCGGAGGAGATCCTGTATTATTCCAACATTTATTT,ESV_COI_922,NA,NA,NA,NA,NA,NA,NA,NA,NA,NA,NA,NA,4,4,4,TRUE,Not artefactual,4
ACTTTCAACTACTGCTGATATCTCGATAGATTTCGCAATTTTGTCACTACACATACTTGGTATTTCTTCAATCCTTGGTGCGATTAACTTTATTGTAACAGTATTGAATATGCGTGCTCCAGGTATGACATTACATAAAATGCCATTATTTGTTTGGGCGATATTTATTACTGCAATCCTTCTTGTGTTAGCTCTTCCAGTATTGGCAGGTGCAATAACAATGTTGCTTACAGATAGAAACTTTGGAACTTCATTCTTCGCTCCAGAAGGTGGTGGTGATCCAGTATTATTCCAGCATTTATTC,ESV_COI_923,NA,NA,NA,NA,NA,NA,NA,NA,NA,NA,NA,NA,4,4,4,TRUE,Not artefactual,4
ATTAAGTAGTGTTGAAGGACACCCAAGTGCTGCTATTGATTTAGGGATTTTTAGCTTACATGTTGCTGGAGCTTCTTCTATTTTAGGTGCCATTAACTTTATTACGACAATTTTCAATATGCGATGTCCTGGTATGACATTTCATCGATTACCTCTTTTTGTTTGGGCGGTTTTAATAACAGCATTTTTATTGCTTTTATCTTTACCTGTTTTTGCGGGAGCAATTACAATGTTATTGACAGATAGAAATTTTAATACAACGTTTTTTAATCCAGCCGGTGGAGGTGACCCTGTTTTATATCAACATCTTTTT,ESV_COI_924,NA,NA,NA,NA,NA,NA,NA,NA,NA,NA,NA,NA,4,4,4,TRUE,Not artefactual,4
ACTATCAGGAATATTATCGCATCCAGGTGCCTCTGTAGATCTGGCTATTTTCTCACTCCATTTGGCTGGGATTTCGTCATTATTAGGGGCGATAAACTTTATCACCACGATTTTGAATATGCGCGCGCCCGGTATGACATTGCATAAAATGCCCTTATTCGCTTGGTCTATGCTTGTGACAGCCTTCTTGTTGTTGTTGGCAGTGCCTGTGCTTGCAGGTGCGATTACTATGCTGTTGACTGATCGTAATTTTGGCACCAGCTTCTTTGATCCAGCTGGAGGTGGCGATCCATTATTATACCAGCATTTGTTC,ESV_COI_925,NA,NA,NA,NA,NA,NA,NA,NA,NA,NA,NA,NA,4,4,4,TRUE,Not artefactual,4
TAAGTTCTATTGAGTTTCACTCAGGTGCATCTGTAGATCTAGCTATTTTCAGCCTACACCTAAGTGGAGCGGCATCTCTTTTAGGAGCAATTAACTTTATCTGTACAATTTTAAATATGAGAGTAAATAGAATGGAGTTACACGGAATGCCTCTATTCGCATGGGCTGTTTTAATTACAGCTGTTCTTCTACTTTTATCTCTTCCTGTTCTGGCAGGTGGTATTACAATGCTTCTTACTGATAGAAACTTTAATACATCATTCTTTGATCCTGCTGGAGGAGGTGACCCTATTCTTTTCCAACACCTGTTT,ESV_COI_926,NA,NA,NA,NA,NA,NA,NA,NA,NA,NA,NA,NA,4,4,4,TRUE,Not artefactual,4
ATTAGCAAGCCTTACAGGGCACTCGGGCCCTTCTGTAGATTTGGCTATATTTAGCCTACACTTAGCGGGAGTGTCATCAATAGCAGGTGCTATTAATTTTATATGTACAATTTGTAACATGAGGTCACGTGGTATGCATATGTTGCGTATGCCTTTATTTGTTTGGTCTGTATATGTAACAGCTTTTTTACTACTATTATCTTTACCTGTTTTAGCTGGGGCAATTACAATGCTATTAACTGACAGAAATTTAAATACTTCTTTTTTTGAAGTAGATGGTGGTGGAGACCCAGTATTATATCAACATCTGTTT,ESV_COI_927,NA,NA,NA,NA,NA,NA,NA,NA,NA,NA,NA,NA,4,4,4,TRUE,Not artefactual,4
ATTGTCAACTTCAGAATTTAATCCAGGTAATGCCATAGACTTAGCTATATATAGTTTACATCTATCAGGAATTTCATCAATCGCTGGAGCCATTAATTTCATTACAACAATAAACAATATGAGAGCTCCGGGTATAAGCTTTTTACGTTTACCTCTATTTGTTTGATCTATTTATGTTACTTCTTTTTTACTTTTAATTTCTTTACCTGTACTTGCAGCTGCAATAACAATGCTTTTAACAGATCGAAATTTACATTCTTCTTTTTTTAATCCTTCCGGAGGTGGTGACCCTCTTTTATATCAACACCTTTTT,ESV_COI_994,NA,NA,NA,NA,NA,NA,NA,NA,NA,NA,NA,NA,3,3,3,TRUE,Not artefactual,3
TCTAAGTAGCGCGACTTATCAGCCGGGAATGGCCGTTGATATGGGTATATTTTCACTTCATTTGGCAGGTGCTGCATCTATCCTTGGTGCGATCAATATGATTGTGACTATATTTAATATGCGCGCCCCTGGAATGACCTTCCACAAAATGCCGTTATTTGTTTGGTCAATTTTAATTACGGCATTCTTGCTTGTTTTGGCTTTGCCTGTTTTGGCTGGCGCAATTACGATGTTGCTTACTGATAGAAACTTCGGTACGTCTTTCTTTGATCCTGCTGGTGGTGGTGATCCTATTTTCTGGCAGCATCTATTC,ESV_COI_995,NA,NA,NA,NA,NA,NA,NA,NA,NA,NA,NA,NA,3,3,3,TRUE,Not artefactual,3
ATTATGGGCGCAATCAATATTATCGTTACGGTATTTAATATGCGGGCACCTGGTATGACCTTAATGAAGATGCCTTTATTTGTCTGGACATGGGTGATTACTTCATTCTTATTAGTAGCCTCACTCCCAGTTCTTGCGGGCGGGGTAACAATGTTATTGACAGACAAATATTTTGGTACAAGCTTCTTTAATGCTGCCGGTGGTGGCGACCCGGTATTATTCCAGCACATATTT,ESV_COI_996,NA,NA,NA,NA,NA,NA,NA,NA,NA,NA,NA,NA,3,3,3,TRUE,Not artefactual,3
TCTTTCAAGTATTACAGCTCATTCAGGGGGTTCTGTTGATTTGGCAATTTTTAGTCTTCACCTATCGGGGGCGTCATCTATTTTAGGAGCAATTAATTTTATTTGTACTATAACAAATATGCGTACAAAAAATCTTGCTTTTCATAGATTACCTCTTTTTGCTTGGGCTATTTTTATTACAGCATTTTTACTGTTACTTTCTTTACCAGTGTTAGCAGGAGCAATTACAATGCTATTAACGGACAGAAACTTTAATACTACATTTTTTGACCCTGCTGGAGGAGGAGACCCTGTACTATACCAGCATCTTTTC,ESV_COI_997,NA,NA,NA,NA,NA,NA,NA,NA,NA,NA,NA,NA,3,3,3,TRUE,Not artefactual,3
ACTAAGTTTAAATATTTCACACTCTGGAGCGTCTGTAGACTGCGCTATTTTTTCTCTTCATTTAGCAGGGGTTTCTTCAATTCTAGGTGCAATAAACTTTATTAGGACTATTATAAATATACGATGCGTAGGGCTTACTATAGACTCCACTCCTTTATTTGTATGGTCTGTTTTAGTTACTACTGTTCTACTGCTACTAGCCCTTCCTGTTTTAGCTGGAGCTATTACAATGCTTTTAAGAGATCGCAACTTAAACACTTCTTTTTATGATGTGGCAGGAGGAGGGGATCCTGTTCTCTACCAGCACTTATTT,ESV_COI_998,NA,NA,NA,NA,NA,NA,NA,NA,NA,NA,NA,NA,3,3,3,TRUE,Not artefactual,3
ACTATCCAGGTACCCGTACCATAGAGGGCCAAGAATGGACGTTCTTATTGTGGCTCTTCATTTAGCTGGAGTAAGGTCTCTAGTAGGGGCCATTAATTTTGCTAGTACTAACAAAAACATACCGGCCTTGGAGATAAAAGGGGAGCGAGCTGAGCTCTATGTCTTAAGAATCAGGATCACTGCAGCCCTTCTAATCATTTCTATTCCAGTTCTAGGAGGAGGAATTACAATAATCTTGTTTGACCGAAACTTCAACACGACGTTTTTCGACCCTGCAGGGGGCGGGGATCCTGTTCTGTTTCAACATTTATTT,ESV_COI_999,Mytilus edulis,species,Mytilus edulis,Mytilus,Mytilidae,Mytiloida,Bivalvia,Mollusca,Metazoa,COI,TOP,95,3,3,3,TRUE,Not artefactual,3
TCAAGCAATTACCTCGGGAACACCCGGTGGTGACGGATTAGGAATTATCCTTATGTTGGTTTCATTATCAATCTTTGTAATAGGATTCACTATGGGTGGATTAAATTATGTAATTACTATTCTTCAAGCGCGTACTCGCGGTATGACATTAATGCGTATGCCTCTCACAATATGGGGGATTTTTACAGCAACAGTTTTAGCCTTATTTGCTTTTCCTGCATTAATTGTTTCTTGTATAATGATGACTCTTGATAGTTTGCTCGGGACTAGTTTTTTTATGCCTGCTATTATTGAGTTTGGAGAACAATCTGAACATAGCGGAGGAAGTCCAATTTTATTCCAACATTTATTT,ESV_COI_1000,NA,NA,NA,NA,NA,NA,NA,NA,NA,NA,NA,NA,3,3,3,TRUE,Not artefactual,3
ATTATCAAGTGTACAAGCACATTCAGGTCCATCTGTTGATTTAGCTATATTTAGTTTACATTTAGCAGGTATTTCATCAATTTTAGGAGCCATTAATTTTATTACAACAATTTTTAATATGAGAGCTCCAGGTATGACCTTTCATAAATTACCTTTATTTGTTTGGTCAATTTTTATAACTGCATTTTTACTTTTATTATCTTTACCTGTTTTAGCAGGTGCTATTACTATGTTATTGACCGATAGAAATTTAAATACATCATTTTTTGATCCATCAGGAGGAGGTGATCCTGTATTATACCAACATTTATTT,ESV_COI_1001,NA,NA,NA,NA,NA,NA,NA,NA,NA,NA,NA,NA,3,3,3,TRUE,Not artefactual,3
AAGGTCCGGAGCTGCCGCACATAGTGGCCCCGCGGTAGACCTCGCTATCTTCTCGAGGCACGTTTCGGGTGCAGCGTCAATCAGAGGAGCCATCAACTTTATTGTCACAACAAGGGCGATGAAGCCTCCAGGGATGCATAGAGTTCAGTTGCCTCTCTACGTTTGATCAATTCTTATTACCGCAGTGTTGCTATTGTTATCCTTGCCAGTTTTTGCTGCTGCTCTTACGATGAGAGGAACAGATCGAAACTTTAATACGAGCTTTTTTGATCCAGCGTCTGGTGGTGACCCCATTTTGTTTCAGCATAGGTTT,ESV_COI_1002,NA,NA,NA,NA,NA,NA,NA,NA,NA,NA,NA,NA,3,3,3,TRUE,Not artefactual,3
ATTATCTAGTGGTACAGCTCACTCAGGAGGTGCTGTAGATTTAGCAATTTTTAGTTTACATCTTTCAGGAGCTTCTTCTATATTAGGAGCTATTAATTTTATTTGTACAATTTTTAACATGAGAGTTAAAAGTTTATCTTTTCATAAATTACCTTTATTTGTTTGGGCTGTACTAATAACAGCGTTTTTATTATTACTATCACTACCTGTTTTAGCCGGAGCAATTACTATGTTATTAACAGATCGAAATTTCAACACAACCTTTTTTGATCCAGCTGGTGGTGGTGATCCTGTTTTATATCAACATTTATTT,ESV_COI_1048,NA,NA,NA,NA,NA,NA,NA,NA,NA,NA,NA,NA,2,2,2,TRUE,Not artefactual,2
TTTATCTGGTAACATTGCACATTCAGGCCCAGCTGTTGATTTAGCTATTTTTAGTTTACACTTAGCAGGAGCTGCATCTATCTTAGGTGCTGTTAATTTCATTAGTACCATATTTAATATGCGAGCTAGGGGTTATTCTATGGATAGACTTCCATTATTTGTTTGATCTGTTTTAATCACTGCATTTTTATTACTATTATCATTACCAGTATTAGCAGGTGCAATTACTATGCTATTAACTGATCGTAACTTTAACACCTCATTTTATAAATTTAAAGGAGGAGGAGATCCTATTTTATACCAACATTTATTT,ESV_COI_1049,NA,NA,NA,NA,NA,NA,NA,NA,NA,NA,NA,NA,2,2,2,TRUE,Not artefactual,2
GATCTACACAACCGTTCACACTGACGACATGGTTCTACAGGAACAGGTTGAACAGTTTATCCTCCATTAAGTAGTATCTCTGGTCGCCCAGGGGGTGCTGTTGACTTAGCAATTTTCAGTCTTCATGTTTCTGGTGCTTCATCGATATTAGGAGCTGTAAATTTTATTACTACAATTTTTGACCCATCAGGTGGTGGTGACCCGATCTTATATCAGCATTTGTTCTGGTTCTTTGGCCACCCCGAAGTCTAAGACCAAGTCTCTGCTACCGTACTGACAAGTGATCTCGT,ESV_COI_1050,NA,NA,NA,NA,NA,NA,NA,NA,NA,NA,NA,NA,2,2,2,TRUE,Not artefactual,2
TTTATCTTCAACTGTTGGGCATGCTTCGCCTGCTGTTGATATGGCAATATTGGCTCTTCATTTAGCAGGAGCGTCTTCAATATTAGGAGCAATTAATTTTATTACTACTATTTTTAACATGCGTGCTCCAGGAATGACTCTTCATAAAATGCCATTGTTTGTATGGTCCATATTAGTTACAGTATTTTTATTAGTTTTGTCTCTTCCAGTTTTAGCTGGAGCAATAACAATGTTACTAACAGACAGAAATTTTGGAACTGCATTTTTTGCTCCAGAATTAGGTGGAGACCCTATATTATTTCAACATTTATTT,ESV_COI_1051,NA,NA,NA,NA,NA,NA,NA,NA,NA,NA,NA,NA,2,2,2,TRUE,Not artefactual,2
TTTATCTTCATCTATTGGAGCTCCAGGTCCTGCAGTTGACTTGGCTATTTTTTCACTTCACATAGCTGGTGCATCTTCAATTTTAGGTGCTATTAACTTTATCACTACTATATTTAATATGCGTGCCCCTGGAATGACACTTCACAAAATGCCCTTGTTTGTTTGGTCCATTTTAGTAACGGCTTTTTTATTACTACTATCCTTACCAGTATTAGCTGGTGCAATCACTATGCTTTTAACCGATAGAAACTTTGGTACAGCTTTTTTTGCAGCAGAAGCTGGAGGTGATCCAGTACTTTTCCAACATCTATTT,ESV_COI_1052,NA,NA,NA,NA,NA,NA,NA,NA,NA,NA,NA,NA,2,2,2,TRUE,Not artefactual,2
