"","ID_plaque","ID_puit","sample_id","Numero_unique_filtre","Numero_unique_echantillon","Numero_unique_site","Numero_unique_station","ID_projet","project","Loci","Type_echantillon","SNC","FNC","ENC","MNC","MPC","Run","File","Key_i7","Key_i5","tag_fwd","tag_rev","Station","Site_echantillonnage","plate_no","type","control_type","plate_row","plate_col","primer_fwd","primer_rev","nb_reads","nb_motus","nb_reads.tagjump","nb_motus.tagjump","seqdepth_ok","nb_reads.tagjump.subgroup","nb_motus.tagjump.subgroup","low_max_conta_level_10","artefact_type"
"10","A","C7","ADE_21_00406","F_21_00333","E_21_00389","ST_21_00188","N_21_00194","PPO","PPO.Godbout.2021","16Schord","FNC",NA,"ADE_21_00406","ADE_21_00560","N_21_1804.002.1;N_21_1804.002.2","P_21_1804.002",1804.002,"NS.1804.002.UDP0051_i7---UDP0051_i5.ADE_21_00406","UDP0051","UDP0051","CCTGTCTGTC","ACTGTTGTGA",NA,NA,"1804.002_A","control","extraction","C",7,"ATGCGAGAAGACCCTRTGGAGCT","CCTNGGTCGCCCCAAC",5912,2,5912,2,TRUE,5912,2,FALSE,"Contamination > 10%"
"59","A","D5","ADE_21_00455","F_21_00382","E_21_00300","ST_21_00188","N_21_00191","PPO","PPO.Godbout.2021","16Schord","FNC",NA,"ADE_21_00455","ADE_21_00562","N_21_1804.001.1;N_21_1804.001.2","P_21_1804.001",1804.001,"NS.1804.001.UDP0036_i7---UDP0036_i5.ADE_21_00455","UDP0036","UDP0036","ACCGGCCGTA","TGGCAATATT",NA,NA,"1804.001_A","control","extraction","D",5,"ATGCGAGAAGACCCTRTGGAGCT","CCTNGGTCGCCCCAAC",15840,4,15840,4,TRUE,15840,4,FALSE,"Contamination > 10%"
"99","A","E9","ADE_21_00495","F_21_00422","E_21_00352","ST_21_00188","N_21_00193","PPO","PPO.Godbout.2021","16Schord","FNC",NA,"ADE_21_00495","ADE_21_00564","N_21_1804.001.1;N_21_1804.001.2","P_21_1804.001",1804.001,"NS.1804.001.UDP0069_i7---UDP0069_i5.ADE_21_00495","UDP0069","UDP0069","TGGAGTACTT","TCTGTGTGGA",NA,NA,"1804.001_A","control","extraction","E",9,"ATGCGAGAAGACCCTRTGGAGCT","CCTNGGTCGCCCCAAC",22,1,22,1,FALSE,22,1,FALSE,"Contamination > 10% and low sequencing depth"
"109","A","A9","ADE_21_00505","F_21_00432","E_21_00309","ST_21_00188","N_21_00192","PPO","PPO.Godbout.2021","16Schord","FNC",NA,"ADE_21_00505","ADE_21_00564","N_21_1803.002.1;N_21_1803.002.2","P_21_1803.002",1803.002,"NS.1803.002.UDP0065_i7---UDP0065_i5.ADE_21_00505","UDP0065","UDP0065","TAATGTGTCT","GTAAGGCATA",NA,NA,"1803.002_A","control","extraction","A",9,"ATGCGAGAAGACCCTRTGGAGCT","CCTNGGTCGCCCCAAC",8664,6,8664,6,TRUE,8664,6,FALSE,"Contamination > 10%"
"144","A","C2","ADE_21_00540","F_21_00467","E_21_00438","N_21_00195","N_21_00195","PPO","PPO.Godbout.2021","16Schord","FNC",NA,"ADE_21_00540","ADE_21_00566","N_21_1804.001.1;N_21_1804.001.2","P_21_1804.001",1804.001,"NS.1804.001.UDP0011_i7---UDP0011_i5.ADE_21_00540","UDP0011","UDP0011","CCGTATGTTC","CATACACTGT",NA,NA,"1804.001_A","control","extraction","C",2,"ATGCGAGAAGACCCTRTGGAGCT","CCTNGGTCGCCCCAAC",19857,4,19857,4,TRUE,19857,4,FALSE,"Contamination > 10%"
"164","A","E5","ADE_21_00560","N_21_00132","N_21_00132","N_21_00132","N_21_00132","PPO","PPO.Godbout.2021","16Schord","ENC",NA,NA,"ADE_21_00560","N_21_1804.002.1;N_21_1804.002.2","P_21_1804.002",1804.002,"NS.1804.002.UDP0037_i7---UDP0037_i5.ADE_21_00560","UDP0037","UDP0037","TGTAATCGAC","GATCACCGCG",NA,NA,"1804.002_A","control","extraction","E",5,"ATGCGAGAAGACCCTRTGGAGCT","CCTNGGTCGCCCCAAC",8252,1,8252,1,TRUE,8252,1,FALSE,"Contamination > 10%"
"165","A","B5","ADE_21_00561","N_21_00133","N_21_00133","N_21_00133","N_21_00133","PPO","PPO.Godbout.2021","16Schord","ENC",NA,NA,"ADE_21_00561","N_21_1803.002.1;N_21_1803.002.2","P_21_1803.002",1803.002,"NS.1803.002.UDP0034_i7---UDP0034_i5.ADE_21_00561","UDP0034","UDP0034","CAGCCGCGTA","ACTAGCCGTG",NA,NA,"1803.002_A","control","extraction","B",5,"ATGCGAGAAGACCCTRTGGAGCT","CCTNGGTCGCCCCAAC",1938,8,1934,7,TRUE,1934,7,FALSE,"Contamination > 10%"
"166","A","G9","ADE_21_00562","N_21_00134","N_21_00134","N_21_00134","N_21_00134","PPO","PPO.Godbout.2021","16Schord","ENC",NA,NA,"ADE_21_00562","N_21_1804.001.1;N_21_1804.001.2","P_21_1804.001",1804.001,"NS.1804.001.UDP0071_i7---UDP0071_i5.ADE_21_00562","UDP0071","UDP0071","CTTGTACACC","AAGCGCGCTT",NA,NA,"1804.001_A","control","extraction","G",9,"ATGCGAGAAGACCCTRTGGAGCT","CCTNGGTCGCCCCAAC",31137,10,31137,10,TRUE,31137,10,FALSE,"Contamination > 10%"
"167","B","C4","ADE_21_00563","N_21_00135","N_21_00135","N_21_00135","N_21_00135","PPO","PPO.Godbout.2021","16Schord","ENC",NA,NA,"ADE_21_00563","N_21_1803.002.1;N_21_1803.002.2","P_21_1803.002",1803.002,"NS.1803.002.UDP0123_i7---UDP0123_i5.ADE_21_00563","UDP0123","UDP0123","CGTACAGGAA","TAGGTTCTCT",NA,NA,"1803.002_B","control","extraction","C",4,"ATGCGAGAAGACCCTRTGGAGCT","CCTNGGTCGCCCCAAC",7265,1,7265,1,TRUE,7265,1,FALSE,"Contamination > 10%"
"168","A","E11","ADE_21_00564","N_21_00136","N_21_00136","N_21_00136","N_21_00136","PPO","PPO.Godbout.2021","16Schord","ENC",NA,NA,"ADE_21_00564","N_21_1804.001.1;N_21_1804.001.2","P_21_1804.001",1804.001,"NS.1804.001.UDP0085_i7---UDP0085_i5.ADE_21_00564","UDP0085","UDP0085","TGGTACCTAA","CATGAGTACT",NA,NA,"1804.001_A","control","extraction","E",11,"ATGCGAGAAGACCCTRTGGAGCT","CCTNGGTCGCCCCAAC",19510,5,19510,5,TRUE,19510,5,FALSE,"Contamination > 10%"
"169","B","H5","ADE_21_00565","N_21_00137","N_21_00137","N_21_00137","N_21_00137","PPO","PPO.Godbout.2021","16Schord","ENC",NA,NA,"ADE_21_00565","N_21_1804.002.1;N_21_1804.002.2","P_21_1804.002",1804.002,"NS.1804.002.UDP0136_i7---UDP0136_i5.ADE_21_00565","UDP0136","UDP0136","CCAGGCACCA","ACGCTAATTA",NA,NA,"1804.002_B","control","extraction","H",5,"ATGCGAGAAGACCCTRTGGAGCT","CCTNGGTCGCCCCAAC",32601,316,32353,309,TRUE,32353,309,FALSE,"Contamination > 10%"
"170","A","F4","ADE_21_00566","N_21_00138","N_21_00138","N_21_00138","N_21_00138","PPO","PPO.Godbout.2021","16Schord","ENC",NA,NA,"ADE_21_00566","N_21_1804.001.1;N_21_1804.001.2","P_21_1804.001",1804.001,"NS.1804.001.UDP0030_i7---UDP0030_i5.ADE_21_00566","UDP0030","UDP0030","CCACCAGGCA","CTTATGGAAT",NA,NA,"1804.001_A","control","extraction","F",4,"ATGCGAGAAGACCCTRTGGAGCT","CCTNGGTCGCCCCAAC",6665,3,6665,3,TRUE,6665,3,FALSE,"Contamination > 10%"
"171","A","G4","N_21_1803.002.1",NA,NA,NA,NA,"ALL","ALL","16Schord","MNC",NA,NA,NA,"N_21_1803.002.1;N_21_1803.002.2","P_21_1803.002",1803.002,"NS.1803.002.UDP0031_i7---UDP0031_i5.NTC","UDP0031","UDP0031","GTGACACGCA","GCTTACGGAC",NA,NA,"1803.002_A","control","pcr","G",4,"ATGCGAGAAGACCCTRTGGAGCT","CCTNGGTCGCCCCAAC",2031,1,2031,1,TRUE,2031,1,FALSE,"Contamination > 10%"
"172","A","C9","N_21_1804.002.1",NA,NA,NA,NA,"ALL","ALL","16Schord","MNC",NA,NA,NA,"N_21_1804.002.1;N_21_1804.002.2","P_21_1804.002",1804.002,"NS.1804.002.UDP0067_i7---UDP0067_i5.NTC","UDP0067","UDP0067","AGGATGTGCT","TTACAATTCC",NA,NA,"1804.002_A","control","pcr","C",9,"ATGCGAGAAGACCCTRTGGAGCT","CCTNGGTCGCCCCAAC",0,0,0,0,FALSE,0,0,FALSE,"Contamination > 10% and low sequencing depth"
"173","A","G12","N_21_1804.001.1",NA,NA,NA,NA,"ALL","ALL","16Schord","MNC",NA,NA,NA,"N_21_1804.001.1;N_21_1804.001.2","P_21_1804.001",1804.001,"NS.1804.001.UDP0095_i7---UDP0095_i5.NTC","UDP0095","UDP0095","GTATTCCACC","ATGTAGACAA",NA,NA,"1804.001_A","control","pcr","G",12,"ATGCGAGAAGACCCTRTGGAGCT","CCTNGGTCGCCCCAAC",0,0,0,0,FALSE,0,0,FALSE,"Contamination > 10% and low sequencing depth"
"174","B","E2","N_21_1803.002.2",NA,NA,NA,NA,"ALL","ALL","16Schord","MNC",NA,NA,NA,"N_21_1803.002.1;N_21_1803.002.2","P_21_1803.002",1803.002,"NS.1803.002.UDP0109_i7---UDP0109_i5.NTC","UDP0109","UDP0109","GGTAGAATTA","GTAGCCATCA",NA,NA,"1803.002_B","control","pcr","E",2,"ATGCGAGAAGACCCTRTGGAGCT","CCTNGGTCGCCCCAAC",0,0,0,0,FALSE,0,0,FALSE,"Contamination > 10% and low sequencing depth"
"175","B","C4","N_21_1804.002.2",NA,NA,NA,NA,"ALL","ALL","16Schord","MNC",NA,NA,NA,"N_21_1804.002.1;N_21_1804.002.2","P_21_1804.002",1804.002,"NS.1804.002.UDP0123_i7---UDP0123_i5.NTC","UDP0123","UDP0123","CGTACAGGAA","TAGGTTCTCT",NA,NA,"1804.002_B","control","pcr","C",4,"ATGCGAGAAGACCCTRTGGAGCT","CCTNGGTCGCCCCAAC",0,0,0,0,FALSE,0,0,FALSE,"Contamination > 10% and low sequencing depth"
"176","B","C6","N_21_1804.001.2",NA,NA,NA,NA,"ALL","ALL","16Schord","MNC",NA,NA,NA,"N_21_1804.001.1;N_21_1804.001.2","P_21_1804.001",1804.001,"NS.1804.001.UDP0139_i7---UDP0139_i5.NTC","UDP0139","UDP0139","GAATACCTAT","ACAATAGAGT",NA,NA,"1804.001_B","control","pcr","C",6,"ATGCGAGAAGACCCTRTGGAGCT","CCTNGGTCGCCCCAAC",0,0,0,0,FALSE,0,0,FALSE,"Contamination > 10% and low sequencing depth"
"177","B","F6","P_21_1803.002",NA,NA,NA,NA,"ALL","ALL","16Schord","MPC",NA,NA,NA,"N_21_1803.002.1;N_21_1803.002.2","P_21_1803.002",1803.002,"NS.1803.002.UDP0142_i7---UDP0142_i5.QPC","UDP0142","UDP0142","ACAACTACTG","AGTTATCACA",NA,NA,"1803.002_B","control","positive","F",6,"ATGCGAGAAGACCCTRTGGAGCT","CCTNGGTCGCCCCAAC",0,0,0,0,FALSE,0,0,FALSE,"Contamination > 10% and low sequencing depth"
"178","B","F6","P_21_1804.001",NA,NA,NA,NA,"ALL","ALL","16Schord","MPC",NA,NA,NA,"N_21_1804.001.1;N_21_1804.001.2","P_21_1804.001",1804.001,"NS.1804.001.UDP0142_i7---UDP0142_i5.QPC","UDP0142","UDP0142","ACAACTACTG","AGTTATCACA",NA,NA,"1804.001_B","control","positive","F",6,"ATGCGAGAAGACCCTRTGGAGCT","CCTNGGTCGCCCCAAC",0,0,0,0,FALSE,0,0,FALSE,"Contamination > 10% and low sequencing depth"
"179","B","F6","P_21_1804.002",NA,NA,NA,NA,"ALL","ALL","16Schord","MPC",NA,NA,NA,"N_21_1804.002.1;N_21_1804.002.2","P_21_1804.002",1804.002,"NS.1804.002.UDP0142_i7---UDP0142_i5.QPC","UDP0142","UDP0142","ACAACTACTG","AGTTATCACA",NA,NA,"1804.002_B","control","positive","F",6,"ATGCGAGAAGACCCTRTGGAGCT","CCTNGGTCGCCCCAAC",0,0,0,0,FALSE,0,0,FALSE,"Contamination > 10% and low sequencing depth"
