"","plate_no","ID_puit","sample_id","ID_projet","project","Loci","Type_echantillon","Neg_prelevement","Neg_filtration","Neg_extraction","Neg_PCR","Run","File","File_mod","Key_i7","Key_i5","tag_fwd","tag_rev","Date_collected","Latitude","Longitude","Station","Site_echantillonnage","Profondeur_m","Replicat_biologique","type","control_type","plate_row","plate_col","primer_fwd","primer_rev","nb_reads","nb_motus","nb_reads.tagjump","nb_motus.tagjump","seqdepth_ok","nb_reads.tagjump.subgroup","nb_motus.tagjump.subgroup","low_max_conta_level_10","artefact_type"
"1",4,"D10","BlankpcrCES","ALL","ALL","MiFishU","PNC",NA,NA,NA,"NEG_PCR1;NEG_PCR2;NEG_PCR3;NEG_PCR4;NEG_PCR5;NEG_PCR6;NEG_PCR7;NEG_PCR8;BlankpcrCES",1524,"NS.1524.FLD0384---PE1-CS1-IDT_i5_5.BlankpcrCES","NS.1524.FLD0384.PE1-CS1-IDT_i5_5_BlankpcrCES","FLD0384",5,"ACGGTGCTAG","GGGGGTTTTT",NA,NA,NA,NA,NA,NA,NA,"control","pcr","D",10,"GTCGGTAAAACTCGTGCCAGC","CATAGTGGGGTATCTAATCCCAGTTTG",2,1,0,0,FALSE,0,0,FALSE,"Contamination > 10% and low sequencing depth"
"2",1,"G02","NEG_PCR1","ALL","ALL","MiFishU","PNC",NA,NA,NA,"NEG_PCR1;NEG_PCR2;NEG_PCR3;NEG_PCR4;NEG_PCR5;NEG_PCR6;NEG_PCR7;NEG_PCR8;BlankpcrCES",1524,"NS.1524.FLD0015---PE1-CS1-IDT_i5_5.NEG_PCR1_MiFish","NS.1524.FLD0015.PE1-CS1-IDT_i5_5_NEG_PCR1_MiFish","FLD0015",5,"GATCGTCTCT","GGGGGTTTTT",NA,NA,NA,NA,NA,NA,NA,"control","pcr","G",2,"GTCGGTAAAACTCGTGCCAGC","CATAGTGGGGTATCTAATCCCAGTTTG",27,3,0,0,FALSE,0,0,FALSE,"Contamination > 10% and low sequencing depth"
"3",1,"H03","NEG_PCR2","ALL","ALL","MiFishU","PNC",NA,NA,NA,"NEG_PCR1;NEG_PCR2;NEG_PCR3;NEG_PCR4;NEG_PCR5;NEG_PCR6;NEG_PCR7;NEG_PCR8;BlankpcrCES",1524,"NS.1524.FLD0024---PE1-CS1-IDT_i5_5.NEG_PCR2_MiFish","NS.1524.FLD0024.PE1-CS1-IDT_i5_5_NEG_PCR2_MiFish","FLD0024",5,"TGCTATGCTG","GGGGGTTTTT",NA,NA,NA,NA,NA,NA,NA,"control","pcr","H",3,"GTCGGTAAAACTCGTGCCAGC","CATAGTGGGGTATCTAATCCCAGTTTG",27,4,0,0,FALSE,0,0,FALSE,"Contamination > 10% and low sequencing depth"
"4",2,"G06","NEG_PCR3","ALL","ALL","MiFishU","PNC",NA,NA,NA,"NEG_PCR1;NEG_PCR2;NEG_PCR3;NEG_PCR4;NEG_PCR5;NEG_PCR6;NEG_PCR7;NEG_PCR8;BlankpcrCES",1524,"NS.1524.FLD0143---PE1-CS1-IDT_i5_5.NEG_PCR3_MifishU","NS.1524.FLD0143.PE1-CS1-IDT_i5_5_NEG_PCR3_MifishU","FLD0143",5,"TCGATCGACA","GGGGGTTTTT",NA,NA,NA,NA,NA,NA,NA,"control","pcr","G",6,"GTCGGTAAAACTCGTGCCAGC","CATAGTGGGGTATCTAATCCCAGTTTG",13,2,0,0,FALSE,0,0,FALSE,"Contamination > 10% and low sequencing depth"
"5",2,"A12","NEG_PCR4","ALL","ALL","MiFishU","PNC",NA,NA,NA,"NEG_PCR1;NEG_PCR2;NEG_PCR3;NEG_PCR4;NEG_PCR5;NEG_PCR6;NEG_PCR7;NEG_PCR8;BlankpcrCES",1524,"NS.1524.FLD0185---PE1-CS1-IDT_i5_5.NEG_PCR4_MifishU","NS.1524.FLD0185.PE1-CS1-IDT_i5_5_NEG_PCR4_MifishU","FLD0185",5,"AGTCAGACGC","GGGGGTTTTT",NA,NA,NA,NA,NA,NA,NA,"control","pcr","A",12,"GTCGGTAAAACTCGTGCCAGC","CATAGTGGGGTATCTAATCCCAGTTTG",18,5,0,0,FALSE,0,0,FALSE,"Contamination > 10% and low sequencing depth"
"6",3,"E03","NEG_PCR5","ALL","ALL","MiFishU","PNC",NA,NA,NA,"NEG_PCR1;NEG_PCR2;NEG_PCR3;NEG_PCR4;NEG_PCR5;NEG_PCR6;NEG_PCR7;NEG_PCR8;BlankpcrCES",1524,"NS.1524.FLD0213---PE1-CS1-IDT_i5_5.NEG_PCR5_MifishU","NS.1524.FLD0213.PE1-CS1-IDT_i5_5_NEG_PCR5_MifishU","FLD0213",5,"CCTCGTTGTT","GGGGGTTTTT",NA,NA,NA,NA,NA,NA,NA,"control","pcr","E",3,"GTCGGTAAAACTCGTGCCAGC","CATAGTGGGGTATCTAATCCCAGTTTG",19,4,0,0,FALSE,0,0,FALSE,"Contamination > 10% and low sequencing depth"
"7",3,"H10","NEG_PCR6","ALL","ALL","MiFishU","PNC",NA,NA,NA,"NEG_PCR1;NEG_PCR2;NEG_PCR3;NEG_PCR4;NEG_PCR5;NEG_PCR6;NEG_PCR7;NEG_PCR8;BlankpcrCES",1524,"NS.1524.FLD0272---PE1-CS1-IDT_i5_5.NEG_PCR6_MifishU","NS.1524.FLD0272.PE1-CS1-IDT_i5_5_NEG_PCR6_MifishU","FLD0272",5,"GGTCTGGTGT","GGGGGTTTTT",NA,NA,NA,NA,NA,NA,NA,"control","pcr","H",10,"GTCGGTAAAACTCGTGCCAGC","CATAGTGGGGTATCTAATCCCAGTTTG",34,6,0,0,FALSE,0,0,FALSE,"Contamination > 10% and low sequencing depth"
"8",4,"G02","NEG_PCR7","ALL","ALL","MiFishU","PNC",NA,NA,NA,"NEG_PCR1;NEG_PCR2;NEG_PCR3;NEG_PCR4;NEG_PCR5;NEG_PCR6;NEG_PCR7;NEG_PCR8;BlankpcrCES",1524,"NS.1524.FLD0303---PE1-CS1-IDT_i5_5.NEG_PCR7_MifishU","NS.1524.FLD0303.PE1-CS1-IDT_i5_5_NEG_PCR7_MifishU","FLD0303",5,"GTAACGATGT","GGGGGTTTTT",NA,NA,NA,NA,NA,NA,NA,"control","pcr","G",2,"GTCGGTAAAACTCGTGCCAGC","CATAGTGGGGTATCTAATCCCAGTTTG",13,4,0,0,FALSE,0,0,FALSE,"Contamination > 10% and low sequencing depth"
"9",4,"C06","NEG_PCR8","ALL","ALL","MiFishU","PNC",NA,NA,NA,"NEG_PCR1;NEG_PCR2;NEG_PCR3;NEG_PCR4;NEG_PCR5;NEG_PCR6;NEG_PCR7;NEG_PCR8;BlankpcrCES",1524,"NS.1524.FLD0331---PE1-CS1-IDT_i5_5.NEG_PCR8_MifishU","NS.1524.FLD0331.PE1-CS1-IDT_i5_5_NEG_PCR8_MifishU","FLD0331",5,"AGGATTGAGG","GGGGGTTTTT",NA,NA,NA,NA,NA,NA,NA,"control","pcr","C",6,"GTCGGTAAAACTCGTGCCAGC","CATAGTGGGGTATCTAATCCCAGTTTG",7,1,0,0,FALSE,0,0,FALSE,"Contamination > 10% and low sequencing depth"
"10",1,"A09","POS_PCR1","ALL","ALL","MiFishU","PPC",NA,NA,NA,"NEG_PCR1;NEG_PCR2;NEG_PCR3;NEG_PCR4;NEG_PCR5;NEG_PCR6;NEG_PCR7;NEG_PCR8;BlankpcrCES",1524,"NS.1524.FLD0065---PE1-CS1-IDT_i5_5.POS_PCR1_MiFish","NS.1524.FLD0065.PE1-CS1-IDT_i5_5_POS_PCR1_MiFish","FLD0065",5,"TACTGAGCTG","GGGGGTTTTT",NA,NA,NA,NA,NA,NA,NA,"control","positive","A",9,"GTCGGTAAAACTCGTGCCAGC","CATAGTGGGGTATCTAATCCCAGTTTG",694532,38,693024,24,TRUE,693024,24,TRUE,"Not artefactual"
"11",2,"H02","POS_PCR2","ALL","ALL","MiFishU","PPC",NA,NA,NA,"NEG_PCR1;NEG_PCR2;NEG_PCR3;NEG_PCR4;NEG_PCR5;NEG_PCR6;NEG_PCR7;NEG_PCR8;BlankpcrCES",1524,"NS.1524.FLD0112---PE1-CS1-IDT_i5_5.POS_PCR2_MifishU","NS.1524.FLD0112.PE1-CS1-IDT_i5_5_POS_PCR2_MifishU","FLD0112",5,"GCGTAGACGA","GGGGGTTTTT",NA,NA,NA,NA,NA,NA,NA,"control","positive","H",2,"GTCGGTAAAACTCGTGCCAGC","CATAGTGGGGTATCTAATCCCAGTTTG",172837,27,172697,20,TRUE,172697,20,TRUE,"Not artefactual"
"12",3,"E07","POS_PCR3","ALL","ALL","MiFishU","PPC",NA,NA,NA,"NEG_PCR1;NEG_PCR2;NEG_PCR3;NEG_PCR4;NEG_PCR5;NEG_PCR6;NEG_PCR7;NEG_PCR8;BlankpcrCES",1524,"NS.1524.FLD0245---PE1-CS1-IDT_i5_5.POS_PCR3_MifishU","NS.1524.FLD0245.PE1-CS1-IDT_i5_5_POS_PCR3_MifishU","FLD0245",5,"TGTTCGATAG","GGGGGTTTTT",NA,NA,NA,NA,NA,NA,NA,"control","positive","E",7,"GTCGGTAAAACTCGTGCCAGC","CATAGTGGGGTATCTAATCCCAGTTTG",1012287,50,1011877,38,TRUE,1011877,38,TRUE,"Not artefactual"
"13",4,"C09","POS_PCR4","ALL","ALL","MiFishU","PPC",NA,NA,NA,"NEG_PCR1;NEG_PCR2;NEG_PCR3;NEG_PCR4;NEG_PCR5;NEG_PCR6;NEG_PCR7;NEG_PCR8;BlankpcrCES",1524,"NS.1524.FLD0355---PE1-CS1-IDT_i5_5.POS_PCR4_MifishU","NS.1524.FLD0355.PE1-CS1-IDT_i5_5_POS_PCR4_MifishU","FLD0355",5,"AATATGCTGC","GGGGGTTTTT",NA,NA,NA,NA,NA,NA,NA,"control","positive","C",9,"GTCGGTAAAACTCGTGCCAGC","CATAGTGGGGTATCTAATCCCAGTTTG",164255,27,162076,19,TRUE,162076,19,TRUE,"Not artefactual"
"25",3,"G07","PPO20_208","PPO","PPO.KMcGregor.2020","MiFishU","SNC_FNC","PPO20_208","PPO20_208","PPO20_241","NEG_PCR1;NEG_PCR2;NEG_PCR3;NEG_PCR4;NEG_PCR5;NEG_PCR6;NEG_PCR7;NEG_PCR8;BlankpcrCES",1524,"NS.1524.FLD0247---PE1-CS1-IDT_i5_5.PPO20_208_MifishU","NS.1524.FLD0247.PE1-CS1-IDT_i5_5_PPO20_208_MifishU","FLD0247",5,"GTGGAGAGCT","GGGGGTTTTT",44131,NA,NA,NA,"Godbout",NA,NA,"control","extraction","G",7,"GTCGGTAAAACTCGTGCCAGC","CATAGTGGGGTATCTAATCCCAGTTTG",293,13,122,1,FALSE,122,1,FALSE,"Contamination > 10% and low sequencing depth"
"50",2,"G02","PPO20_233","PPO","PPO.KMcGregor.2020","MiFishU","SNC_FNC","PPO20_233","PPO20_233","PPO20_241","NEG_PCR1;NEG_PCR2;NEG_PCR3;NEG_PCR4;NEG_PCR5;NEG_PCR6;NEG_PCR7;NEG_PCR8;BlankpcrCES",1524,"NS.1524.FLD0111---PE1-CS1-IDT_i5_5.PPO20_233_MifishU","NS.1524.FLD0111.PE1-CS1-IDT_i5_5_PPO20_233_MifishU","FLD0111",5,"ACTAGCTGTC","GGGGGTTTTT",44132,NA,NA,NA,"Godbout",NA,NA,"control","extraction","G",2,"GTCGGTAAAACTCGTGCCAGC","CATAGTGGGGTATCTAATCCCAGTTTG",169317,46,168877,33,TRUE,168877,33,FALSE,"Contamination > 10%"
"51",1,"C10","PPO20_234","PPO","PPO","MiFishU","ENC",NA,NA,"PPO20_234","NEG_PCR1;NEG_PCR2;NEG_PCR3;NEG_PCR4;NEG_PCR5;NEG_PCR6;NEG_PCR7;NEG_PCR8;BlankpcrCES",1524,"NS.1524.FLD0075---PE1-CS1-IDT_i5_5.PPO20_234_MiFish","NS.1524.FLD0075.PE1-CS1-IDT_i5_5_PPO20_234_MiFish","FLD0075",5,"TGTCTCTATC","GGGGGTTTTT",NA,NA,NA,NA,NA,NA,NA,"control","extraction","C",10,"GTCGGTAAAACTCGTGCCAGC","CATAGTGGGGTATCTAATCCCAGTTTG",19,3,0,0,FALSE,0,0,FALSE,"Contamination > 10% and low sequencing depth"
"52",2,"F05","PPO20_235","PPO","PPO","MiFishU","ENC",NA,NA,"PPO20_235","NEG_PCR1;NEG_PCR2;NEG_PCR3;NEG_PCR4;NEG_PCR5;NEG_PCR6;NEG_PCR7;NEG_PCR8;BlankpcrCES",1524,"NS.1524.FLD0134---PE1-CS1-IDT_i5_5.PPO20_235_MifishU","NS.1524.FLD0134.PE1-CS1-IDT_i5_5_PPO20_235_MifishU","FLD0134",5,"CTAGCAGATG","GGGGGTTTTT",NA,NA,NA,NA,NA,NA,NA,"control","extraction","F",5,"GTCGGTAAAACTCGTGCCAGC","CATAGTGGGGTATCTAATCCCAGTTTG",9,2,0,0,FALSE,0,0,FALSE,"Contamination > 10% and low sequencing depth"
"53",3,"D06","PPO20_236","PPO","PPO","MiFishU","ENC",NA,NA,"PPO20_236","NEG_PCR1;NEG_PCR2;NEG_PCR3;NEG_PCR4;NEG_PCR5;NEG_PCR6;NEG_PCR7;NEG_PCR8;BlankpcrCES",1524,"NS.1524.FLD0236---PE1-CS1-IDT_i5_5.PPO20_236_MifishU","NS.1524.FLD0236.PE1-CS1-IDT_i5_5_PPO20_236_MifishU","FLD0236",5,"GATAAGAAGG","GGGGGTTTTT",NA,NA,NA,NA,NA,NA,NA,"control","extraction","D",6,"GTCGGTAAAACTCGTGCCAGC","CATAGTGGGGTATCTAATCCCAGTTTG",240,12,0,0,FALSE,0,0,FALSE,"Contamination > 10% and low sequencing depth"
"54",3,"E01","PPO20_237","PPO","PPO","MiFishU","ENC",NA,NA,"PPO20_237","NEG_PCR1;NEG_PCR2;NEG_PCR3;NEG_PCR4;NEG_PCR5;NEG_PCR6;NEG_PCR7;NEG_PCR8;BlankpcrCES",1524,"NS.1524.FLD0197---PE1-CS1-IDT_i5_5.PPO20_237_MifishU","NS.1524.FLD0197.PE1-CS1-IDT_i5_5_PPO20_237_MifishU","FLD0197",5,"TTAGTGGTGA","GGGGGTTTTT",NA,NA,NA,NA,NA,NA,NA,"control","extraction","E",1,"GTCGGTAAAACTCGTGCCAGC","CATAGTGGGGTATCTAATCCCAGTTTG",1213,16,959,2,FALSE,959,2,FALSE,"Contamination > 10% and low sequencing depth"
"55",2,"C02","PPO20_238","PPO","PPO","MiFishU","ENC",NA,NA,"PPO20_238","NEG_PCR1;NEG_PCR2;NEG_PCR3;NEG_PCR4;NEG_PCR5;NEG_PCR6;NEG_PCR7;NEG_PCR8;BlankpcrCES",1524,"NS.1524.FLD0107---PE1-CS1-IDT_i5_5.PPO20_238_MifishU","NS.1524.FLD0107.PE1-CS1-IDT_i5_5_PPO20_238_MifishU","FLD0107",5,"TGCGAGACGT","GGGGGTTTTT",NA,NA,NA,NA,NA,NA,NA,"control","extraction","C",2,"GTCGGTAAAACTCGTGCCAGC","CATAGTGGGGTATCTAATCCCAGTTTG",18,3,0,0,FALSE,0,0,FALSE,"Contamination > 10% and low sequencing depth"
"56",1,"B06","PPO20_239","PPO","PPO","MiFishU","ENC",NA,NA,"PPO20_239","NEG_PCR1;NEG_PCR2;NEG_PCR3;NEG_PCR4;NEG_PCR5;NEG_PCR6;NEG_PCR7;NEG_PCR8;BlankpcrCES",1524,"NS.1524.FLD0042---PE1-CS1-IDT_i5_5.PPO20_239_MiFish","NS.1524.FLD0042.PE1-CS1-IDT_i5_5_PPO20_239_MiFish","FLD0042",5,"CGAGTGCTGT","GGGGGTTTTT",NA,NA,NA,NA,NA,NA,NA,"control","extraction","B",6,"GTCGGTAAAACTCGTGCCAGC","CATAGTGGGGTATCTAATCCCAGTTTG",112,9,0,0,FALSE,0,0,FALSE,"Contamination > 10% and low sequencing depth"
"57",4,"F03","PPO20_240","PPO","PPO","MiFishU","ENC",NA,NA,"PPO20_240","NEG_PCR1;NEG_PCR2;NEG_PCR3;NEG_PCR4;NEG_PCR5;NEG_PCR6;NEG_PCR7;NEG_PCR8;BlankpcrCES",1524,"NS.1524.FLD0310---PE1-CS1-IDT_i5_5.PPO20_240_MifishU","NS.1524.FLD0310.PE1-CS1-IDT_i5_5_PPO20_240_MifishU","FLD0310",5,"GTCTAGCAGG","GGGGGTTTTT",NA,NA,NA,NA,NA,NA,NA,"control","extraction","F",3,"GTCGGTAAAACTCGTGCCAGC","CATAGTGGGGTATCTAATCCCAGTTTG",18,4,0,0,FALSE,0,0,FALSE,"Contamination > 10% and low sequencing depth"
"58",3,"A03","PPO20_241","PPO","PPO","MiFishU","ENC",NA,NA,"PPO20_241","NEG_PCR1;NEG_PCR2;NEG_PCR3;NEG_PCR4;NEG_PCR5;NEG_PCR6;NEG_PCR7;NEG_PCR8;BlankpcrCES",1524,"NS.1524.FLD0209---PE1-CS1-IDT_i5_5.PPO20_241_MifishU","NS.1524.FLD0209.PE1-CS1-IDT_i5_5_PPO20_241_MifishU","FLD0209",5,"CTCTTAGTTC","GGGGGTTTTT",NA,NA,NA,NA,NA,NA,NA,"control","extraction","A",3,"GTCGGTAAAACTCGTGCCAGC","CATAGTGGGGTATCTAATCCCAGTTTG",470,18,220,2,FALSE,220,2,FALSE,"Contamination > 10% and low sequencing depth"
