"","QueryAccVer","Taxon","Levels","species","genus","family","order","class","phylum","kingdom","Loci","Method","Threshold","count","count.tagjump","count.tagjump.subgroup","not_a_max_conta","artefact_type"
"CACCGCGGTTATACGAGAGGCCCAAATTGATGAAAAACGGCGTAAAGCGTGGTTAAGAAAAAAGAGAAAATATGGCCGAACAGCTTCAAAGCAGTTATACGCATCCGAAGTCACGAAGAACAATCACGAAAGTTGCCCTAAAACCTCCGATTCCACGAAAGCCATAAAA","ESV_MiFishU_1","Gadus","genus",NA,"Gadus","Gadidae","Gadiformes","Actinopteri","Chordata","Metazoa","MiFishU","TOP",95,10449774,10417304,70611,TRUE,"Not artefactual"
"CACCGCGGTTATACGAGAGGCCCAAGCTGATAGACCCCGGCGTAAAGAGTGGTTAAGATAAACTTAAAACTAAAGCCGAACACCCTCACAGCTGTTATACGCACCCGAGAGTAAGAAGCCCAACTACGAAAGTGGCTTTACAACCCCTGAACCCACGAAAGCTATGACA","ESV_MiFishU_2","Ammodytidae","family",NA,NA,"Ammodytidae","Uranoscopiformes","Actinopteri","Chordata","Metazoa","MiFishU","TOP",95,4975890,4960950,246108,TRUE,"Not artefactual"
"CACCGCGGTTATACGAGAGGCCCAAGTTGACAAACACCGGCGTAAAGCGTGGTTAAGTAAAAACTCACACTAAAGCCAAACATCTTCCAGGCTGTTATACGCAACCGAAGACAGGAAGTTCAACCACGAAAGTGGCTTTATCTAGTCTGAACCCACGAAAGCTAAGGAA","ESV_MiFishU_3","Myoxocephalus","genus",NA,"Myoxocephalus","Cottidae","Perciformes","Actinopteri","Chordata","Metazoa","MiFishU","TOP",95,3867793,3855135,39206,TRUE,"Not artefactual"
"CACCGCGGTTATACGAGAGGCCCAAGCTGATAGACCCCGGCGTAAAGAGTGGTTAAGATAAACTTGAGACTAAAGCCGAACACCCTCACAGCTGTTATACGCACCCGAGGGCAAGAAGCCCAACTACGAAAGTGGCTTTACAACCCCTGAACCCACGAAAGCTATGACA","ESV_MiFishU_4","Ammodytes americanus","species","Ammodytes americanus","Ammodytes","Ammodytidae","Uranoscopiformes","Actinopteri","Chordata","Metazoa","MiFishU","TOP",95,2888804,2880064,558121,TRUE,"Not artefactual"
"CACCGCGGTTATACGAGAGGCCCAAGTTGATGAATTACGGCGTAAAGAGTGGTTAAGCTAAAATTAAAACTAAAGCCGAACACCCCCAAAGCTGTTATACGCATCCGGAGGTGAGAAGTTCAACCACGAAGGTGGCTTTATCTAACCTGAACCCACGAAAGCTACGGCA","ESV_MiFishU_5","Gasterosteus aculeatus","species","Gasterosteus aculeatus","Gasterosteus","Gasterosteidae","Perciformes","Actinopteri","Chordata","Metazoa","MiFishU","TOP",95,2723924,2715718,150,TRUE,"Not artefactual"
"CACCGCGGTTATACGAGAGGCCCAAGCTGATAGACCCCGGCGTAAAGAGTGGTTAAGATAAACTTGAAACTAAAGCCGAACACCCTCACAGCTGTTATACGCACCCGAGGGCAAGAAGCCCAACTACGAAAGTGGCTTTACAACCCCTGAACCCACGAAAGCTATGACA","ESV_MiFishU_6","Ammodytes dubius","species","Ammodytes dubius","Ammodytes","Ammodytidae","Uranoscopiformes","Actinopteri","Chordata","Metazoa","MiFishU","TOP",95,2589473,2581315,431219,TRUE,"Not artefactual"
"CACCGCGGTTATACGAGAGGCCCAAGTTGACAAACACCGGCGTAAAGAGTGGTTAAGTCAAAACTCATACTAAAGCCAAACATCTTCAAGACTGTTATACGCAACCGAAGACAGGAAGTTCAACCACGAAAGTGGCTTTATCTCATCTGAACCCACGAAAGCTAAGGAA","ESV_MiFishU_7","Gymnocanthus tricuspis","species","Gymnocanthus tricuspis","Gymnocanthus","Cottidae","Perciformes","Actinopteri","Chordata","Metazoa","MiFishU","TOP",95,2120543,2114142,2438,TRUE,"Not artefactual"
"CACCGCGGTTATACGAGAGGCCCAAATTGATGAAAAACGGCGTAAAGCGTGGTTAAGAAAATAGGAGAAAATATGGCCGAACAGCTTCAAAGCAGTTATACGCATTCGAAGCCACGAAGAACAACCACGAAAGTTGCCCTAAGACCTCTGATTCCACGAAAGCCATAAAA","ESV_MiFishU_8","Microgadus tomcod","species","Microgadus tomcod","Microgadus","Gadidae","Gadiformes","Actinopteri","Chordata","Metazoa","MiFishU","TOP",95,2043694,2037495,112,TRUE,"Not artefactual"
"CACCGCGGTTATACGAGAGGCCCAAGTTGACAAACAACGGCGTAAAGAGTGGTTAGGGGATTTACTAAACTAGAGCCGAACGCTTTCAAAGCTGTTATACGCACCCGAAAGTATGAAACCCAATTACGAAAGTAGCTCTACTTATCCTGAACCCACGAAAGCTAAGGAA","ESV_MiFishU_9","Pleuronectidae","family",NA,NA,"Pleuronectidae","Pleuronectiformes","Actinopteri","Chordata","Metazoa","MiFishU","TOP",95,1917953,1912128,723,TRUE,"Not artefactual"
"CACCGCGGCTATACGAGAGACCCAAGTTGATACCATCCGGCGTAAAGAGTGGTTATGGAAAATAAAGACTAAAGCCGTACACCTTCAAAGCTGTTATACGCATCCGAAGGCTAGAAGATCAACCACGAAGGTAGCTTTACAACCCCTGACCCCACGAAAGCTCTGGCA","ESV_MiFishU_10","Sebastes fasciatus","species","Sebastes fasciatus","Sebastes","Sebastidae","Perciformes","Actinopteri","Chordata","Metazoa","MiFishU","TOP",95,1850988,1845361,952585,TRUE,"Not artefactual"
"CACCGCGGTCACACGATTAACCCAAGTCAATAGAAGCCGGCGTAAAGAGTGTTTTAGATCACCCCCTCCCCAATAAAGCTAAAACTCACCTGAGTTGTAAAAAACTCCAGTTGACACAAAATAGACTACGAAAGTGGCTTTAACATATCTGAACACACAATAGCTAAGACC","ESV_MiFishU_11","Homo sapiens","species","Homo sapiens","Homo","Hominidae","Primates","Mammalia","Chordata","Metazoa","MiFishU","TOP",95,1784670,1779268,4903,FALSE,"Contamination"
"CACCGCGGTTATACGAGAGACCCTAGTTGATATATTCGGCGTAAAGAGTGGTTATGGAAAACAAGCACTAAAGCCAAAGAGCCCTCAGGCCGTTATACGCACCCGGGGCCTCGAACCACTATCACGAAAGTAGCTTTACCCTCGCCCACCAGAACCCACGAGAGCTGGGACA","ESV_MiFishU_13","Clupea harengus","species","Clupea harengus","Clupea","Clupeidae","Clupeiformes","Actinopteri","Chordata","Metazoa","MiFishU","TOP",95,942184,938829,11721,TRUE,"Not artefactual"
"CACCGCGGTTATACGAGAGGCCCAAGTTGATAGCCACCGGCGTAAAGCGTGGTTAAGTTTAAACTCATACTAAAGCCAAACATCTTCAAGACTGTTATACGTAGCCGAAGACAGGAAGTTCAACCACGAAAGTGGCTTTATCTAATCTGAACCCACGAAAGCTAAGGAA","ESV_MiFishU_14","Hemitripterus americanus","species","Hemitripterus americanus","Hemitripterus","Agonidae","Perciformes","Actinopteri","Chordata","Metazoa","MiFishU","TOP",95,887377,884693,50366,TRUE,"Not artefactual"
"CACCGCGGTCATACGATTAACCCAAGCTAACAGGAGTACGGCGTAAAACGTGTTAAAGCACCATACCAAATAGGGTTAAATTCTAACTAAGCTGTAAAAAGCCATGATTAAAATAAAAATAAATGACGAAAGTGACCCTACAATAGCCGACGCACTATAGCTAAGACC","ESV_MiFishU_15","Bos","genus",NA,"Bos","Bovidae","Artiodactyla","Mammalia","Chordata","Metazoa","MiFishU","TOP",95,822662,820166,143,TRUE,"Not artefactual"
"CACCGCGGTTATACGAGAGGCCCAAGTTGACAAACACCGGCGTAAAGAGTGGTTAAGTCAAAACTCACACTAAAGCCAAACATCTTCAAGACTGTTATACGCAACCGAAGACAGGAAGTTCAACCACGAAAGTGGCTTTATCTCATCTGAACCCACGAAAGCTAAGGAA","ESV_MiFishU_16","Gymnocanthus tricuspis","species","Gymnocanthus tricuspis","Gymnocanthus","Cottidae","Perciformes","Actinopteri","Chordata","Metazoa","MiFishU","TOP",95,698969,696283,8046,TRUE,"Not artefactual"
"CACCGCGGTCATACGATTAACCCAAATTAATAGATCCACGGCGTAAAGAGTGTTTAAGAAAAAAAAATCACAATAGAGTTAAATTATAACTAAGCTGTAAAAAGCCCTAGTTAAAATAAAATAACCCACGAAAGTGACTCTAATAATCCTGACACACGATAGCTAGGACC","ESV_MiFishU_19","Sus scrofa","species","Sus scrofa","Sus","Suidae","Artiodactyla","Mammalia","Chordata","Metazoa","MiFishU","TOP",95,503708,502172,151591,FALSE,"Contamination"
"CACCGCGGTTATACGAGAGGCCCAAGTTGACAGACATCGGCGTAAAGAGTGGTTAAGTTAAAACTTATACTAAAGCCGAACGTCCTCAAGGCTGTTATACGCACCCGAAGATAAGAAGTTCAACCACGAAGGTGGCTTTATTTAGTCTGAACCCACGAAAGCTACGGCG","ESV_MiFishU_20","Stichaeus punctatus","species","Stichaeus punctatus","Stichaeus","Stichaeidae","Perciformes","Actinopteri","Chordata","Metazoa","MiFishU","TOP",95,473938,472462,6392,TRUE,"Not artefactual"
"CACCGCGGTTATACGAGAGGCCCAAGTTGACAAACAACGGCGTAAAGAGTGGTTAGGGGATTTACTAAACTAGAGCCGAACGCTTTCAGAGCTGTTATACGCACCCGAAAGTATGAAACCCAATTACGAAAGTAGCTCTACTCATCCTGAACCCACGAAAGCTAAGAAA","ESV_MiFishU_30","Reinhardtius hippoglossoides","species","Reinhardtius hippoglossoides","Reinhardtius","Pleuronectidae","Pleuronectiformes","Actinopteri","Chordata","Metazoa","MiFishU","TOP",95,192585,192585,192585,TRUE,"Not artefactual"
"CACCGCGGTTATACGAGAGGCCCAAGTTGACAGACATCGGCGTAAAGAGTGGTTAAGTTAAAATTGTACTAAAGCCGAACATCCTCCAGGCTGTTATACGCATCCGAAGATAAGAAGTTCAACCACGAAGGTAGCTTTATTTAGTCTGAACCCACGAAAGCTACGGCA","ESV_MiFishU_31","Pholis gunnellus","species","Pholis gunnellus","Pholis","Pholidae","Perciformes","Actinopteri","Chordata","Metazoa","MiFishU","TOP",95,183412,182824,6642,TRUE,"Not artefactual"
"CACCGCGGCTATACGAGAGACCCAAGTTGATACCATCCGGCGTAAAGAGTGGTTATGGAAAATAAAGACTAAAGCCGCACACCTTCAAAGCTGTTATACGCATCCGAAGGCTAGAAGATCAACCACGAAGGTAGCTTTACAACCCCTGACCCCACGAAAGCTCTGGCA","ESV_MiFishU_34","Sebastes mentella","species","Sebastes mentella","Sebastes","Sebastidae","Perciformes","Actinopteri","Chordata","Metazoa","MiFishU","TOP",95,176986,176986,176986,TRUE,"Not artefactual"
"CACCGCGGTTATACGAGAGGCCCAAGTTGAAAGACACCGGCGTAAAGCGTGGTTAAGTTAAATTTAAGCTAAAGTTAAACATCTTCAAGACTGTTATACGTATCCGAAGATAGGAACCTCAATTACGAAAGTAACTTTACACAAGCTGAACCCACGAAAGCTATAGCA","ESV_MiFishU_39","Liparis miostomus","species","Liparis miostomus","Liparis","Liparidae","Perciformes","Actinopteri","Chordata","Metazoa","MiFishU","TOP",95,116177,115910,1119,TRUE,"Not artefactual"
"CACCGCGGTTATACGAGAGGCCCAAGCTGATAGACCCCGGCGTAAAGAGTGGTTAAGATAAACTTAAAACTAAAGCCGAACACCCTCACAGCTGTTATACGCACCCGAGAGTAAGAAGCCCAACTACGAAAGTGGCTTTACAACCCCTGAACCCACGAAAGCTATGGCA","ESV_MiFishU_40","Ammodytidae","family",NA,NA,"Ammodytidae","Uranoscopiformes","Actinopteri","Chordata","Metazoa","MiFishU","TOP",95,90559,90193,1792,TRUE,"Not artefactual"
"CACCGCGGTTATACGAGAGGCCCAAGTTGATAGCCACCGGCGTAAAGCGTGGTTAAGTTTAAACTCATGCTAAAGCCAAACATCTTCAAGACTGTTATACGTAGCCGAAGACAGGAAGTTCAACCACGAAAGTGGCTTTATCTAATCTGAACCCACGAAAGCTAAGGAA","ESV_MiFishU_42","Hemitripterus americanus","species","Hemitripterus americanus","Hemitripterus","Agonidae","Perciformes","Actinopteri","Chordata","Metazoa","MiFishU","TOP",95,79465,79465,79465,TRUE,"Not artefactual"
"CACCGCGGTTATACGAGAGGCCCAAGTTGACAGACACCGGCGTAAAGAGTGGTTAAGCTAAAACTTAAACTAAAGCCAAACATCTTCAAGACTGTTATACGTACCCGAAGACAGGAAACTCAACCACGAAAGTAGCTTTATTTAATCTGACCCCACGAAAGCTACGGTA","ESV_MiFishU_43","Cyclopterus lumpus","species","Cyclopterus lumpus","Cyclopterus","Cyclopteridae","Perciformes","Actinopteri","Chordata","Metazoa","MiFishU","TOP",95,76059,75861,2033,TRUE,"Not artefactual"
"CACCGCGGTTATACGAGAGGCCCAAGTTGAAAGACCCCGGCGTAAAGAGTGGTTAAGCTAGAATTTATACTAAAGCCGAACATCCTCACGGCTGTTATACGCACCCGAGGATAAGAAGCTCAACCACGAAGGTAGCTTTATATGTCTGAACCCACGAAAGCTACGGCA","ESV_MiFishU_62","Lycodes","genus",NA,"Lycodes","Zoarcidae","Perciformes","Actinopteri","Chordata","Metazoa","MiFishU","TOP",95,32593,32591,32591,TRUE,"Not artefactual"
"CACCGCGGCTATACGAGAGACACAAGTTGATACCATCCGGCGTAAAGAGTGGTTATGGAAAATAAAGACTAAAGCCGTACACCTTCAAAGCTGTTATACGCATCCGAAGGCTAGAAGATCAACCACGAAGGTAGCTTTACAACCCCTGACCCCACGAAAGCTCTGGCA","ESV_MiFishU_63","Sebastes fasciatus","species","Sebastes fasciatus","Sebastes","Sebastidae","Perciformes","Actinopteri","Chordata","Metazoa","MiFishU","TOP",95,32350,32350,31907,TRUE,"Not artefactual"
"CACCGCGGTTATACGAGAGGCCCAAGTTGACAAACACCGGCGTAAAGAGTGGTTAAGTTAAAACGCATACTAAAGCCAAACGTCTTCAAGGCTGTTATACGCAACCGAAGACAGGAAGTTCAACCACGAAGGTGGCTTTACCTACCTGAACCCACGAAAGCTAAGGAA","ESV_MiFishU_66","Cottidae","family",NA,NA,"Cottidae","Perciformes","Actinopteri","Chordata","Metazoa","MiFishU","TOP",95,26134,26134,26130,TRUE,"Not artefactual"
"CACCGCGGTTATACGAGAGGCCCAAGCTGATAGACCCCGGCGTAAAGAGTGGTTAAGATAAACTTGAGACTAAAGCCGAACACCCTCACAGCTGTTATACGCACCCGAGGGCAAGAAGCCCAACTACGAAAGTGGCTTTACAACCCCTGAACCCACGAAAGCTATGGCA","ESV_MiFishU_83","Ammodytes americanus","species","Ammodytes americanus","Ammodytes","Ammodytidae","Uranoscopiformes","Actinopteri","Chordata","Metazoa","MiFishU","TOP",95,13974,13974,1778,TRUE,"Not artefactual"
"CACCGCGGTCATACGATTAACCCAAATTAATAGATCCACGGCGTAAAGAGTGTTTAAGAAAAAAAAATCACAATAGAGTTAAATTATAACTAAGCTGTAAAAAGCCCTAGTTAAAATAAAATAACCCACGAAAGTGACTCTAATAATCCTGACACACGATAGCTAGGACT","ESV_MiFishU_99","Sus scrofa","species","Sus scrofa","Sus","Suidae","Artiodactyla","Mammalia","Chordata","Metazoa","MiFishU","TOP",95,10108,10108,3801,FALSE,"Contamination"
"CACCGCGGTCACACGATTAACCCAAGTCAATAGAAGCCGGCGTAAAGAGTGTTTTAGATCACCCCCGCCCCAATAAAGCTAAAACTCACCTGAGTTGTAAAAAACTCCAGTTGACACAAAATAGACTACGAAAGTGGCTTTAACATATCTGAACACACAATAGCTAAGACC","ESV_MiFishU_109","Homo sapiens","species","Homo sapiens","Homo","Hominidae","Primates","Mammalia","Chordata","Metazoa","MiFishU","TOP",95,9007,9007,52,TRUE,"Not artefactual"
"CACCGCGGTTATACGAGAGGCCCAAGCTGATAGACCCCGGCGTAAAGAGTGGTTAAGATAAACTTAAAACTAAAGCCGAACACCCTCACAGCTGTTATACGCACCCGAGAGTAAGAAGCCCAACTACGAAAGTGGCTTTACAACCCCTGAACCCACGGAAGCTATGACA","ESV_MiFishU_118","Ammodytidae","family",NA,NA,"Ammodytidae","Uranoscopiformes","Actinopteri","Chordata","Metazoa","MiFishU","TOP",95,8085,8085,1809,TRUE,"Not artefactual"
"CACCGCGGTTATACGAGAGGCCCAAGTTGATTAAATGCGGCGTAAAGAGTGGTTATGAAAATTAAACAATAAGGTCGAATATCCTCAGAGCAGTTATACGCATCCGAGGTCACGAAGCACAGTCACGAAAGTAGCCCTACTATAATTCTGACCCCACGAAAACCATAGAA","ESV_MiFishU_131","Enchelyopus cimbrius","species","Enchelyopus cimbrius","Enchelyopus","Gaidropsaridae","Gadiformes","Actinopteri","Chordata","Metazoa","MiFishU","TOP",95,7156,7156,7156,TRUE,"Not artefactual"
"CACCGCGGTTATACGAGAGGCTCAAGTTGATAGCCGCCGGCGTAAAGCGTGGTTAAGTTAAAAGTCATACTAAAGCCAAACATCTTCAAGACTGTTATACGTAGCCGAAGACAGGAAGTTCAACCACGAAAGTGGCTTTATAGATCTGACCCCACGAAAGCTAAGGAA","ESV_MiFishU_140","Aspidophoroides monopterygius","species","Aspidophoroides monopterygius","Aspidophoroides","Agonidae","Perciformes","Actinopteri","Chordata","Metazoa","MiFishU","TOP",95,6739,6739,6739,TRUE,"Not artefactual"
"CACCGCGGTTATACGAGAGGCCCAAGCTGATAGACCCCGGCGTAAAGAGTGGTTAAGATAAACTTGAAACTAAAGCCGAACACCCTCACAGCTGTTATACGCACCCGAGGGCAAGAAGCCCAACTACGAAAGTGGCTTTACAACCCCTGAACCCACGAAAGCTATGGCA","ESV_MiFishU_159","Ammodytes dubius","species","Ammodytes dubius","Ammodytes","Ammodytidae","Uranoscopiformes","Actinopteri","Chordata","Metazoa","MiFishU","TOP",95,5913,5913,1017,TRUE,"Not artefactual"
"CACCGCGGTTATACGAGAGGCCCAAGCTGATAGACCCCGGCGTAAAGAGTGGTTAAGACAAACTTGAAACTAAAGCCGAACACCCTCACAGCTGTTATACGCACCCGAGGGCAAGAAGCCCAACTACGAAAGTGGCTTTACAACCCCTGAACCCACGAAAGCTATGACA","ESV_MiFishU_181","Ammodytes dubius","species","Ammodytes dubius","Ammodytes","Ammodytidae","Uranoscopiformes","Actinopteri","Chordata","Metazoa","MiFishU","TOP",95,4949,4949,4949,TRUE,"Not artefactual"
"CACCGCAGTCATACGATTAACCCAAATTAATAGATCCACGGCGTAAAGAGTGTTTAAGAAAAAAAAATCACAATAGAGTTAAATTATAACTAAGCTGTAAAAAGCCCTAGTTAAAATAAAATAACCCACGAAAGTGACTCTAATAATCCTGACACACGATAGCTAGGACC","ESV_MiFishU_194","Sus scrofa","species","Sus scrofa","Sus","Suidae","Artiodactyla","Mammalia","Chordata","Metazoa","MiFishU","TOP",95,4587,4587,4587,FALSE,"Contamination"
"CACCGCGGCTATACGAGAGACCCAAGTTGATACCATCCGGCGTAAAGAGTGGTTATGGAAAATAAAGACTAAAGCCGTACACCTTCAAAGCTGTTATACACATCCGAAGGCTAGAAGATCAACCACGAAGGTAGCTTTACAACCCCTGACCCCACGAAAGCTCTGGCA","ESV_MiFishU_217","Sebastes fasciatus","species","Sebastes fasciatus","Sebastes","Sebastidae","Perciformes","Actinopteri","Chordata","Metazoa","MiFishU","TOP",95,3768,3768,3768,TRUE,"Not artefactual"
"CACCGCGGTTATACGAGAGGCCCAAGCTGATAGACCCCGGCGTAAAGAGTGGTTAAGATAAACTTGAGACTAAAGCCGAACACCCTCACAGCTGTTATACGCACTCGAGGGCAAGAAGCCCAACTACGAAAGTGGCTTTACAACCCCTGAACCCACGAAAGCTATGACA","ESV_MiFishU_250","Ammodytes americanus","species","Ammodytes americanus","Ammodytes","Ammodytidae","Uranoscopiformes","Actinopteri","Chordata","Metazoa","MiFishU","TOP",95,3225,3225,3225,TRUE,"Not artefactual"
"CACCGCGGCTATACGAGAGACCCAAGTTGATACCATCCGGCGTAAAGAGTGGTTATGGAAAATAAAGACTAAAGCCGTACACCTTCAAAGCTGTTATACGCATACGAAGGCTAGAAGATCAACCACGAAGGTAGCTTTACAACCCCTGACCCCACGAAAGCTCTGGCA","ESV_MiFishU_259","Sebastes fasciatus","species","Sebastes fasciatus","Sebastes","Sebastidae","Perciformes","Actinopteri","Chordata","Metazoa","MiFishU","TOP",95,2863,2863,2863,TRUE,"Not artefactual"
"CACCGCGGTTATACGAGAGGCCCAAATTGATGAAAAACGGCGTAAAGCGTGGTTAAGAAAAAAGAGAAAATATGGCCGAACAGCTTCAAAGCAGTTATACGCATCCGAAGTCACGAAGAACAATCACGAAAGTTGCCCTAAAACCTCCGAGTCCACGACAGCCATATCA","ESV_MiFishU_272","Gadus","genus",NA,"Gadus","Gadidae","Gadiformes","Actinopteri","Chordata","Metazoa","MiFishU","TOP",95,2656,2656,64,TRUE,"Not artefactual"
"CACCGCGGTTATACGAGAGGCCCAAGTTGACAGACACCGGCGTAAAGAGTGGTTAAGTTGAAACTTAAACTAAAGCCAAACATCTTCAAGACTGTTATACGTACCCGAAGGCAGGAGACTCAACCACGAAAGTAACTTTATTTAATCTGACCCCACGAAAGCTACGGCA","ESV_MiFishU_286","Eumicrotremus spinosus","species","Eumicrotremus spinosus","Eumicrotremus","Cyclopteridae","Perciformes","Actinopteri","Chordata","Metazoa","MiFishU","TOP",95,2520,2520,176,TRUE,"Not artefactual"
"CACCGCGGCTATACGAGAGACCCAAGTTGATACCATCCGGCGTAAAGAGTGGTTATGGAAAATAAAGACTAAAGCCGTACACCTTCAAAGCTGTTATACGCATCCGAAGGCTAGAAGATCAACCACGAAGGTAGCTTTACAACCCCTGACCCCACGAAAGCTCCGGCA","ESV_MiFishU_287","Sebastes fasciatus","species","Sebastes fasciatus","Sebastes","Sebastidae","Perciformes","Actinopteri","Chordata","Metazoa","MiFishU","TOP",95,2515,2515,108,TRUE,"Not artefactual"
"CACCGCGGTCATACGATTAACCCAAATTAATAGATCCACGGCGTAAAGAGTGTTTAAGAAAAAAAAATCACAATAGAGTTAAATTATAACTAAGCTGTAAAAAGCCCTAGTTAAAATAAAATAACCCACGAAAGTGACTCTAATAATCCTGACACACGATAGCTAGGGCC","ESV_MiFishU_309","Sus scrofa","species","Sus scrofa","Sus","Suidae","Artiodactyla","Mammalia","Chordata","Metazoa","MiFishU","TOP",95,2279,2279,996,FALSE,"Contamination"
"CACCGCGGTTATACGAGAGGCCCAAGCTGATAGACCCCGGCGTAAAGAGTGGTTAAGATAAACTTCAGACTAAAGCCGAACACCCTCACAGCTGTTATACGCACCCGAGGGCAAGAAGCCCAACTACGAAAGTGGCTTTACAACCCCTGAACCCACGAAAGCTATGACA","ESV_MiFishU_311","Ammodytes americanus","species","Ammodytes americanus","Ammodytes","Ammodytidae","Uranoscopiformes","Actinopteri","Chordata","Metazoa","MiFishU","TOP",95,2266,2266,2266,TRUE,"Not artefactual"
"CACCGCGGCTATACGAGAGACCCAAGTTGATACCATCCGGCGTAAAGAGTGGTTATGGAAAATAAAGACTAAAGCCGTACACCTTCAAAGCTGTTACACGCATCCGAAGGCTAGAAGATCAACCACGAAGGTAGCTTTACAACCCCTGACCCCACGAAAGCTCTGGCA","ESV_MiFishU_334","Sebastes fasciatus","species","Sebastes fasciatus","Sebastes","Sebastidae","Perciformes","Actinopteri","Chordata","Metazoa","MiFishU","TOP",95,1994,1994,236,TRUE,"Not artefactual"
"CACCGCGGTTATACGAGAGGCCCAAGTTGACAAACACCGGCGTAAAGCGTGGTTAAGTAAAAACTCACACTAAAACCAAACATCTTCCAGGCTGTTATACGCAACCGAAGACAGGAAGTTCAACCACGAAAGTGGCTTTATCTAGTCTGAACCCACGAAAGCTAAGGAA","ESV_MiFishU_375","Myoxocephalus","genus",NA,"Myoxocephalus","Cottidae","Perciformes","Actinopteri","Chordata","Metazoa","MiFishU","TOP",95,1712,1712,1712,TRUE,"Not artefactual"
"CACCGCGGCTATACGAGAGACCCAAGTTGATACCATCCGGCGTAAAGAGTGGTTATAGAAAATAAAGACTAAAGCCGTACACCTTCAAAGCTGTTATACGCATCCGAAGGCTAGAAGATCAACCACGAAGGTAGCTTTACAACCCCTGACCCCACGAAAGCTCTGGCA","ESV_MiFishU_378","Sebastes fasciatus","species","Sebastes fasciatus","Sebastes","Sebastidae","Perciformes","Actinopteri","Chordata","Metazoa","MiFishU","TOP",95,1685,1685,1685,TRUE,"Not artefactual"
"CACCGCGGTTATACGGGAGGCCCAAGCTGATAGACCCCGGCGTAAAGAGTGGTTAAGATAAACTTAAAACTAAAGCCGAACACCCTCACAGCTGTTATACGCACCCGAGAGTAAGAAGCCCAACTACGAAAGTGGCTTTACAACCCCTGAACCCACGAAAGCTATGACA","ESV_MiFishU_381","Ammodytidae","family",NA,NA,"Ammodytidae","Uranoscopiformes","Actinopteri","Chordata","Metazoa","MiFishU","TOP",95,1654,1654,1012,TRUE,"Not artefactual"
"CACCGCGGTTATACGAGAGGCCCAAGCTGATAGACCCCGGCGTAAAGAGTGGTTAAGATAAACTTAAAACTAAAGCCGAACACCCTCACAGCTGTTATACGCACCCGAGAGTAAGAAGCCCAACTACGAAAGTGGCTTTACAACCCCTGAACCCACAAAAGCTATGACA","ESV_MiFishU_396","Ammodytidae","family",NA,NA,"Ammodytidae","Uranoscopiformes","Actinopteri","Chordata","Metazoa","MiFishU","TOP",95,1582,1582,119,TRUE,"Not artefactual"
"CACCGCGGTTATACGAGAGGCCCAAGCTGATAGACCCCGGCGTAAAGAGTGGTTAAGATAAACTTAAAACTAAAGCCGAACACCCTCACAGCTGTTATACGCACCCGAGAGTAAGAAGCCCAACTACGAAAGTGGCTTTACAACCCCTGAACCCACGAAAGTTATGACA","ESV_MiFishU_400","Ammodytidae","family",NA,NA,"Ammodytidae","Uranoscopiformes","Actinopteri","Chordata","Metazoa","MiFishU","TOP",95,1556,1556,243,TRUE,"Not artefactual"
"CACCGCGGTCATACGATTAACCCAAATTAATAGATCCACGGCGTAAAGAGTGTTTAAGAGAAAAAAATCACAATAGAGTTAAATTATAACTAAGCTGTAAAAAGCCCTAGTTAAAATAAAATAACCCACGAAAGTGACTCTAATAATCCTGACACACGATAGCTAGGACC","ESV_MiFishU_401","Sus scrofa","species","Sus scrofa","Sus","Suidae","Artiodactyla","Mammalia","Chordata","Metazoa","MiFishU","TOP",95,1554,1554,502,FALSE,"Contamination"
"TACCGCGGTCATACGATTAACCCAAACTAATAGGCCCTCGGCGTAAAGCGTGTTAAAGATCAACCCACACTAAAGCTAAAACCTAACCAAGCCGTAAAAAGCTACCGTTAACATAAAATAAACTACGAAAGTGACTTTACTAACTCTGACAGCACGATAGCTAAGACC","ESV_MiFishU_404","Halichoerus grypus","species","Halichoerus grypus","Halichoerus","Phocidae","Carnivora","Mammalia","Chordata","Metazoa","MiFishU","TOP",95,1533,1533,996,TRUE,"Not artefactual"
"CACCGCGGTCATACGATTAACCCAAATTAATAGATCCACGGCGTAAAGAGTGTTTAAGAAAAAAAAATCACAATAGAGTTAAATTATAACTAAGCTGTAAAAAGCCCTAGTTAAAATAAAATAACCCACGAAAGTGACTCTAATAATCCTGACACACGGTAGCTAGGACC","ESV_MiFishU_427","Sus scrofa","species","Sus scrofa","Sus","Suidae","Artiodactyla","Mammalia","Chordata","Metazoa","MiFishU","TOP",95,1430,1430,393,FALSE,"Contamination"
"CACCGCGGTTATACGAGAGGCCCAAATTGATGAAAAACGGCGTAAAGCGTGGTTAAGAAAAAAGAGAAAATATGGCCGAACAGCTTCAAAGCAGTTATACGCATCCGAAGTCACGAAGAACAATCACGAAAGTTGCCCTAAAACTTCCGATTCCACGAAAGCCATAAAA","ESV_MiFishU_434","Gadus","genus",NA,"Gadus","Gadidae","Gadiformes","Actinopteri","Chordata","Metazoa","MiFishU","TOP",95,1397,1397,1397,TRUE,"Not artefactual"
"CACCGCGGTTATACGAGAGGCCCAAGTTGATAGCCACCGGCGTAAAGCGTGGTTAAGTTTAAACTCATACTAAAGCCAAACATCTTCAAGACTGTTATACGTAGCCGAAGACAGGAAGTTCAACCACGAAAGTGGCCTTATCTAATCTGAACCCACGAAAGCTAAGGAA","ESV_MiFishU_435","Hemitripterus americanus","species","Hemitripterus americanus","Hemitripterus","Agonidae","Perciformes","Actinopteri","Chordata","Metazoa","MiFishU","TOP",95,1394,1394,1394,TRUE,"Not artefactual"
"CACCGCGGTCACACGATTAACCCAAGTCAATAGAAGCCGGCGTAAAGAGTGTTTTAGATCACCCCCTCCCCAATAAAGCTAAAACTCACCTGAGTTGTAAAAAACTCCAGTTGACACAAAATAGACTACGAAAGTGGCTTTAACATATCTGAACACATAATAGCTAAGACC","ESV_MiFishU_447","Homo sapiens","species","Homo sapiens","Homo","Hominidae","Primates","Mammalia","Chordata","Metazoa","MiFishU","TOP",95,1348,1348,187,FALSE,"Contamination"
"CACCGCGGTCACACGATTAACCCAAGTCAATAGAAGCCGGCGTAAAGAGTGTTTTAGATCACCCCCTCCCCAATAAAGCTAAAACTCACCTGAGTTGTAAAAAACTCCAGTTGACACAAAATAGACTACGAAAGTGGCTTTAACATATCTGAATACACAATAGCTAAGACC","ESV_MiFishU_454","Homo sapiens","species","Homo sapiens","Homo","Hominidae","Primates","Mammalia","Chordata","Metazoa","MiFishU","TOP",95,1317,1317,73,TRUE,"Not artefactual"
"CACCGCGGTTATACGAGAGGCCCAAGCTGATAGACCCCGGCGTAAAGAGTGGTTAAGATAAACTTGAAACTAAAGCCGAACACCCTCACAGCTGTTATACGCACCCGAGGGCAAGAAGCCCAACTACGAAAGTGGCTTTACAACCCCTGAACCCACGAAAGCTACGACA","ESV_MiFishU_457","Ammodytes dubius","species","Ammodytes dubius","Ammodytes","Ammodytidae","Uranoscopiformes","Actinopteri","Chordata","Metazoa","MiFishU","TOP",95,1300,1300,144,TRUE,"Not artefactual"
"CACCGCGGTTATACGAGAGGCCCAAGCTGATAGACCCCGGCGTAAAGAGTGGTTAAGATAAACTTGAAACTAAAGCCGAACACCCTCACAGCTGTTATACGCACCCGAGGGCAAGAAGCCCAACTACGAAAGTGGCTTTACAACCCCTGAACCCACAAAAGCTATGACA","ESV_MiFishU_466","Ammodytes dubius","species","Ammodytes dubius","Ammodytes","Ammodytidae","Uranoscopiformes","Actinopteri","Chordata","Metazoa","MiFishU","TOP",95,1278,1278,838,TRUE,"Not artefactual"
"CACCGCGGTCATACGATTGACCCAAGTTAATAGACACCCGGCGTAAAGAGTGTCGAGGAGTAACATAAAATAAAGTCAAATCTTAGTTAAGCTGTAAAAAGCCATAACTAAACCTAAGCTAAACCACGAAAGTAACTTTATCACAAACCGAGTACACGACAACTAAGACC","ESV_MiFishU_472","Phocoena phocoena","species","Phocoena phocoena","Phocoena","Phocoenidae","Artiodactyla","Mammalia","Chordata","Metazoa","MiFishU","TOP",95,1233,1230,80,TRUE,"Not artefactual"
"CACCGCGGCTATACGAGAGACCCAAGTTGATACCATCCGGCGTAAAGAGTGGTTATGGAAAATAAAGACTAAAGCCGTACACCTTCAAAGCTGTTATACGCATCCGAAGGCTAGAAGATCAACCACGAAGGTAGCTTTACAACCCCTGACCCCACGAAAGCTCTGGTA","ESV_MiFishU_476","Sebastes fasciatus","species","Sebastes fasciatus","Sebastes","Sebastidae","Perciformes","Actinopteri","Chordata","Metazoa","MiFishU","TOP",95,1226,1226,461,TRUE,"Not artefactual"
"CACCGCGGCTATACGAGAGACCCAAGTTGATACCATCCGGCGTAAAGAGTGGTTATGGAAAATAAAGACTAAAGCCGTACACCTTCAAAGCTGTTATACGCATCCGAAGGCTAGAAGATCAACCACGAAGGTAGCTTTACAACCCCTGACTCCACGAAAGCTCTGGCA","ESV_MiFishU_479","Sebastes fasciatus","species","Sebastes fasciatus","Sebastes","Sebastidae","Perciformes","Actinopteri","Chordata","Metazoa","MiFishU","TOP",95,1220,1220,403,TRUE,"Not artefactual"
"CACCGCGGCTATACGAGAGACCCAAGTTGATACCATCCGGCGTAAAGAGTGGTTATGGAAAATAAAGACTAAAGCCGTACACCTTCAAAGCTGTTATACGCATCCGAAGGCTAGAAGATCAACCACGAAGGTAGCTTTACAACCCCTGACCCTACGAAAGCTCTGGCA","ESV_MiFishU_488","Sebastes fasciatus","species","Sebastes fasciatus","Sebastes","Sebastidae","Perciformes","Actinopteri","Chordata","Metazoa","MiFishU","TOP",95,1193,1193,526,TRUE,"Not artefactual"
"CACCGCGGTTATACGAGAGGCCCAAGCTGATAGACCCCGGCGTAAAGAGTGGTTAAGATAAACTTGAGACTAAAGCCGAACACCCTCACAGCTGTTATACGCACCCGAGGGCAAGAAGCCCAACTACGAAAGTGGCTTTACAACCCCTGAACCCATGAAAGCTATGACA","ESV_MiFishU_505","Ammodytes americanus","species","Ammodytes americanus","Ammodytes","Ammodytidae","Uranoscopiformes","Actinopteri","Chordata","Metazoa","MiFishU","TOP",95,1105,1105,119,TRUE,"Not artefactual"
"CACCGCGGTTATACGAGAGGCCCAAGCTGATAGACCCCGGCGTAAAGAGTGGTTAAGATAAACTTGAAACTAAAGCCGAACACCCTCACAGCTGTTATACGCACCCGGGGGCAAGAAGCCCAACTACGAAAGTGGCTTTACAACCCCTGAACCCACGAAAGCTATGACA","ESV_MiFishU_515","Ammodytes dubius","species","Ammodytes dubius","Ammodytes","Ammodytidae","Uranoscopiformes","Actinopteri","Chordata","Metazoa","MiFishU","TOP",95,1071,1071,1071,TRUE,"Not artefactual"
"CACCGCGGTTATACGAGGGGCCCAAGTTGACAAACAACGGCGTAAAGAGTGGTTAGGGGATTTACTAAACTAGAGCCGAACGCTTTCAGAGCTGTTATACGCACCCGAAAGTATGAAACCCAATTACGAAAGTAGCTCTACTCATCCTGAACCCACGAAAGCTAAGAAA","ESV_MiFishU_540","Reinhardtius hippoglossoides","species","Reinhardtius hippoglossoides","Reinhardtius","Pleuronectidae","Pleuronectiformes","Actinopteri","Chordata","Metazoa","MiFishU","TOP",95,985,985,985,TRUE,"Not artefactual"
"CACCGCGGTTATACGAGAGGCCCAAATTGATGAAAAACGGCGTAAAGCGTGGTTAAGAAAAAAGAGAAAATATGACCGAACAGCTTCAAAGCAGTTATACGCATCCGAAGTCACGAAGAACAATCACGAAAGTTGCCCTAAAACCTCCGATTCCACGAAAGCCATAAAA","ESV_MiFishU_545","Gadus","genus",NA,"Gadus","Gadidae","Gadiformes","Actinopteri","Chordata","Metazoa","MiFishU","TOP",95,971,971,299,TRUE,"Not artefactual"
"CACCGCGGTCATACGATTAACCCAAATTAATAGATCCACGGCGTAAAGAGTGTTTAAGAAAAAAAAATCACAATAGAGTTAAATTATAACTAAGCTGTAAAAAGCCCTAGTTAAAATAAAATAACCCACGAAAGTGACTCTAATAATCCTGACACACGATAGCTGGGACC","ESV_MiFishU_549","Sus scrofa","species","Sus scrofa","Sus","Suidae","Artiodactyla","Mammalia","Chordata","Metazoa","MiFishU","TOP",95,951,951,342,FALSE,"Contamination"
"CACCGCGGCTATACGAGAGACCCAAGTTGATACCATCCGGCGTAAAGAGTGGTTATGGAAAATAAAGACTAAAGCCGTACACCTTCAAAGCTGTTATACGCATCCGAAGGCTAGAAGATCAACCACGAAGGTAGCTTTACAACCCCTGACCCCACAAAAGCTCTGGCA","ESV_MiFishU_552","Sebastes fasciatus","species","Sebastes fasciatus","Sebastes","Sebastidae","Perciformes","Actinopteri","Chordata","Metazoa","MiFishU","TOP",95,943,943,121,TRUE,"Not artefactual"
"CACCGCGGCTATACGAGAGACCCAAGTTGATACCATCCGGCGTAAAGAGTGGTTATGGAAAATAAAGACTAAAGCCGCACACCTTCAAAGCTGTTATACGCATCCGAAGGCTAGAAGATCAACCACGAAGGTAGCTTTACAACCCCTGACCCCACGAAAGCCCTGGCA","ESV_MiFishU_554","Sebastes mentella","species","Sebastes mentella","Sebastes","Sebastidae","Perciformes","Actinopteri","Chordata","Metazoa","MiFishU","TOP",95,941,941,941,TRUE,"Not artefactual"
"CACCGCGGCTATACGAGAGACCCAAGTTGATACCATCCGGCGTAAAGAGTGGTTATGGAAAATAAAGACTAAAGCCGTACACCTTCAAAGCTGTTATACGCATCCGAAGGCTAGAAGATCAACCACGAAGGTAGCTTTACAACCCCTGACCTCACGAAAGCTCTGGCA","ESV_MiFishU_556","Sebastes fasciatus","species","Sebastes fasciatus","Sebastes","Sebastidae","Perciformes","Actinopteri","Chordata","Metazoa","MiFishU","TOP",95,939,939,357,TRUE,"Not artefactual"
"CACCGCGGTCATACGATTAACCCAAATTAATAGATCCACGGCGTAAAGAGTGTTTAAGAAAAAAAAATCACAATAGAGTTAAATTATAACTAAGCTGTAAAAAGCCCTAGTTAAAATAAAATAACCCACGAAAGTGACTCTAATAACCCTGACACACGATAGCTAGGACC","ESV_MiFishU_559","Sus scrofa","species","Sus scrofa","Sus","Suidae","Artiodactyla","Mammalia","Chordata","Metazoa","MiFishU","TOP",95,932,932,367,FALSE,"Contamination"
"CACCGCGGTTATACGAGAGGCCCAAGCTGATAGACCCCGGCGTAAAGAGTGGTTAAGATAAACTTAAAACTAAAGCCGAACATCCTCACAGCTGTTATACGCACCCGAGAGTAAGAAGCCCAACTACGAAAGTGGCTTTACAACCCCTGAACCCACGAAAGCTATGACA","ESV_MiFishU_564","Ammodytidae","family",NA,NA,"Ammodytidae","Uranoscopiformes","Actinopteri","Chordata","Metazoa","MiFishU","TOP",95,917,917,917,TRUE,"Not artefactual"
"CACCTCGGTTATACGAGAGGCCCAAGCTGATAGACCCCGGCGTAAAGAGTGGTTAAGATAAACTTAAAACTAAAGCCGAACACCCTCACAGCTGTTATACGCACCCGAGAGTAAGAAGCCCAACTACGAAAGTGGCTTTACAACCCCTGAACCCACGAAAGCTATGACA","ESV_MiFishU_565","Ammodytidae","family",NA,NA,"Ammodytidae","Uranoscopiformes","Actinopteri","Chordata","Metazoa","MiFishU","TOP",95,916,916,56,TRUE,"Not artefactual"
"CACCGCGGTCATACGATTAACCCAAATTAATAGATCCACGGCGTAAAGAGTGTTTAAGAAAAAAAAATCACAATAGAGTTAAATTATAACTAAGCTGTAAAAAGCCCTAGTTAAAATAAAATAACCCACGAAAGTGACTCTAATAATCCTGACACACGACAGCTAGGACC","ESV_MiFishU_592","Sus scrofa","species","Sus scrofa","Sus","Suidae","Artiodactyla","Mammalia","Chordata","Metazoa","MiFishU","TOP",95,843,843,221,FALSE,"Contamination"
"CACCGCGGTCATACGATTAACCCAAATTAATAGATCCGCGGCGTAAAGAGTGTTTAAGAAAAAAAAATCACAATAGAGTTAAATTATAACTAAGCTGTAAAAAGCCCTAGTTAAAATAAAATAACCCACGAAAGTGACTCTAATAATCCTGACACACGATAGCTAGGACC","ESV_MiFishU_596","Sus scrofa","species","Sus scrofa","Sus","Suidae","Artiodactyla","Mammalia","Chordata","Metazoa","MiFishU","TOP",95,839,839,839,FALSE,"Contamination"
"CACCGCGGCTATACGAGAGACCCAAGTTGATACCATCCGGCGTAAAGAGTGGTTATGGAAAATAAAGACTAAAGCCGTACACCTTCAAAGCTGTTATACGCATCCGAAGGCTAGAAGATCAACCACGAAGGTAGCTTTACAACCCCTGACCCCACGAAAGTTCTGGCA","ESV_MiFishU_605","Sebastes fasciatus","species","Sebastes fasciatus","Sebastes","Sebastidae","Perciformes","Actinopteri","Chordata","Metazoa","MiFishU","TOP",95,820,820,306,TRUE,"Not artefactual"
"CACCGCGGCTATACGAGAGACCCAAGTTGATACCATCCGGCGTAAAGAGTGGTTATGGAAAATAAAGACTAAAGCCGTACACCTTCAAAGCTGTTATACGCATCCGAAGGCTAGAAGATCAACCACGAAGGTAGCTTTACAACCCCTGACCCCATGAAAGCTCTGGCA","ESV_MiFishU_606","Sebastes fasciatus","species","Sebastes fasciatus","Sebastes","Sebastidae","Perciformes","Actinopteri","Chordata","Metazoa","MiFishU","TOP",95,816,816,192,TRUE,"Not artefactual"
"CACCGCGGCTATACGAGAGACCTAAGTTGATACCATCCGGCGTAAAGAGTGGTTATGGAAAATAAAGACTAAAGCCGTACACCTTCAAAGCTGTTATACGCATCCGAAGGCTAGAAGATCAACCACGAAGGTAGCTTTACAACCCCTGACCCCACGAAAGCTCTGGCA","ESV_MiFishU_611","Sebastes fasciatus","species","Sebastes fasciatus","Sebastes","Sebastidae","Perciformes","Actinopteri","Chordata","Metazoa","MiFishU","TOP",95,807,807,807,TRUE,"Not artefactual"
"CACCGCGGTTATACGAGAGGCCCAAGCTGATAGACCCCGGCGTAAAGAGTGGTTAAGATAAACTTGAAACTAAAGCCGAACACCCTCACAGCTGTTATACGCACCCGAGGGCAAGAAGCCCAACTACTAAAGTGGCTTTACAACCCCTGAACCCACGAAAGCTATGACA","ESV_MiFishU_615","Ammodytes dubius","species","Ammodytes dubius","Ammodytes","Ammodytidae","Uranoscopiformes","Actinopteri","Chordata","Metazoa","MiFishU","TOP",95,792,792,792,TRUE,"Not artefactual"
"CACCGCGGCTATACGAGAGACCCAAGTTGATACCATCCGGCGTAAAGAGTGGTTATGGAAAATAAAGACTAAAGCCGTACACCTTCAAAGCTGTTATACGCATCCGAAGGCTAGAAGATCAACCACGAAGGTAGCTTTACAACCCCTGACCCCACGAAAGCTTTGGCA","ESV_MiFishU_618","Sebastes fasciatus","species","Sebastes fasciatus","Sebastes","Sebastidae","Perciformes","Actinopteri","Chordata","Metazoa","MiFishU","TOP",95,779,779,150,TRUE,"Not artefactual"
"CACCGCGGTCATACGATTAACCCAAATTAATAGATCCACGGCGTAAAGAGTGTTTAAGAAAAAAAAATCACAATAGAGTTAAATTATAACTAAGCTGTAAAAAGCCCTAGTTAAAATAAAATAACCCACGAAAGTGACTCTAATAATCCTGACACACAATAGCTAGGACC","ESV_MiFishU_648","Sus scrofa","species","Sus scrofa","Sus","Suidae","Artiodactyla","Mammalia","Chordata","Metazoa","MiFishU","TOP",95,719,719,363,FALSE,"Contamination"
"CACCGCGGTTATACGAGAGGCCCAAGCTGATAGACCCCGGCGTAAAGAGTGGTTAAGATAAACTTGAGACTAAAGCCGAACACCCTCACAGCTGTTATACGCACCCGAGGGCAAGAAGCCCAACTACGAAAGTGGCTTTACAACCCCTGAACCCACGAAAGTTATGACA","ESV_MiFishU_671","Ammodytes americanus","species","Ammodytes americanus","Ammodytes","Ammodytidae","Uranoscopiformes","Actinopteri","Chordata","Metazoa","MiFishU","TOP",95,675,675,71,TRUE,"Not artefactual"
"CACCGCGGTTATACGAGAGGCCCAAGCTGATAGACCCCGGCGTAAAGAGTGGTTAAGATAAAATTGAGACTAAAGCCGAACACCCTCACAGCTGTTATACGCACCCGAGGGCAAGAAGCCCAACTACGAAAGTGGCTTTACAACCCCTGAACCCACGAAAGCTATGACA","ESV_MiFishU_684","Ammodytes americanus","species","Ammodytes americanus","Ammodytes","Ammodytidae","Uranoscopiformes","Actinopteri","Chordata","Metazoa","MiFishU","TOP",95,647,647,647,TRUE,"Not artefactual"
"CACCGCGGTTAAACGAGAGGCCCTAGTTAATGATACAACGGCGTAAAGGGTGGTTAAGGAAAGCAATATAATAAAGTCAAATGGCCCTTTGGCTGTCATACGCTTCTAGGTGTCCGAAGCCCAACATACGAAAGTAGCTTTAGAAAAGCCCACCTGATCCCACGAAAGCTGAGAAA","ESV_MiFishU_794","Chrosomus neogaeus","species","Chrosomus neogaeus","Chrosomus","Leuciscidae","Cypriniformes","Actinopteri","Chordata","Metazoa","MiFishU","TOP",95,473,473,473,TRUE,"Not artefactual"
"CACCGCGGTTATACGAGAGGCCCAAGTTGACAAACAACGGCGTAAAGAGTGGTTAGGGGATTTACTAAACTAGAGCCGAACGCTTTCAGAGCTGTTATACGCACCCGAAAGTATGAAACCCAATTACGAAAGTAGCTCTACTCATCCTGAACCCACGAAGGCTAAGAAA","ESV_MiFishU_798","Reinhardtius hippoglossoides","species","Reinhardtius hippoglossoides","Reinhardtius","Pleuronectidae","Pleuronectiformes","Actinopteri","Chordata","Metazoa","MiFishU","TOP",95,470,470,470,TRUE,"Not artefactual"
"CACCTCGGTTATACGAGAGGCCCAAGCTGATAGACCCCGGCGTAAAGAGTGGTTAAGATAAACTTGAGACTAAAGCCGAACACCCTCACAGCTGTTATACGCACCCGAGGGCAAGAAGCCCAACTACGAAAGTGGCTTTACAACCCCTGAACCCACGAAAGCTATGACA","ESV_MiFishU_809","Ammodytes americanus","species","Ammodytes americanus","Ammodytes","Ammodytidae","Uranoscopiformes","Actinopteri","Chordata","Metazoa","MiFishU","TOP",95,460,460,138,TRUE,"Not artefactual"
"CACCGCGGCTATACGAGAGACCCAAGTTGATACCATCCGGCGTAAAGAGTGGTTATGGAAAATAAAGACTAAAGCCGTACACCTTCAAAGCTGTTATACGCATCCGAAGGCTAGAAGATCAACCACGAAGGTAGCTTTACAACCCCTGACCCAACGAAAGCTCTGGCA","ESV_MiFishU_811","Sebastes fasciatus","species","Sebastes fasciatus","Sebastes","Sebastidae","Perciformes","Actinopteri","Chordata","Metazoa","MiFishU","TOP",95,458,458,342,TRUE,"Not artefactual"
"CACCGCGGTCATACGATTAACCCAAATTAATAGATCCACGGCGTAAAGAGTGTTTAAGAAAAAAAAATCACAATAGAGTTAAATTATAACTAAGCTGTAAAAAGCCCTAGTTAAAATAAAATAACCCACGAAAGTGACACTAATAATCCTGACACACGATAGCTAGGACC","ESV_MiFishU_820","Sus scrofa","species","Sus scrofa","Sus","Suidae","Artiodactyla","Mammalia","Chordata","Metazoa","MiFishU","TOP",95,447,447,128,FALSE,"Contamination"
"CACCGCGGTCATACGATTAACCCAAATTAATAGATCCACGGCGTAAAGAGTGTTTAAGAAAAAAAAATCACAATAGAGTTAAATTATAACTAAGCTGTAAAAAGCCCTAGTTAAAATAAAATAACCCACGAAAGTGACTCTAATAATCCTGACACATGATAGCTAGGACC","ESV_MiFishU_827","Sus scrofa","species","Sus scrofa","Sus","Suidae","Artiodactyla","Mammalia","Chordata","Metazoa","MiFishU","TOP",95,441,441,137,FALSE,"Contamination"
"CACCGCGGCTATACGAAAGACCCAAGTTGATACCATCCGGCGTAAAGAGTGGTTATGGAAAATAAAGACTAAAGCCGCACACCTTCAAAGCTGTTATACGCATCCGAAGGCTAGAAGATCAACCACGAAGGTAGCTTTACAACCCCTGACCCCACGAAAGCTCTGGCA","ESV_MiFishU_850","Sebastes mentella","species","Sebastes mentella","Sebastes","Sebastidae","Perciformes","Actinopteri","Chordata","Metazoa","MiFishU","TOP",95,420,420,420,TRUE,"Not artefactual"
"CACCGCGGTTATACGAGAGGCCCAAGCTGATAGACCCCGGCGTAAAGAGTGGTTAAGATAAACTTGAGACTAAAGCCGAACACCCTCACAGCTGTTATACGCACCCGAGGGCAAGAAGCCCAACTACGAAAGTGGCTTTACAACCCCTGAACCCACGAAAGCGATGACA","ESV_MiFishU_860","Ammodytes americanus","species","Ammodytes americanus","Ammodytes","Ammodytidae","Uranoscopiformes","Actinopteri","Chordata","Metazoa","MiFishU","TOP",95,416,416,416,TRUE,"Not artefactual"
"CACCGCGGTCATACGATTAACCCAAATTAATAGATCCACGGCGTAAAGAGTGTTTAAGAAAAAAAAATCACAATAGAGTTAAATTATAACTAAGCTGTAAAAAGCCCTAGTTAAAATAAAATAACCCACGAAAGTGACTCTAATAATCCTGACACTCGATAGCTAGGACC","ESV_MiFishU_886","Sus scrofa","species","Sus scrofa","Sus","Suidae","Artiodactyla","Mammalia","Chordata","Metazoa","MiFishU","TOP",95,390,390,83,FALSE,"Contamination"
"CACCGCGGTTATACGAGAGGCCCAAGTTGATAGCCACCGGCGTAAAGCGTGGTTAAGCTTAAACTCATGCTAAAGCCAAACATCTTCAAGACTGTTATACGTAGCCGAAGACAGGAAGTTCAACCACGAAAGTGGCTTTATCTAATCTGAACCCACGAAAGCTAAGGAA","ESV_MiFishU_918","Hemitripterus americanus","species","Hemitripterus americanus","Hemitripterus","Agonidae","Perciformes","Actinopteri","Chordata","Metazoa","MiFishU","TOP",95,353,353,353,TRUE,"Not artefactual"
"CACCGCGGTCATACGATTAACCCAAATTAATAGATCCACGGCGTAAAGAGTGTTTAAGAAAAAAAAATCACAATAGAGTTAAATTATAACTAAGCTGTAAAAAGCCCTAGTTAAAATAAAATAACCCACGAAAGTGACTCTAATAATCCTGACACACGTTAGCTAGGACC","ESV_MiFishU_921","Sus scrofa","species","Sus scrofa","Sus","Suidae","Artiodactyla","Mammalia","Chordata","Metazoa","MiFishU","TOP",95,352,352,118,FALSE,"Contamination"
"CACCGCGGTCATACGATTAACCCAAATTAATAGATCCACGGCGTAAAGAGTGTTTAAGAAAAAAAAATCACAATAGAGTTAAATTATAACTAAGCTGTAAAAAGCCCTAGTTAAAATAAAATAACCCACGAAAGTGACTCTAATAATCCTGTCACACGATAGCTAGGACC","ESV_MiFishU_942","Sus scrofa","species","Sus scrofa","Sus","Suidae","Artiodactyla","Mammalia","Chordata","Metazoa","MiFishU","TOP",95,340,340,112,FALSE,"Contamination"
"CACCGCGGTCATACGATTAACCCAAATTAATAGATCCACGGCGTAAAGAGTGTTTAAGAAAAAAAAATCACAATAGAGTTAAATTATAACTAAGCTGTAAAAAGCCCTAGTTAAAATAAAATAACCCACGAAAGTGACTCTAATAATCCTGACTCACGATAGCTAGGACC","ESV_MiFishU_948","Sus scrofa","species","Sus scrofa","Sus","Suidae","Artiodactyla","Mammalia","Chordata","Metazoa","MiFishU","TOP",95,333,333,118,FALSE,"Contamination"
"CACCGCGGTTATACGAGAGGCCCAAGCTGATAGACCCCGGCGTAAAGAGTGGTTAAGATAAACTTGAGACTAAAGCAGAACACCCTCACAGCTGTTATACGCACCCGAGGGCAAGAAGCCCAACTACGAAAGTGGCTTTACAACCCCTGAACCCACGAAAGCTATGACA","ESV_MiFishU_953","Ammodytes americanus","species","Ammodytes americanus","Ammodytes","Ammodytidae","Uranoscopiformes","Actinopteri","Chordata","Metazoa","MiFishU","TOP",95,327,327,327,TRUE,"Not artefactual"
"CACCGCGGTCATACGATTAACCCAAATTAATAGATCCACGGCGTAAAGAGTGTTTAAGAAAAAAAAATCACAATAGAGTTAAATTATAACTAAGCTGTAAAAAGCCCTAGTTAAAATAAAATAACCCACGAAAGTGACTCTAATAATCCTGATACACGATAGCTAGGACC","ESV_MiFishU_969","Sus scrofa","species","Sus scrofa","Sus","Suidae","Artiodactyla","Mammalia","Chordata","Metazoa","MiFishU","TOP",95,309,309,94,FALSE,"Contamination"
"CACCGCGGTTATACGAGAGGCCCAAGTTGATTAAATGCGGCGTAAAGAGTGGTTATGAAAATTAAACAATAAGGTCGAATATCTTCAGAGCAGTTATACGCATCCGAGGTCACGAAGCACAGTCACGAAAGTAGCCCTACTATAATTCTGACCCCACGAAAACCATAGAA","ESV_MiFishU_981","Enchelyopus cimbrius","species","Enchelyopus cimbrius","Enchelyopus","Gaidropsaridae","Gadiformes","Actinopteri","Chordata","Metazoa","MiFishU","TOP",95,301,301,301,TRUE,"Not artefactual"
"CACCGCGGTCATACGATTAACCCAAATTAATAGATCCACGGCGTAAAGAGTGTTTAAGAAAAAAAAATCACAATAGAGTTAAATTATAACTAAGCTGTAAAAAGCCCTAGTTAAAATAAAATAACCCACGAAAGTGACTCTAATAATCCTGACACACGATAGCTAGGTCC","ESV_MiFishU_982","Sus scrofa","species","Sus scrofa","Sus","Suidae","Artiodactyla","Mammalia","Chordata","Metazoa","MiFishU","TOP",95,301,301,69,FALSE,"Contamination"
"CACCGCGGTCATACGATTAACCCAAATTAATAGATCCACGGCGTAAAGAGTGTTTAAGAAAAAAAAATCTCAATAGAGTTAAATTATAACTAAGCTGTAAAAAGCCCTAGTTAAAATAAAATAACCCACGAAAGTGACTCTAATAATCCTGACACACGATAGCTAGGACC","ESV_MiFishU_988","Sus scrofa","species","Sus scrofa","Sus","Suidae","Artiodactyla","Mammalia","Chordata","Metazoa","MiFishU","TOP",95,295,295,295,FALSE,"Contamination"
"CACCGCGGCTATACGAGAGACCCAAGTTGATACCATCCGGCGTAAAGAGTGGTTATGGAAAATAAAGACTAAAGCCGCACACCTTCAAAGCTGTTATACGCATCCGAAGGCTAGAGGATCAACCACGAAGGTAGCTTTACAACCCCTGACCCCACGAAAGCTCTGGCA","ESV_MiFishU_1004","Sebastes mentella","species","Sebastes mentella","Sebastes","Sebastidae","Perciformes","Actinopteri","Chordata","Metazoa","MiFishU","TOP",95,285,285,285,TRUE,"Not artefactual"
"CACCGCGGCTATACGAGAGACCCAAGTTGATACCATTCGGCGTAAAGAGTGGTTATGGAAAATAAAGACTAAAGCCGCACACCTTCAAAGCTGTTATACGCATCCGAAGGCTAGAAGATCAACCACGAAGGTAGCTTTACAACCCCTGACCCCACGAAAGCTCTGGCA","ESV_MiFishU_1016","Sebastes","genus",NA,"Sebastes","Sebastidae","Perciformes","Actinopteri","Chordata","Metazoa","MiFishU","TOP",95,278,278,278,TRUE,"Not artefactual"
"CACCGCGGTTACACGATTAACCCAAGTCAATAGAAGCCGGCGTAAAGAGTGTTTTAGATCACCCCCTCCCCAATAAAGCTAAAACTCACCTGAGTTGTAAAAAACTCCAGTTGACACAAAATAGACTACGAAAGTGGCTTTAACATATCTGAACACACAATAGCTAAGACC","ESV_MiFishU_1021","Homo sapiens","species","Homo sapiens","Homo","Hominidae","Primates","Mammalia","Chordata","Metazoa","MiFishU","TOP",95,276,276,276,TRUE,"Not artefactual"
"CACCGCGGTTATACGAGAGGCCCAAGCTGATAGACCCCGGCGTAAAGAGTGGTTAAGATAAACTTGAGACTACAGCCGAACACCCTCACAGCTGTTATACGCACCCGAGGGCAAGAAGCCCAACTACGAAAGTGGCTTTACAACCCCTGAACCCACGAAAGCTATGACA","ESV_MiFishU_1022","Ammodytes americanus","species","Ammodytes americanus","Ammodytes","Ammodytidae","Uranoscopiformes","Actinopteri","Chordata","Metazoa","MiFishU","TOP",95,274,274,96,TRUE,"Not artefactual"
"CACCGCGGTCATACGATTAACCCAAATTAATAGATCCACGGCGTAATGAGTGTTTAAGAAAAAAAAATCACAATAGAGTTAAATTATAACTAAGCTGTAAAAAGCCCTAGTTAAAATAAAATAACCCACGAAAGTGACTCTAATAATCCTGACACACGATAGCTAGGACC","ESV_MiFishU_1031","Sus scrofa","species","Sus scrofa","Sus","Suidae","Artiodactyla","Mammalia","Chordata","Metazoa","MiFishU","TOP",95,272,272,272,FALSE,"Contamination"
"CACCGCGGTTATACGAGAGGCCCAAGCTGATAGACCCCGGCGTAAAGAGTGGTTAAGATAAACTTGAGACTAAAGCCGAACACCCTCACAGCTGTTATACGCACCCGAGGGCAAGAAGCCCAACTACGAAAGTGGCTTTACAACCCCTGAACCCACGAATGCTATGACA","ESV_MiFishU_1033","Ammodytes americanus","species","Ammodytes americanus","Ammodytes","Ammodytidae","Uranoscopiformes","Actinopteri","Chordata","Metazoa","MiFishU","TOP",95,269,269,62,TRUE,"Not artefactual"
"CACCTCGGTCATACGATTAACCCAAATTAATAGATCCACGGCGTAAAGAGTGTTTAAGAAAAAAAAATCACAATAGAGTTAAATTATAACTAAGCTGTAAAAAGCCCTAGTTAAAATAAAATAACCCACGAAAGTGACTCTAATAATCCTGACACACGATAGCTAGGACC","ESV_MiFishU_1041","Sus scrofa","species","Sus scrofa","Sus","Suidae","Artiodactyla","Mammalia","Chordata","Metazoa","MiFishU","TOP",95,266,266,80,FALSE,"Contamination"
"CACCTCGGTTATACGAGAGGCCCAAGCTGATAGACCCCGGCGTAAAGAGTGGTTAAGATAAACTTGAAACTAAAGCCGAACACCCTCACAGCTGTTATACGCACCCGAGGGCAAGAAGCCCAACTACGAAAGTGGCTTTACAACCCCTGAACCCACGAAAGCTATGACA","ESV_MiFishU_1079","Ammodytes dubius","species","Ammodytes dubius","Ammodytes","Ammodytidae","Uranoscopiformes","Actinopteri","Chordata","Metazoa","MiFishU","TOP",95,241,241,129,TRUE,"Not artefactual"
"CACCGCGGTCATACGATTAACCCAAATTAATAGATCCACGGCGTAAAGAGTGTTTAAGAAAAAAAAATCACAATAGAGTTAAATTATAACTAAGCTGTAAAAAGCCCTAGTTAAAATAAAATAACCCACGAAAGTGACTCTAATAATCCTGACACACGATGGCTAGGACC","ESV_MiFishU_1082","Sus scrofa","species","Sus scrofa","Sus","Suidae","Artiodactyla","Mammalia","Chordata","Metazoa","MiFishU","TOP",95,241,241,241,FALSE,"Contamination"
"CACCGCGGTTATACGAGAGGCCCAAGCTGATAGACCCCGGCGTAAAGAGTGGTTAAGATAAACTTGAGACTAAAGCCGCACACCCTCACAGCTGTTATACGCACCCGAGGGCAAGAAGCCCAACTACGAAAGTGGCTTTACAACCCCTGAACCCACGAAAGCTATGACA","ESV_MiFishU_1094","Ammodytes americanus","species","Ammodytes americanus","Ammodytes","Ammodytidae","Uranoscopiformes","Actinopteri","Chordata","Metazoa","MiFishU","TOP",95,234,234,234,TRUE,"Not artefactual"
"CACCGCAGCTATACGAGAGACCCAAGTTGATACCATCCGGCGTAAAGAGTGGTTATGGAAAATAAAGACTAAAGCCGCACACCTTCAAAGCTGTTATACGCATCCGAAGGCTAGAAGATCAACCACGAAGGTAGCTTTACAACCCCTGACCCCACGAAAGCTCTGGCA","ESV_MiFishU_1115","Sebastes mentella","species","Sebastes mentella","Sebastes","Sebastidae","Perciformes","Actinopteri","Chordata","Metazoa","MiFishU","TOP",95,218,218,218,TRUE,"Not artefactual"
"CACCGCGGTCATAGGATTAACCCAAATTAATAGATCCACGGCGTAAAGAGTGTTTAAGAAAAAAAAATCACAATAGAGTTAAATTATAACTAAGCTGTAAAAAGCCCTAGTTAAAATAAAATAACCCACGAAAGTGACTCTAATAATCCTGACACACGATAGCTAGGACC","ESV_MiFishU_1121","Sus scrofa","species","Sus scrofa","Sus","Suidae","Artiodactyla","Mammalia","Chordata","Metazoa","MiFishU","TOP",95,214,214,214,FALSE,"Contamination"
"CACCGCGGTCATACGATTAACACAAATTAATAGATCCACGGCGTAAAGAGTGTTTAAGAAAAAAAAATCACAATAGAGTTAAATTATAACTAAGCTGTAAAAAGCCCTAGTTAAAATAAAATAACCCACGAAAGTGACTCTAATAATCCTGACACACGATAGCTAGGACC","ESV_MiFishU_1122","Sus scrofa","species","Sus scrofa","Sus","Suidae","Artiodactyla","Mammalia","Chordata","Metazoa","MiFishU","TOP",95,214,214,214,FALSE,"Contamination"
"CACCGCGGCTATACGAGAGACCCAAGTTGATACCATCCGGCGTAAAGAGTGGTTATGGAAAATAAAGACTAAAGCCGCACACCTTCAAAGCTGTTATACGCATCCGAAGGCTAGAAGATCAACCACGAAGGTAGCCTTACAACCCCTGACCCCACGAAAGCTCTGGCA","ESV_MiFishU_1125","Sebastes mentella","species","Sebastes mentella","Sebastes","Sebastidae","Perciformes","Actinopteri","Chordata","Metazoa","MiFishU","TOP",95,212,212,212,TRUE,"Not artefactual"
"CACCGCGGTCATACGATTAACCCAAATTAATAGATCCACGGCGTAAAGAGTGTTTAAGAAAAAAAAATCACAATAGAGTTAAATTATAACTAAGCTGTAAAAAGCCCTAGTTAAAATAAAATAACCCACGAAAGTGACTCTAATAATCCTGACACACGATAGCTTGGACC","ESV_MiFishU_1139","Sus scrofa","species","Sus scrofa","Sus","Suidae","Artiodactyla","Mammalia","Chordata","Metazoa","MiFishU","TOP",95,202,202,63,FALSE,"Contamination"
"CACCGCTGTCATACGATTAACCCAAATTAATAGATCCACGGCGTAAAGAGTGTTTAAGAAAAAAAAATCACAATAGAGTTAAATTATAACTAAGCTGTAAAAAGCCCTAGTTAAAATAAAATAACCCACGAAAGTGACTCTAATAATCCTGACACACGATAGCTAGGACC","ESV_MiFishU_1140","Sus scrofa","species","Sus scrofa","Sus","Suidae","Artiodactyla","Mammalia","Chordata","Metazoa","MiFishU","TOP",95,202,202,74,FALSE,"Contamination"
"CACCGCGGTTATACGAGAGGCCCAAATTGATGAAAAACGGCGTAAAGCGTGGTTAAGAAAAAAGAGAAAATATGAACGAACAGCTTCAAAGCAGTTATACGCATCCGAAGTCACGAAGAACAATCACGAAAGTTGCCCTAAAACCTCCGATTCCACGAAAGCCATAAAA","ESV_MiFishU_1205","Gadus","genus",NA,"Gadus","Gadidae","Gadiformes","Actinopteri","Chordata","Metazoa","MiFishU","TOP",95,172,172,172,TRUE,"Not artefactual"
"CACCGCGGTCATACGATTGACCCGAATTAATAGACACCCGGCGTAAAGAGTGTCAAGGAGCAACACAAAAATAAAGTCAAACCTTAATTAAGCTGTAAAAAGCCATAATTAAAATTAAGCTAAACTACGAAAGTAACTTTACCATAAACTGAGTACACGACAACTAAGACC","ESV_MiFishU_1266","Lagenorhynchus acutus","species","Lagenorhynchus acutus","Lagenorhynchus","Delphinidae","Artiodactyla","Mammalia","Chordata","Metazoa","MiFishU","TOP",95,147,147,10,TRUE,"Not artefactual"
"CACCGCGGTTATACGAGAGGCCCAAGCTGATAGACCCCGGCGTAAAGAGTGGTTAAGATAAACTTGAGACTAAAGCCGAACACCCTCACAGCTGTTATACGCACCCGAGGGCAAGAAGCCCAACTACGAAAGTGGCTTTACAACCCCTGAACCCACGAAAGCTACGACA","ESV_MiFishU_1268","Ammodytes americanus","species","Ammodytes americanus","Ammodytes","Ammodytidae","Uranoscopiformes","Actinopteri","Chordata","Metazoa","MiFishU","TOP",95,147,147,147,TRUE,"Not artefactual"
"CACCGCGGTTATACGAGAGGCCCAAGCTGATAGACCCCGGCGTAAAGAGTGGTTAAGATAAACTTGAAACTAAAGCCGAACACCCTCACAGCTGTTATACGCACCCGAGGGCAAGAAGCCCAACTACGAAAGTGGCTTTACAACCCCTGAACCCACGAATGCTATGACA","ESV_MiFishU_1271","Ammodytes dubius","species","Ammodytes dubius","Ammodytes","Ammodytidae","Uranoscopiformes","Actinopteri","Chordata","Metazoa","MiFishU","TOP",95,147,147,20,TRUE,"Not artefactual"
"CACCGCGGCTATACGAGAGACCCAAGTTGATACCATCCGGCGTAAAGAGTGGTTATGGAAAATAAAGACTAAAGCCGTACACCTTCAAAGCTGTTATACGCATCCGAAGGCTAGAAGATCAACCACGAAGGTAGCTTTACAACCCCTGACCCCACGAATGCTCTGGCA","ESV_MiFishU_1290","Sebastes fasciatus","species","Sebastes fasciatus","Sebastes","Sebastidae","Perciformes","Actinopteri","Chordata","Metazoa","MiFishU","TOP",95,138,138,138,TRUE,"Not artefactual"
"CACCGCGGTTATACGAGAGGCCCAAGCTGATAGACCCCGGCGTAAAGAGTGGTTAAGATAAACTTCAGACTAAAGCCGAACACCCTCACAGCTGTTATACGCACCCGAGGGCAAGAAGCCCAACTACGAAAGTGGCTTTACAACCCCTGAATCCACGAAAGCTATGACA","ESV_MiFishU_1302","Ammodytes americanus","species","Ammodytes americanus","Ammodytes","Ammodytidae","Uranoscopiformes","Actinopteri","Chordata","Metazoa","MiFishU","TOP",95,135,135,135,TRUE,"Not artefactual"
"CACCGCGGTCATACGATTAACCCAAATTAATAGATCCACGGCGTAAAGAGTGTTTAAGAAAAAAAAATCACAATAGAGTTAAATTATAACTAAGCTGTAAAAAGCCCTAGTTAAAATAAAATAACCCACGAAAGTGACTCTAATAATCCTGACACACGATAACTAGGACC","ESV_MiFishU_1312","Sus scrofa","species","Sus scrofa","Sus","Suidae","Artiodactyla","Mammalia","Chordata","Metazoa","MiFishU","TOP",95,130,130,130,FALSE,"Contamination"
"CACCGCGGTCATACGATTAACCCAAACTAATAGGCCTACGGCGTAAAGCGTGTTCAAGATACTTTAACACTAAAGTTAAAACTTAACTAAGCCGTAAAAAGCTACAGTTATCATAAAATAAACCACGAAGGTGACTTTATAATAATCTGACTACACGATAGCTAAGACC","ESV_MiFishU_1318","Canis lupus","species","Canis lupus","Canis","Canidae","Carnivora","Mammalia","Chordata","Metazoa","MiFishU","TOP",95,127,127,9,TRUE,"Not artefactual"
"CACCGCGGTCATACGATTAACCCAAATTAATAGATCCACGGCGTAAAGAGTGTTTAAGAAAAAAAAATCACAATAGAGTTAAATTATAACTAAGCTGTAAAAAGCCCTAGTTAAAATAAAATAACCCACGAAAGAGACTCTAATAATCCTGACACACGATAGCTAGGACC","ESV_MiFishU_1326","Sus scrofa","species","Sus scrofa","Sus","Suidae","Artiodactyla","Mammalia","Chordata","Metazoa","MiFishU","TOP",95,126,126,126,FALSE,"Contamination"
"CACCGCGGTCATACGATTAACCCAAACTAATAGGCCCTCGGCGTAAAGCGTGTTAAAGATCAACCCACACTAAAGCTAAAACCTAACCAAGCCGTAAAAAGCTACCGTTAACATAAAATAGACCACGAAAGTGACTTTACTAATTCTGACTGCACGATAGCTAAGATC","ESV_MiFishU_1371","Phoca vitulina","species","Phoca vitulina","Phoca","Phocidae","Carnivora","Mammalia","Chordata","Metazoa","MiFishU","TOP",95,112,112,50,TRUE,"Not artefactual"
"CACCGCGGTTATACGAGAGGCCCAAGTTGACAGACATCGGCGTAAAGAGTGGTTAAGTTAAAACTTATACTAAAGCCGAACGTCCTCAAGGCTGTTATACGCACCCGAAGATAAGAAGTTTAACCACGAAGGTGGCTTTATTTAGTCTGAACCCACGAAAGCTACGGCG","ESV_MiFishU_1372","Stichaeus punctatus","species","Stichaeus punctatus","Stichaeus","Stichaeidae","Perciformes","Actinopteri","Chordata","Metazoa","MiFishU","TOP",95,112,112,112,TRUE,"Not artefactual"
"CACCGCGGTTATACGAGGGGCCCAAGCTGATAGGCCCCGGCGTAAAGAGTGGTTAAGATAAACTTGAGACTAAAGCCGAACACCCTCACAGCTGTTATACGCACCCGAGGGCAAGAAGCCCAACTACGAAAGTGGCTTTACAACCCCTGAACCCACGAAAGCTATGACA","ESV_MiFishU_1433","Ammodytes americanus","species","Ammodytes americanus","Ammodytes","Ammodytidae","Uranoscopiformes","Actinopteri","Chordata","Metazoa","MiFishU","TOP",95,86,86,86,TRUE,"Not artefactual"
"CACCGCGGTTATACGAGAGGCCCAAGTTGACAAACAACGGCGTAAAGAGTGGTTAGGGGATTTACTAAACTAGAGCCGAACGCTTTCAGAGCTGTTATACGCACCCGAAAGTATGAAACCCAATTACGAAAGTAGCTCTACTCATCCTGAACTCACGAAAGCTAAGAAA","ESV_MiFishU_1434","Reinhardtius hippoglossoides","species","Reinhardtius hippoglossoides","Reinhardtius","Pleuronectidae","Pleuronectiformes","Actinopteri","Chordata","Metazoa","MiFishU","TOP",95,86,86,86,TRUE,"Not artefactual"
"CACCGCGGTTATACGAGAGGCCCAAGCTGATAGACCCCGGCGTAAAGAGTGGTTAAGATAAACTTGAAACTAACGCCGAACACCCTCACAGCTGTTATACGCACCCGAGGGCAAGAAGCCCAACTACGAAAGTGGCTTTACAACCCCTGAACCCACGAAAGCTATGACA","ESV_MiFishU_1439","Ammodytes dubius","species","Ammodytes dubius","Ammodytes","Ammodytidae","Uranoscopiformes","Actinopteri","Chordata","Metazoa","MiFishU","TOP",95,85,85,85,TRUE,"Not artefactual"
"CAGCCGCCGCGGTTACACGAAGGGGGTAAGGGTATTTTATTGGTTTGTAATTGGCTTTGTGAACTGGCTAGAAAGAAAGGTTTGTTGGGTGAAATTTTAAACCTCAAGTTAGCCAGAGAATGGGTAAGCGAAGTTATGAAATCCGGGCAGCAAA","ESV_MiFishU_1440","Maccaffertium mediopunctatum","species","Maccaffertium mediopunctatum","Maccaffertium","Heptageniidae","Ephemeroptera","Insecta","Arthropoda","Metazoa","MiFishU","TOP",95,85,85,85,FALSE,"Contamination"
"CACCGCGGTTATACGAGAGGCCCAAGTTGACAAACAACGGCGTAAAGAGTGGTTAGGGGATTTACTAAACTAGAGCCGAACGCTTTCAGAGCTGTTATACGCACCCGAAAGTATGAAACCCAATTACGAAAGTAGCTCTACTCATCCTGAATCCACGAAAGCTAAGAAA","ESV_MiFishU_1451","Reinhardtius hippoglossoides","species","Reinhardtius hippoglossoides","Reinhardtius","Pleuronectidae","Pleuronectiformes","Actinopteri","Chordata","Metazoa","MiFishU","TOP",95,82,82,82,TRUE,"Not artefactual"
"CACCGCGGTCATACGATTAACCCAAATTAATAGATCCACGGCGTAAAGAGTGATTAAGAAAAAAAAATCACAATAGAGTTAAATTATAACTAAGCTGTAAAAAGCCCTAGTTAAAATAAAATAACCCACGAAAGTGACTCTAATAATCCTGACACACGATAGCTAGGACC","ESV_MiFishU_1478","Sus scrofa","species","Sus scrofa","Sus","Suidae","Artiodactyla","Mammalia","Chordata","Metazoa","MiFishU","TOP",95,73,73,73,FALSE,"Contamination"
"CACCGCGGTTATACGAGAGGCCCAAGTTGACAAACAACGGCGTAAAGAGTGGTTAGGGGATTTACTAAACTAGAGCCGAACGCTTTCAGAGCTGTTATACGCACCCGAAAGTATGAAACCCAATTACGAAAGTAGCTCTACTCATCCTGAACCCATGAAAGCTAAGAAA","ESV_MiFishU_1485","Reinhardtius hippoglossoides","species","Reinhardtius hippoglossoides","Reinhardtius","Pleuronectidae","Pleuronectiformes","Actinopteri","Chordata","Metazoa","MiFishU","TOP",95,71,71,71,TRUE,"Not artefactual"
"CACCGCGGTTATACGAGAGGCCCAAGCTGATAGACCCCGGCGTAAAGAGTGGTTAAGATAACCTTGAGACTAAAGCCGAACACCCTCACAGCTGTTATACGCACCCGAGGGCAAGAAGCCCAACTACGAAAGTGGCTTTACAACCCCTGAACCCACGAAAGCTATGACA","ESV_MiFishU_1523","Ammodytes americanus","species","Ammodytes americanus","Ammodytes","Ammodytidae","Uranoscopiformes","Actinopteri","Chordata","Metazoa","MiFishU","TOP",95,61,61,61,TRUE,"Not artefactual"
"AGCCGCGGTAATACGTAGGTGGCAAGCGTTGTCCGGATTTATTGGGCGTAAAGCGAGCGCAGGCGGTTCTTTAAGTCTGATGTGAAAGCCCCCGGCTCAACCGGGGAGGGTCATTGGAAACTGGAGAACTTGAGTGCAGAAGAGGAGAGTGGAATTCCATGTGTAGCGGTGAAATGCGTAGATATATGGAGGAACACCAGTGGCGAAGGCGACTCTCTGGTCTGTAACTGACGCTGAGGCTCGAAAGCGTGGGGAG","ESV_MiFishU_1528","Lactobacillales","order",NA,NA,NA,"Lactobacillales","Bacilli","Firmicutes",NA,"MiFishU","TOP",95,59,59,59,TRUE,"Not artefactual"
"CACCGCGGTCATACGATTAACCCAAACTAATAGGCCTACGGCGTAAAGCGTGTTCAAGATACTTTAACACTAAAGTTAAAACTTAACTAAGCCGTAAAAAGCTACAGTTATCATAAAATAAACCACGAAAGTGACTTTATAATAATCTGACTACACGATAGCTAAGACC","ESV_MiFishU_1552","Canis lupus","species","Canis lupus","Canis","Canidae","Carnivora","Mammalia","Chordata","Metazoa","MiFishU","TOP",95,49,49,49,TRUE,"Not artefactual"
"CACCGCGGTCATACGATTAACCCAAATTAATAGAACCACGGCGTAAAGAGTGTTTAAGAAAAAAAAATCACAATAGAGTTAAATTATAACTAAGCTGTAAAAAGCCCTAGTTAAAATAAAATAACCCACGAAAGTGACTCTAATAATCCTGACACACGATAGCTAGGACC","ESV_MiFishU_1566","Sus scrofa","species","Sus scrofa","Sus","Suidae","Artiodactyla","Mammalia","Chordata","Metazoa","MiFishU","TOP",95,47,47,47,FALSE,"Contamination"
"CACCTCGGTTATACGAGAGGCCCAAGTTGATAGCCACCGGCGTAAAGCGTGGTTAAGTTTAAACTCATGCTAAAGCCAAACATCTTCAAGACTGTTATACGTAGCCGAAGACAGGAAGTTCAACCACGAAAGTGGCTTTATCTAATCTGAACCCACGAAAGCTAAGGAA","ESV_MiFishU_1568","Hemitripterus americanus","species","Hemitripterus americanus","Hemitripterus","Agonidae","Perciformes","Actinopteri","Chordata","Metazoa","MiFishU","TOP",95,46,46,46,TRUE,"Not artefactual"
"CGCCGCGGCTATACGAGAGGCCCAAGTTGATACCATCCGGCGTAAAGAGTGGTTATGGAAAATAAAGACTAAAGCCGTACACCTTCAAAGCTGTTATACGCATCCGAAGGCTAGAAGATCAACCACGAAGGTAGCTTTACAACCCCTGACCCCACGAAAGCTCTGGCA","ESV_MiFishU_1576","Sebastes fasciatus","species","Sebastes fasciatus","Sebastes","Sebastidae","Perciformes","Actinopteri","Chordata","Metazoa","MiFishU","TOP",95,44,44,44,TRUE,"Not artefactual"
"CACCGCGGTTATACGAGAGGCCCAAGTTGAAAGACCCCGGCGTAAAGAGTGGTTAAGCTAGAATTTATACTAAAGCCGAACATCCTCACGGCTGTTATACGCACCCGAGGATAAGAAGCTCAACCACGAAGGTAGCTTTATATGTCTGAACCCACGAAAGTTACGGCA","ESV_MiFishU_1579","Lycodes","genus",NA,"Lycodes","Zoarcidae","Perciformes","Actinopteri","Chordata","Metazoa","MiFishU","TOP",95,43,43,43,TRUE,"Not artefactual"
"CACCGCGGCTATACGAGAGACCCAAGTTGATACCATCCGGCGTAAAGAGTGGTTATGGAAAATAAAGACTAAAGCCGTACACCTTCAAAGCTGTTATACGCATCCGAAGGCGAGAAGATCAACCACGAAGGTAGCTTTACAACCCCTGACCCCACGAAAGCTCTGGCA","ESV_MiFishU_1593","Sebastes fasciatus","species","Sebastes fasciatus","Sebastes","Sebastidae","Perciformes","Actinopteri","Chordata","Metazoa","MiFishU","TOP",95,41,41,41,TRUE,"Not artefactual"
"TACCGCGGTTAAACGAGAGGCCCTAGTTAATGATACAACGGCGTAAAGGGTGGTTAAGGAAAGCAATATAATAAAGTCAAATGGCCCTTTGGCTGTCATACGCTTCTAGGTGTCCGAAGCCCAACATACGAAAGTAGCTTTAGAAAAGCCCACCTGATCCCACGAAAGCTGAGAAA","ESV_MiFishU_1624","Chrosomus neogaeus","species","Chrosomus neogaeus","Chrosomus","Leuciscidae","Cypriniformes","Actinopteri","Chordata","Metazoa","MiFishU","TOP",95,33,33,33,TRUE,"Not artefactual"
"CACCGCGGTCATACGATTGACCCAAATTAATAGGAACACGGCGTAAAGAGTGTTAAGGAGTCACATAAAATAAAGTCAAACCCTAATTAAGCTGTAAAAAGCCCTAATTAAAATTAAGCCAAACTACGAAAGTGACTTTAACATAACCTGATCACACGACAGCTAAGACC","ESV_MiFishU_1641","Megaptera novaeangliae","species","Megaptera novaeangliae","Megaptera","Balaenopteridae","Artiodactyla","Mammalia","Chordata","Metazoa","MiFishU","TOP",95,27,27,27,TRUE,"Not artefactual"
"CACCGCGGTTATACGAGAGGCCCAAGTTGACAGACGTCGGCGTAAAGAGTGGTTAAGTTAAAATTTATACTAAAGCCGAACATCCTCAAGGCTGTTATACGCACCCGAAGATAAGAAGTTCAACCACGAAGGTGGCTTTATTTAGTCTGAACCCACGAAAGCTACGGCG","ESV_MiFishU_1643","Stichaeidae","family",NA,NA,"Stichaeidae","Perciformes","Actinopteri","Chordata","Metazoa","MiFishU","TOP",95,26,26,26,TRUE,"Not artefactual"
"CACCGCGGTCATACAAGAAACCCAAATCAATAGCTACCCGGCGTAAAGAGTGGCCACATGTTATCTGCACCAGCTAAGATTAAAATGCAACCAAGCTGTCATAAGCCTAAGATCCACCTAAACCCAACCCAAATCCATCTTAGCCTCAACGATTAATTTTAACCCACGAAAGCTAGGACC","ESV_MiFishU_1652","Phasianidae","family",NA,NA,"Phasianidae","Galliformes","Aves","Chordata","Metazoa","MiFishU","TOP",95,23,23,4,TRUE,"Not artefactual"
"CACCATGATCATACGATTAACCCAAACTAATAAAATCTGGTGAAAAGCGTGTTTAAGGTAAACCTACAGTAAAGCTAAACTCCGTCTAAGCTGTAAAAAGCTTCAACTGAAGTAAAAATAAACTACAAAAGTGACTTTAACACCCTGAAAACACGATAGCTAAGACT","ESV_MiFishU_1665","Homo sapiens","species","Homo sapiens","Homo","Hominidae","Primates","Mammalia","Chordata","Metazoa","MiFishU","TOP",95,18,18,18,FALSE,"Contamination"
"TACCGCGGTCATACGATTAACCCAAACTAATAGGCCCTCGGCGTAAAGCGTGTTAAAGATCAACCCACACTAAAGCTAAAACCTAGCCAAGCCGTAAAAAGCTACCGTTAACATAAAATAAACTACGAAAGTGACTTTACTAACTCTGACAGCACGATAGCTAAGACC","ESV_MiFishU_1667","Halichoerus grypus","species","Halichoerus grypus","Halichoerus","Phocidae","Carnivora","Mammalia","Chordata","Metazoa","MiFishU","TOP",95,17,17,17,TRUE,"Not artefactual"
"CACCGCGGTCATACGATTAACCCAAATTAATAGAAACACGGCGTAAAGAGTGTTAAGGAGTCTCATAGAATAAAGTCAAACCTTAATTAAGCTGTAAAAAGCCATAATTAAAATTAAGCCAAACTACGAAAGTGACTTTAATATGATCTGATCACACGACAGCTAAGATC","ESV_MiFishU_1668","Balaenoptera musculus","species","Balaenoptera musculus","Balaenoptera","Balaenopteridae","Artiodactyla","Mammalia","Chordata","Metazoa","MiFishU","TOP",95,17,17,17,TRUE,"Not artefactual"
"CACCGCGGTTATACGAGAGGCCCAAGTTGACAAACACCGGCGTAAAGCGTGTTAAAGATCAACCCACACTAAAGCTAAAACCTAACCAAGCCGTAAAAAGCTACCGTTAACATAAAATAGACCACGAAAGTGACTTTACTAATTCTGACTGCACGATAGCTAAGATC","ESV_MiFishU_1685",NA,NA,NA,NA,NA,NA,NA,NA,NA,NA,NA,NA,8,8,8,TRUE,"Not artefactual"
"ATGATACGGCGACCACCGAGATCTACACGAACATCGACACTGACGACATGGTTCTACAGTCGGTAAAACTCGTGCCAGCCACCGCGGTTATACGAGAAGCCCAACTACGAAAGTGGCTTTACAACCCCTGAACCCACGAAAGCTATGACACAAACTGGGATTAGATACCCCACTATGAGACCAAGTCTCTGCTACCGTAGGTTGGAGTTATCGCGTATGCCGTCTTCTG","ESV_MiFishU_1688",NA,NA,NA,NA,NA,NA,NA,NA,NA,NA,NA,NA,7,7,7,TRUE,"Not artefactual"
"CACCGCGGTCATACGATTAACCCAAATTAATAGATCCACGGCGTAAAGAGTGTTTAAGAAAAAAAAATCACAATAGAGTTAAATTATAACTAAGCTGTAAAAAGCCCTAGTTAAAATAAAATAACCCACGAAAGTGACTCTAATAATCCTGACACACAATAGCTAAGACC","ESV_MiFishU_1694","Sus scrofa","species","Sus scrofa","Sus","Suidae","Artiodactyla","Mammalia","Chordata","Metazoa","MiFishU","TOP",95,6,6,6,TRUE,"Not artefactual"
"CACCGCGGTTATACGAGAGGCCCAAGCTGATAGACCCCGGCGTAAAGAGTGTCGAGGAGTAACATAAAATAAAGTCAAATCTTAGTTAAGCTGTAAAAAGCCATAACTAAACCTAAGCTAAACCACGAAAGTAACTTTATCACAAACCGAGTACACGACAACTAAGACC","ESV_MiFishU_1698","Phocoena phocoena","species","Phocoena phocoena","Phocoena","Phocoenidae","Artiodactyla","Mammalia","Chordata","Metazoa","MiFishU","TOP",95,5,5,5,TRUE,"Not artefactual"
"CACCGCGGTTATACGAGAGACCCAAGTTGATAAACACCGGCGTAAAGAGTGGTTAGGGCAAACTATTAAACTAAAGCCGAACGTCTTCAAAGCTGTTATACGCATACGAAGAACAGAAACACAACCACGAAAGTGGCTTTACCCCACCTGACCCCACGAGAGCTATGCCC","ESV_MiFishU_1711","Tautogolabrus adspersus","species","Tautogolabrus adspersus","Tautogolabrus","Labridae","Labriformes","Actinopteri","Chordata","Metazoa","MiFishU","TOP",95,2,2,2,TRUE,"Not artefactual"
"CACCGCGGTTATACGAGAGGCCCAAGTTGAAAGACACCGGCGTAAAGCGTGGTTAAGTTAAATTTAAGCTAAAGTTAAACATCTTCAAGACTGTTATACGTATCCGAAGACAGGAACCTCAATTACGAAAGTAACTTTACACAAGCTGAACCCACGAAAGCTATAGCA","ESV_MiFishU_1721","Liparis miostomus","species","Liparis miostomus","Liparis","Liparidae","Perciformes","Actinopteri","Chordata","Metazoa","MiFishU","TOP",95,2,2,2,TRUE,"Not artefactual"
