"","OTUs","Central","sequence","Taxon","Levels","species","genus","family","order","class","phylum","kingdom"
"1","OTU_38",TRUE,"CACCGCGGTTATACGAGAGGCCCAAGCTGATAGACCCCGGCGTAAAGAGTGGTTAAGATAAACTTAAAACTAAAGCCGAACACCCTCACAGCTGTTATACGCACCCGAGAGTAAGAAGCCCAACTACGAAAGTGGCTTTACAACCCCTGAACCCACGAAAGCTATGACA","Ammodytidae","family",NA,NA,"Ammodytidae","Uranoscopiformes","Actinopteri","Chordata","Metazoa"
"2","OTU_96",TRUE,"CACCGCGGTTATACGAGAGGCCCAAGTTGACAAACACCGGCGTAAAGCGTGGTTAAGTAAAAACTCACACTAAAGCCAAACATCTTCCAGGCTGTTATACGCAACCGAAGACAGGAAGTTCAACCACGAAAGTGGCTTTATCTAGTCTGAACCCACGAAAGCTAAGGAA","Myoxocephalus","genus",NA,"Myoxocephalus","Cottidae","Perciformes","Actinopteri","Chordata","Metazoa"
"3","OTU_34",TRUE,"CACCGCGGTTATACGAGAGGCCCAAGCTGATAGACCCCGGCGTAAAGAGTGGTTAAGATAAACTTGAGACTAAAGCCGAACACCCTCACAGCTGTTATACGCACCCGAGGGCAAGAAGCCCAACTACGAAAGTGGCTTTACAACCCCTGAACCCACGAAAGCTATGACA","Ammodytes americanus","species","Ammodytes americanus","Ammodytes","Ammodytidae","Uranoscopiformes","Actinopteri","Chordata","Metazoa"
"4","OTU_30",TRUE,"CACCGCGGTTATACGAGAGGCCCAAGCTGATAGACCCCGGCGTAAAGAGTGGTTAAGATAAACTTGAAACTAAAGCCGAACACCCTCACAGCTGTTATACGCACCCGAGGGCAAGAAGCCCAACTACGAAAGTGGCTTTACAACCCCTGAACCCACGAAAGCTATGACA","Ammodytes dubius","species","Ammodytes dubius","Ammodytes","Ammodytidae","Uranoscopiformes","Actinopteri","Chordata","Metazoa"
"5","OTU_92",TRUE,"CACCGCGGTTATACGAGAGGCCCAAGTTGACAAACACCGGCGTAAAGAGTGGTTAAGTCAAAACTCACACTAAAGCCAAACATCTTCAAGACTGTTATACGCAACCGAAGACAGGAAGTTCAACCACGAAAGTGGCTTTATCTCATCTGAACCCACGAAAGCTAAGGAA","Gymnocanthus tricuspis","species","Gymnocanthus tricuspis","Gymnocanthus","Cottidae","Perciformes","Actinopteri","Chordata","Metazoa"
"6","OTU_43",TRUE,"CACCGCGGTTATACGAGAGGCCCAAGTTGACAGACATCGGCGTAAAGAGTGGTTAAGTTAAAACTTATACTAAAGCCGAACGTCCTCAAGGCTGTTATACGCACCCGAAGATAAGAAGTTCAACCACGAAGGTGGCTTTATTTAGTCTGAACCCACGAAAGCTACGGCG","Stichaeus punctatus","species","Stichaeus punctatus","Stichaeus","Stichaeidae","Perciformes","Actinopteri","Chordata","Metazoa"
"7","OTU_40",TRUE,"CACCGCGGTTATACGAGAGGCCCAAGTTGACAGACATCGGCGTAAAGAGTGGTTAAGTTAAAATTGTACTAAAGCCGAACATCCTCCAGGCTGTTATACGCATCCGAAGATAAGAAGTTCAACCACGAAGGTAGCTTTATTTAGTCTGAACCCACGAAAGCTACGGCA","Pholis gunnellus","species","Pholis gunnellus","Pholis","Pholidae","Perciformes","Actinopteri","Chordata","Metazoa"
"8","OTU_88",TRUE,"CACCGCGGTTATACGAGAGGCCCAAGTTGAAAGACACCGGCGTAAAGCGTGGTTAAGTTAAATTTAAGCTAAAGTTAAACATCTTCAAGACTGTTATACGTATCCGAAGATAGGAACCTCAATTACGAAAGTAACTTTACACAAGCTGAACCCACGAAAGCTATAGCA","Liparis miostomus","species","Liparis miostomus","Liparis","Liparidae","Perciformes","Actinopteri","Chordata","Metazoa"
"10","OTU_84",TRUE,"CACCGCGGTTATACGAGAGGCCCAAGTTGACAGACACCGGCGTAAAGAGTGGTTAAGCTAAAACTTAAACTAAAGCCAAACATCTTCAAGACTGTTATACGTACCCGAAGACAGGAAACTCAACCACGAAAGTAGCTTTATTTAATCTGACCCCACGAAAGCTACGGTA","Cyclopterus lumpus","species","Cyclopterus lumpus","Cyclopterus","Cyclopteridae","Perciformes","Actinopteri","Chordata","Metazoa"
"13","OTU_54",TRUE,"CACCGCGGTTATACGAGAGGCCCAAGTTGATTAAATGCGGCGTAAAGAGTGGTTATGAAAATTAAACAATAAGGTCGAATATCCTCAGAGCAGTTATACGCATCCGAGGTCACGAAGCACAGTCACGAAAGTAGCCCTACTATAATTCTGACCCCACGAAAACCATAGAA","Enchelyopus cimbrius","species","Enchelyopus cimbrius","Enchelyopus","Gaidropsaridae","Gadiformes","Actinopteri","Chordata","Metazoa"
"17","OTU_82",TRUE,"CACCGCGGTTATACGAGAGGCCCAAGTTGACAGACACCGGCGTAAAGAGTGGTTAAGTTGAAACTTAAACTAAAGCCAAACATCTTCAAGACTGTTATACGTACCCGAAGGCAGGAGACTCAACCACGAAAGTAACTTTATTTAATCTGACCCCACGAAAGCTACGGCA","Eumicrotremus spinosus","species","Eumicrotremus spinosus","Eumicrotremus","Cyclopteridae","Perciformes","Actinopteri","Chordata","Metazoa"
"18","OTU_32",TRUE,"CACCGCGGTTATACGAGAGGCCCAAGCTGATAGACCCCGGCGTAAAGAGTGGTTAAGATAAACTTCAGACTAAAGCCGAACACCCTCACAGCTGTTATACGCACCCGAGGGCAAGAAGCCCAACTACGAAAGTGGCTTTACAACCCCTGAACCCACGAAAGCTATGACA","Ammodytes americanus","species","Ammodytes americanus","Ammodytes","Ammodytidae","Uranoscopiformes","Actinopteri","Chordata","Metazoa"
"21","OTU_81",TRUE,"TACCGCGGTCATACGATTAACCCAAACTAATAGGCCCTCGGCGTAAAGCGTGTTAAAGATCAACCCACACTAAAGCTAAAACCTAACCAAGCCGTAAAAAGCTACCGTTAACATAAAATAAACTACGAAAGTGACTTTACTAACTCTGACAGCACGATAGCTAAGACC","Halichoerus grypus","species","Halichoerus grypus","Halichoerus","Phocidae","Carnivora","Mammalia","Chordata","Metazoa"
"24","OTU_76",TRUE,"CACCGCGGTCATACGATTGACCCAAGTTAATAGACACCCGGCGTAAAGAGTGTCGAGGAGTAACATAAAATAAAGTCAAATCTTAGTTAAGCTGTAAAAAGCCATAACTAAACCTAAGCTAAACCACGAAAGTAACTTTATCACAAACCGAGTACACGACAACTAAGACC","Phocoena phocoena","species","Phocoena phocoena","Phocoena","Phocoenidae","Artiodactyla","Mammalia","Chordata","Metazoa"
"40","OTU_79",TRUE,"CACCGCGGTCATACGATTAACCCAAACTAATAGGCCCTCGGCGTAAAGCGTGTTAAAGATCAACCCACACTAAAGCTAAAACCTAACCAAGCCGTAAAAAGCTACCGTTAACATAAAATAGACCACGAAAGTGACTTTACTAATTCTGACTGCACGATAGCTAAGATC","Phoca vitulina","species","Phoca vitulina","Phoca","Phocidae","Carnivora","Mammalia","Chordata","Metazoa"
"44","OTU_66",TRUE,"CACCGCGGTCATACGATTGACCCAAATTAATAGGAACACGGCGTAAAGAGTGTTAAGGAGTCACATAAAATAAAGTCAAACCCTAATTAAGCTGTAAAAAGCCCTAATTAAAATTAAGCCAAACTACGAAAGTGACTTTAACATAACCTGATCACACGACAGCTAAGACC","Megaptera novaeangliae","species","Megaptera novaeangliae","Megaptera","Balaenopteridae","Artiodactyla","Mammalia","Chordata","Metazoa"
"45","OTU_42",FALSE,"CACCGCGGTTATACGAGAGGCCCAAGTTGACAGACGTCGGCGTAAAGAGTGGTTAAGTTAAAATTTATACTAAAGCCGAACATCCTCAAGGCTGTTATACGCACCCGAAGATAAGAAGTTCAACCACGAAGGTGGCTTTATTTAGTCTGAACCCACGAAAGCTACGGCG","Stichaeidae","family",NA,NA,"Stichaeidae","Perciformes","Actinopteri","Chordata","Metazoa"
"47","OTU_64",TRUE,"CACCGCGGTCATACGATTAACCCAAATTAATAGAAACACGGCGTAAAGAGTGTTAAGGAGTCTCATAGAATAAAGTCAAACCTTAATTAAGCTGTAAAAAGCCATAATTAAAATTAAGCCAAACTACGAAAGTGACTTTAATATGATCTGATCACACGACAGCTAAGATC","Balaenoptera musculus","species","Balaenoptera musculus","Balaenoptera","Balaenopteridae","Artiodactyla","Mammalia","Chordata","Metazoa"
"48","OTU_80",TRUE,"CACCGCGGTTATACGAGAGGCCCAAGTTGACAAACACCGGCGTAAAGCGTGTTAAAGATCAACCCACACTAAAGCTAAAACCTAACCAAGCCGTAAAAAGCTACCGTTAACATAAAATAGACCACGAAAGTGACTTTACTAATTCTGACTGCACGATAGCTAAGATC",NA,NA,NA,NA,NA,NA,NA,NA,NA
"49","OTU_77",TRUE,"CACCGCGGTTATACGAGAGGCCCAAGCTGATAGACCCCGGCGTAAAGAGTGTCGAGGAGTAACATAAAATAAAGTCAAATCTTAGTTAAGCTGTAAAAAGCCATAACTAAACCTAAGCTAAACCACGAAAGTAACTTTATCACAAACCGAGTACACGACAACTAAGACC","Phocoena phocoena","species","Phocoena phocoena","Phocoena","Phocoenidae","Artiodactyla","Mammalia","Chordata","Metazoa"
"51","OTU_12",TRUE,"CACCGCGGTTATACGAGTGGCCCAAGTTGAAAGTTACCGGCGTAAAGAGTGGTTAGGGAAATAATAAACTAAAGTCGAACACCCCCTAGGCTGTTATACGCTTCTGGGGGAACGAAGCCCCACTACGAAGGTGGCTTTAATACACCTGAACCCACGACAACTAAGATA","Mallotus villosus","species","Mallotus villosus","Mallotus","Salangidae","Osmeriformes","Actinopteri","Chordata","Metazoa"
"52","OTU_52",TRUE,"CACCGCGGCTATACGAGAGACCCAAGTTGATACCATCCGGCGTAAAGAGTGGTTATGGAAAATAAAGACTAAAGCCGTACACCTTCAAAGCTGTTATACGCATCCGAAGGCTAGAAGATCAACCACGAAGGTAGCTTTACAACCCCTGACCCCACGAAAGCTCTGGCA","Sebastes fasciatus","species","Sebastes fasciatus","Sebastes","Sebastidae","Perciformes","Actinopteri","Chordata","Metazoa"
"53","OTU_50",TRUE,"CACCGCGGTTATACGAGAGGCCCAAATTGATGAAAAACGGCGTAAAGCGTGGTTAAGAAAAAAGAGAAAATATGGCCGAACAGCTTCAAAGCAGTTATACGCATCCGAAGTCACGAAGAACAATCACGAAAGTTGCCCTAAAACCTCCGATTCCACGAAAGCCATAAAA","Gadus","genus",NA,"Gadus","Gadidae","Gadiformes","Actinopteri","Chordata","Metazoa"
"54","OTU_55",TRUE,"CACCGCGGTTATACGATAGGCCCAAGTTGACAGACCCCGGCGTAAAGCGTGGTTAGGGAAAATTTAAAACTAAAGCCGAACACCTTCAGGGCAGTCATACGCTTCCGAAGGCACGAAGCCCCTCCACGAAAGTGGCTTTACTACCCCCGACCCCACGAAAGCTAGGACA","Scomber scombrus","species","Scomber scombrus","Scomber","Scombridae","Scombriformes","Actinopteri","Chordata","Metazoa"
"55","OTU_60",TRUE,"CACCGCGGTTATACGAGAGGCCCAAGTTGACAAACAACGGCGTAAAGAGTGGTTAGGGGATTTACTAAACTAGAGCCGAACGCTTTCAAAGCTGTTATACGCACCCGAAAGTATGAAACCCAATTACGAAAGTAGCTCTACTTATCCTGAACCCACGAAAGCTAAGGAA","Pleuronectidae","family",NA,NA,"Pleuronectidae","Pleuronectiformes","Actinopteri","Chordata","Metazoa"
"56","OTU_57",TRUE,"CACCGCGGTTATACGAGAGACCCTAGTTGATATATTCGGCGTAAAGAGTGGTTATGGAAAACAAGCACTAAAGCCAAAGAGCCCTCAGGCCGTTATACGCACCCGGGGCCTCGAACCACTATCACGAAAGTAGCTTTACCCTCGCCCACCAGAACCCACGAGAGCTGGGACA","Clupea harengus","species","Clupea harengus","Clupea","Clupeidae","Clupeiformes","Actinopteri","Chordata","Metazoa"
"58","OTU_58",TRUE,"CACCGCGGTTATACGAGAGGCCCAAGTTGACAAACAACGGCGTAAAGAGTGGTTAGGGAATTTACTAAACTAGAGCCGAACGCTCTCAAAGCTGTTATACGCACCCGAGAGTATGAAACCCAATTACGAAAGTAGCTCTACCTATCCTGAACCCACGAAAGCTAAGGAA","Pseudopleuronectes","genus",NA,"Pseudopleuronectes","Pleuronectidae","Pleuronectiformes","Actinopteri","Chordata","Metazoa"
"59","OTU_48",TRUE,"CACCGCGGTTATACGAGAGGCCCAAGTTGAAAGACCCTGGCGTAAAGAGTGGTTAAGCTAGAATTTACACTAAAGCCGAACATCCTCACGGCTGTTATACGCACCCGAAGATAAGAAGCCCAGCCACGAAGGTAGCTTTATTTAACTGAACCCACGAAAGCTACGGCA","Zoarces americanus","species","Zoarces americanus","Zoarces","Zoarcidae","Perciformes","Actinopteri","Chordata","Metazoa"
"60","OTU_94",TRUE,"CACCGCGGTTATACGAGAGGCCCAAGTTGACAAACACCGGCGTAAAGAGTGGTTAAGTCAAAACTCATACTAAAGCCAAACATCTTCAAGACTGTTATACGCAACCGAAGACAGGAAGTTCAACCACGAAAGTGGCTTTATCTCATCTGAACCCACGAAAGCTAAGGAA","Gymnocanthus tricuspis","species","Gymnocanthus tricuspis","Gymnocanthus","Cottidae","Perciformes","Actinopteri","Chordata","Metazoa"
"61","OTU_4",TRUE,"CACCGCGGTTATACGAGTGGCCCAAGTTGAAAGTTACCGGCGTAAAGAGTGGTTAGGGAAATAATAAACTAAAGTCGAACACCCCCTAGGCTGTTATACGCTTCTGGGGGAACGAAGCCCCACTACGAAGGTGGCTTTAACACACCTGAACCCACGACAACTAAGATA","Mallotus villosus","species","Mallotus villosus","Mallotus","Salangidae","Osmeriformes","Actinopteri","Chordata","Metazoa"
"62","OTU_7",FALSE,"CACCGCGGTTATACGAGTGGCCCAAGTTGAAAGTTACCGGCGTAAAGAGTGGTTAGGGAAATAATAAACTAAAGTCGAACACCCCCTAGGCTGTTATACGCTTCTGGGGGGACGAAGCCCCACTACGAAGGTGGCTTTAATACACCTGAACCCACGACAACTAAGATA","Mallotus villosus","species","Mallotus villosus","Mallotus","Salangidae","Osmeriformes","Actinopteri","Chordata","Metazoa"
"64","OTU_49",TRUE,"CACCGCGGTTATACGAGAGGCCCAAATTGATGAAAAACGGCGTAAAGCGTGGTTAAGAAAAAAGAGAAAATATGGCCGAACAACTTCAAAGCAGTTATACGCATCCGAAGTCACGAAGAACAATCACGAAAGTTGCCCTAAAACCTCCGATTCCACGAAAGCCATAAAA","Gadus","genus",NA,"Gadus","Gadidae","Gadiformes","Actinopteri","Chordata","Metazoa"
"65","OTU_83",TRUE,"CACCGCGGTTATACGAGAGGCCCAAGTTGACAGACACCGGCGTAAAGAGTGGTTAAGCTAAAACTAAAACTAAAGCCAAACATCTTCAAGACTGTTATACGTACCCGAAGACAGGAAACTCAACCACGAAAGTAGCTTTATTTAATCTGACCCCACGAAAGCTACGGTA","Cyclopterus lumpus","species","Cyclopterus lumpus","Cyclopterus","Cyclopteridae","Perciformes","Actinopteri","Chordata","Metazoa"
"66","OTU_45",TRUE,"CACCGCGGTTATACGAGAGGCCCAAGTTGAAAGAGCCCGGCGTAAAGAGTGGTTAAGCTAGAATTTATACTAAAGCCGAACATCCTCACGGCTGTTATACGCATCCGAAGATAAGAAGCTCAACCACGAAGGTAGCTTTATATGTCTGAGCCCACGAAAGCTACGGCA","Lycodes","genus",NA,"Lycodes","Zoarcidae","Perciformes","Actinopteri","Chordata","Metazoa"
"67","OTU_87",TRUE,"CACCGCGGTTATACGAGAGGCCCAAGTTGAAAGACACCGGCGTAAAGCGTGGTTAAGCTAAAATTTAAATTAAAGTTAAACATCTTCAAGACTGTTATACGTACCCGAAGACAGGAACCTCAATTACGAAAGTAACTTTATACAAGCTGAACCCACGAAAGCTATGGCA","Liparis","genus",NA,"Liparis","Liparidae","Perciformes","Actinopteri","Chordata","Metazoa"
"69","OTU_90",TRUE,"CACCGCGGTTATACGAGAGGCCCAAGTTGACAAACACCGGCGTAAAGAGTGGTTAAGTTATAAACCTCATACTAAAGCCAAACATCTTCAAGGCTGTTATACGCAACCGAAGACAGGAAGTTCAACCACGAAAGTGACTTTATTTGATCTGAACCCACGAAAGCTAAGGAA","Artediellus uncinatus","species","Artediellus uncinatus","Artediellus","Cottidae","Perciformes","Actinopteri","Chordata","Metazoa"
"70","OTU_91",TRUE,"CACCGCGGTTATACGAGAGGCCCAAGTTGATAGCCACCGGCGTAAAGCGTGGTTAAGTTTAAACTCATACTAAAGCCAAACATCTTCAAGACTGTTATACGTAGCCGAAGACAGGAAGTTCAACCACGAAAGTGGCTTTATCTAATCTGAACCCACGAAAGCTAAGGAA","Hemitripterus americanus","species","Hemitripterus americanus","Hemitripterus","Agonidae","Perciformes","Actinopteri","Chordata","Metazoa"
"71","OTU_95",TRUE,"CACCGCGGTTATACGAGAGGCCCAAGTTGACAAACACCGGCGTAAAGCGTGGTTAAGTAAAAACTCACACTAAAGCCAAACATCTTCCAGGCTGTTATACGCAACCGAAGACAGGAAGTTCAACCACGAAAGTGGCTTTATCTAATCTGAGCCCACGAAAGCTAAGGAA","Myoxocephalus aenaeas","species","Myoxocephalus aenaeas","Myoxocephalus","Cottidae","Perciformes","Actinopteri","Chordata","Metazoa"
"72","OTU_11",TRUE,"CACCGCGGTTATACGAGTGGCCCAAGTTGAAAGTTACCGGCGTAAAGAGTGGTTAGGGAAATAATATACTAAAGTCGAACACCCCCTAGGCTGTTATACGCTTCTGGGGGAACGAAGCCCCACTACGAAGGTGGCTTTAATACACCTGAACCCACGACAACTAAGATA","Mallotus villosus","species","Mallotus villosus","Mallotus","Salangidae","Osmeriformes","Actinopteri","Chordata","Metazoa"
"73","OTU_89",TRUE,"CACCGCGGTTATACGAGAGGCCCAAGTTGACAGACACCGGCGTAAAGCGTGGTTAAGGTACACGAAAACTAAAGCCGAACACCTTCAGGGCAGTTATACGCATCCGAAGGCACGAAGCCCCACCACGAAAGTGGCTTTATAAACCCTGACTCCACGAAAGCTATGACA","Thunnus thynnus","species","Thunnus thynnus","Thunnus","Scombridae","Scombriformes","Actinopteri","Chordata","Metazoa"
"74","OTU_46",TRUE,"CACCGCGGTTATACGAGAGGCCCAAGTTGAAAGAACCCGGCGTAAGGGGTGGTTAAGTTAGAATTTACACTAAAGTCGAACATCCTCACGGCTGTTATACGCACCCGAAGACAAGAAGACCAACCACGAAGGTAGCTTTATTTAATCTGAATCCACGAAAGCTACGACA","Gymnelus hemifasciatus","species","Gymnelus hemifasciatus","Gymnelus","Zoarcidae","Perciformes","Actinopteri","Chordata","Metazoa"
"75","OTU_8",TRUE,"CACCGCGGTTATACGAGTGGCCCAAGTTGAAAGTTACCGGCGTAAAGAGTGGTTAGGGAAATAATAAACTAAAGTCGAACACCCCCTAGGCTGTTATACGCTTCTGGGGGAACGAAGCCCCACTACGAAGGTGGCTTTAATACACCTGAGCCCACGACAACTAAGATA","Mallotus villosus","species","Mallotus villosus","Mallotus","Salangidae","Osmeriformes","Actinopteri","Chordata","Metazoa"
"76","OTU_13",TRUE,"CACCGCGGTTATACGAGTGGCCCAAGTTGAAAGTTACCGGCGTAAAGAGTGGTTAGGGAAATAATAAACTAAAGTCGAACACCCCCTAGGCTGTTATACGCTTCTGGGGGAACGAAGCCCCGCTACGAAGGTGGCTTTAATACACCTGAACCCACGACAACTAAGATA","Mallotus villosus","species","Mallotus villosus","Mallotus","Salangidae","Osmeriformes","Actinopteri","Chordata","Metazoa"
"77","OTU_10",TRUE,"CACCGCGGTTATACGAGTGGCCCAAGTTGAAAGTTACCGGCGTAAAGAGTGGTTAGGGAGATAATAAACTAAAGTCGAACACCCCCTAGGCTGTTATACGCTTCTGGGGGAACGAAGCCCCACTACGAAGGTGGCTTTAATACACCTGAACCCACGACAACTAAGATA","Mallotus villosus","species","Mallotus villosus","Mallotus","Salangidae","Osmeriformes","Actinopteri","Chordata","Metazoa"
"79","OTU_20",TRUE,"CACCGCGGTTATACGAGTGGCCCAAGTTGAAAGTTGCCGGCGTAAAGAGTGGTTAGGGAAATAATAAACTAAAGTCGAACACCCCCTAGGCTGTTATACGCTTCTGGGGGAACGAAGCCCCACTACGAAGGTGGCTTTAATACACCTGAACCCACGACAACTAAGATA","Mallotus villosus","species","Mallotus villosus","Mallotus","Salangidae","Osmeriformes","Actinopteri","Chordata","Metazoa"
"81","OTU_18",FALSE,"CACCGCGGTTATACGAGTGGCCCAAGTTGAAAGTTACCGGCGTAAAGAGTGGTTAGGGAAATAATAAACTAAAGTTGAACACCCCCTAGGCTGTTATACGCTTCTGGGGGAACGAAGCCCCACTACGAAGGTGGCTTTAATACACCTGAACCCACGACAACTAAGATA","Mallotus villosus","species","Mallotus villosus","Mallotus","Salangidae","Osmeriformes","Actinopteri","Chordata","Metazoa"
"82","OTU_56",TRUE,"CACCGCGGTTATACGAGAGACCCTAGTTGATATATTCGGCGTAAAGAGTGGTTATGGAGAACAAGCACTAAAGCCAAAGAGCCCTCAGGCCGTTATACGCACCCGGGGCCTCGAACCACTATCACGAAAGTAGCTTTACCCTAGCCCACCAGAACCCACGAGAGCTGGGACA","Clupea harengus","species","Clupea harengus","Clupea","Clupeidae","Clupeiformes","Actinopteri","Chordata","Metazoa"
"83","OTU_41",TRUE,"CACCGCGGTTATACGAGAGGCCCAAGTTGAAAGACCCCGGCGTAAAGCGTGGTTAAGTTAAAATTTGTACTAAAGCCGAACATCTTCACGGCTGTTATACGCACCCGAAGATAAGAAGTTCAACCACGAAGGTAGCTTTATTTAATCTGAACCCACGAAAGCTACGGCA","Anarhichas","genus",NA,"Anarhichas","Anarhichadidae","Perciformes","Actinopteri","Chordata","Metazoa"
"84","OTU_5",FALSE,"CACCGCGGTTATACGAGTGGCCCAAGTTGAAAGTTACCGGCGTAAAGAGTGGTTAGGGAAATAATAAACTAAAGTCGAACACCCCCTAGGCTGTTATACGCTTCTGGGGGAACGAAGCCCCACTACGAAGGTGGCTTTAATACTCCTGAACCCACGACAACTAAGATA","Mallotus villosus","species","Mallotus villosus","Mallotus","Salangidae","Osmeriformes","Actinopteri","Chordata","Metazoa"
"85","OTU_25",TRUE,"CACCGCGGTTATACGAGTGGCCCAAGTTGAAAGTTACCGGCGTAAAGAGTGGTTAGGGAAATAATAAACTAAAGTCGAACACCCCCTAGGCTGTTATACGCTTCTGAGGGAACGAAGCCCCACTACGAAGGTGGCTTTAATACACCTGAACCCACGACAACTAAGATA","Mallotus villosus","species","Mallotus villosus","Mallotus","Salangidae","Osmeriformes","Actinopteri","Chordata","Metazoa"
"86","OTU_26",TRUE,"CACCGCGGTTATACGAGTGGCCCAAGTTGAAAGTTACCGGCGTAAAGAGTGGTTAGGGAAATAATAAACTAAAGTCGAACACCCCCTAGGCTGTTATACGCTTCTGGGGGAACGAAGCCCCACTACGAAGGTGACTTTAATACACCTGAACCCACGACAACTAAGATA","Mallotus villosus","species","Mallotus villosus","Mallotus","Salangidae","Osmeriformes","Actinopteri","Chordata","Metazoa"
"87","OTU_21",TRUE,"CACCGCGGTTATACGAGTGGCCCAAGTTGAAAATTACCGGCGTAAAGAGTGGTTAGGGAAATAATAAACTAAAGTCGAACACCCCCTAGGCTGTTATACGCTTCTGGGGGAACGAAGCCCCACTACGAAGGTGGCTTTAATACACCTGAACCCACGACAACTAAGATA","Mallotus villosus","species","Mallotus villosus","Mallotus","Salangidae","Osmeriformes","Actinopteri","Chordata","Metazoa"
"89","OTU_59",TRUE,"CACCGCGGTTATACGAGAGGCCCAAGTTGACGAACAACGGCGTAAAGAGTGGTTAGGGAATTTACTAAACTAGAGCCGAACGCTTTCAAAGCTGTTATACGCACCCGAAAGTATGAAACCCAATTACGAAAGTAGCTCTACTTATCCTGAACCCACGAAAGCTAAGGAA","Hippoglossoides robustus","species","Hippoglossoides robustus","Hippoglossoides","Pleuronectidae","Pleuronectiformes","Actinopteri","Chordata","Metazoa"
"91","OTU_9",FALSE,"CACCGCGGTTATACGAGTGGCCCAAGTTGAAAGTTACCGGCGTAAAAAGTGGTTAGGGAAATAATAAACTAAAGTCGAACACCCCCTAGGCTGTTATACGCTTCTGGGGGAACGAAGCCCCACTACGAAGGTGGCTTTAATACACCTGAACCCACGACAACTAAGATA","Mallotus villosus","species","Mallotus villosus","Mallotus","Salangidae","Osmeriformes","Actinopteri","Chordata","Metazoa"
"93","OTU_37",TRUE,"CACCGCGGTTATACGAGAGGCCCAAGCTGATAGATCCCGGCGTAAAGAGTGGTTAAGATAAACTTAAAACTAAAGCCGAACACCCTCACAGCTGTTATACGCACCCGAGAGTAAGAAGCCCAACTACGAAAGTGGCTTTACAACCCCTGAACCCACGAAAGCTATGACA","Ammodytidae","family",NA,NA,"Ammodytidae","Uranoscopiformes","Actinopteri","Chordata","Metazoa"
"94","OTU_16",TRUE,"CACCGCGGTTATACGAGTGGCCCAAGTTGAAAGTTACCGGCGTAAAGAGTGGTTAGGGAAATAATAAACTAAAGTCGAACACCCCCTAGGCTGTTATACGCTTATGGGGGAACGAAGCCCCACTACGAAGGTGGCTTTAATACACCTGAACCCACGACAACTAAGATA","Mallotus villosus","species","Mallotus villosus","Mallotus","Salangidae","Osmeriformes","Actinopteri","Chordata","Metazoa"
"100","OTU_27",FALSE,"CACCGCGGTTATACGAGTGGCCCAAGTTGAAAGTTACCGGCGTAAAGAGTGGTTAGGGAAATAATAAAATAAAGTCGAACACCCCCTAGGCTGTTATACGCTTCTGGGGGAACGAAGCCCCACTACGAAGGTGACTTTAATACACCTGAACCCACGACAACTAAGATA","Mallotus villosus","species","Mallotus villosus","Mallotus","Salangidae","Osmeriformes","Actinopteri","Chordata","Metazoa"
"102","OTU_65",TRUE,"CACCGCGGTCATACGATCGACCCAAATTAATAGAAGCACGGCGTAAAGAGTGTTAAGGAGCCACATGAAATAAAGTCAAACCTTAATTAAGCTGTAAAAAGCCCTAATTAAAATTAAGCCAAACTACGAAAGTGACTTTAATATAATCTGATCACACGACAGCTAAGATC","Balaenoptera physalus","species","Balaenoptera physalus","Balaenoptera","Balaenopteridae","Artiodactyla","Mammalia","Chordata","Metazoa"
"103","OTU_63",TRUE,"CACCGCGGTCATACGATTGACCCAAATTAATAGAAGCACGGCGTAAAGAGTGTTAAGGAACTACATAAAATTAAAGTCAAATCTTAATTAAGCTGTAAAAAGCCCTAATTAAAATTAAGCCAAACTACGAAAGTGACTTTAGTATAATCCGATCACACGACAGCTAAGACC","Balaenoptera acutorostrata","species","Balaenoptera acutorostrata","Balaenoptera","Balaenopteridae","Artiodactyla","Mammalia","Chordata","Metazoa"
"113","OTU_53",TRUE,"CACCGCGGTTATACGAGAGGCCCAAGTTGAAAGACCCCGGCGTAAAGCGTGGTTAAGTTAAAATTTCACTAAAGTCGAATACCCTCACAGCTGTCATACGCACCCGAGGGTAAGAAGCTCAACCACGAAGGTAGCTTTACTTGTCTGAACCCACGAAAGCTACGGCA","Melanostigma atlanticum","species","Melanostigma atlanticum","Melanostigma","Zoarcidae","Perciformes","Actinopteri","Chordata","Metazoa"
"115","OTU_14",TRUE,"CACCGCGGTTATACGAGTGGCCCAAGTTGAAAGTTACCGGCGTAAAGAGTGGTTAGGGAAATAATAAACTAAAGTCGAACACCCCCTAGGCTGTTATACGCTTCTGGGGGAACGAAGCCCCACTACGAAGGTGGCTTTAATACACCTGAACCTACGACAACTAAGATA","Mallotus villosus","species","Mallotus villosus","Mallotus","Salangidae","Osmeriformes","Actinopteri","Chordata","Metazoa"
"116","OTU_28",TRUE,"CACCGCGGTTATACGAGTGGCCCAAGTTGAAAGTTACCGGCGTAAAGAGTGGTTAGGGAAATAATAAACTAAAGTCGAACACCCCCTAGGCTGTTATACGCTTCTGGGGGAACGAAGCCCCACCACGAAGGTAACTTTAATACACCTGAACCCACGACAACTAAGATA","Mallotus villosus","species","Mallotus villosus","Mallotus","Salangidae","Osmeriformes","Actinopteri","Chordata","Metazoa"
"117","OTU_15",TRUE,"CACCGCGGTTATACGAGTGGCCCAAGTTGAAAGTTACCGGCGTAAAGAGTGGTTAGGGAAATAATAAACTAAAGTCGAACACCCCCTAAGCTGTTATACGCTTCTGGGGGAACGAAGCCCCACTACGAAGGTGGCTTTAATACACCTGAACCCACGACAACTAAGATA","Mallotus villosus","species","Mallotus villosus","Mallotus","Salangidae","Osmeriformes","Actinopteri","Chordata","Metazoa"
"121","OTU_93",TRUE,"CACCGCGGTTATACGAGAGGCCCAAGTTGACAAACACCGGCGTAAAGAGTGGTTAAGTCAAAACTCACACTAAAGCCAAACATCTTCAAGACTGTTATACGCAACCGAAGACAGGAAGTTCAACCACGAGAGTGGCTTTATCTCATCTGAACCCACGAAAGCTAAGGAA","Gymnocanthus tricuspis","species","Gymnocanthus tricuspis","Gymnocanthus","Cottidae","Perciformes","Actinopteri","Chordata","Metazoa"
"131","OTU_3",TRUE,"CACCGCGGTTATACGAGTGACCCAAGTTGAAAGTTACCGGCGTAAAGAGTGGTTAGGGAAATAATAAACTAAAGTCGAACACCCCCTAGGCTGTTATACGCTTCTGGGGGAACGAAGCCCCACTACGAAGGTGGCTTTAACACACCTGAACCCACGACAACTAAGATA","Mallotus villosus","species","Mallotus villosus","Mallotus","Salangidae","Osmeriformes","Actinopteri","Chordata","Metazoa"
"132","OTU_6",TRUE,"CACCGCGGTTATACGAGTGGCCCAAGTTGAAAGTTACCGGCGTAAAGAGTGGTTAGGGAAATAATAAACTAAAGTCGAACACCCCCTAGGCTGTTATACGCTTCTGGGGGAACGAAGCCCCACTACGAAGGTGGCTTTAATGCACCTGAACCCACGACAACTAAGATA","Mallotus villosus","species","Mallotus villosus","Mallotus","Salangidae","Osmeriformes","Actinopteri","Chordata","Metazoa"
"136","OTU_33",TRUE,"CACCGCGGTTATACGAGAGGCCCAAGCTGATAGACCCCGGCGTAAAGAGTGGTTAGGATAAACTTGAGACTAAAGCCGAACACCCTCACAGCTGTTATACGCACCCGAGGGCAAGAAGCCCAACTACGAAAGTGGCTTTACAACCCCTGAACCCACGAAAGCTATGACA","Ammodytes americanus","species","Ammodytes americanus","Ammodytes","Ammodytidae","Uranoscopiformes","Actinopteri","Chordata","Metazoa"
"139","OTU_24",TRUE,"CACCGCGGTTATACGAGTGGCCCAAGTTGAAAGTTACCGGCGTAAAGAGTGGTCAGGGAAATAATAAACTAAAGTCGAACACCCCCTAGGCTGTTATACGCTTCTGGGGGAACGAAGCCCCACTACGAAGGTGGCTTTAATACACCTGAACCCACGACAACTAAGATA","Mallotus villosus","species","Mallotus villosus","Mallotus","Salangidae","Osmeriformes","Actinopteri","Chordata","Metazoa"
"151","OTU_62",TRUE,"CACCGCGGTCATACGATTGACCCAAATTAATAGAAGCACGGCGTAAAGAATGTTAAGGAACTACATAAAATTAAAGTCAAATCTTAATTAAGCTGTAAAAAGCCCTAATTAAAATTAAGCCAAACTACGAAAGTGACTTTAGTATAATCCGATCACACGACAGCTAAGACC","Balaenoptera acutorostrata","species","Balaenoptera acutorostrata","Balaenoptera","Balaenopteridae","Artiodactyla","Mammalia","Chordata","Metazoa"
"163","OTU_31",TRUE,"CACCGCGGTTATACGAGAGGCCCAAGCTGATAGACCCCGGCGTAAAGAGTGGTTAAGATAAACTTAAAACTAAAGCCGAACACCCTCACAGCTGTTATACGCACCCGAGGGCAAGAAGCCCGACTACGAAAGTGGCTTTACAACCCCTGAACCCACGAAAGCTATGACA","Ammodytes dubius","species","Ammodytes dubius","Ammodytes","Ammodytidae","Uranoscopiformes","Actinopteri","Chordata","Metazoa"
"174","OTU_36",FALSE,"CACCGCGGTTATACGAGAGGCCCAAGCTGATAGACCCCGGCGTAAAGAGTGGTTAAGATAAACTTAAAACTAAAGCCGAACACCCTCACAGCTGTTATACGCACCCGAGAGTAAGAAGCCCAACTACGAAAGTGGCTTTACAGCCCCTGAACCCACGAAAGCTATGACA","Ammodytidae","family",NA,NA,"Ammodytidae","Uranoscopiformes","Actinopteri","Chordata","Metazoa"
"176","OTU_51",TRUE,"CACCGCGGTTATACGAGAGGCCCAAATTGATGAAAAACGGCGTAAAGCGTAGTTAAGAAAAAAGAGAAAATATGGCCGAACAGCTTCAAAGCAGTTATACGCATCCGAAGTCACGAAGAACAATCACGAAAGTTGCCCTAAAACCTCCGATTCCACGAAAGCCATAAAA","Gadus","genus",NA,"Gadus","Gadidae","Gadiformes","Actinopteri","Chordata","Metazoa"
"181","OTU_35",TRUE,"CACCGCGGTTATACGAGAGGCCCAAGCTGATAGGCCCCGGCGTAAAGAGTGGTTAAGATAAACTTGAGACTAAAGCCGAACACCCTCACAGCTGTTATACGCACCCGAGGGCAAGAAGCCCAACTACGAAAGTGGCTTTACAACCCCTGAACCCACGAAAGCTATGACA","Ammodytes americanus","species","Ammodytes americanus","Ammodytes","Ammodytidae","Uranoscopiformes","Actinopteri","Chordata","Metazoa"
"197","OTU_47",TRUE,"CACCGCGGTTATACGAGAGGCCCAAGTTGAAAGACCCTGGCGTAAAGAGTGGTTAAGCTAGAATTTACACTAAAGCCGAACATCCTCACAGCTGTTATACGCACCCGAAGATAAGAAGCCCAGCCACGAAGGTAGCTTTATTTAACTGAACCCACGAAAGCTACGGCA","Zoarces americanus","species","Zoarces americanus","Zoarces","Zoarcidae","Perciformes","Actinopteri","Chordata","Metazoa"
"238","OTU_75",TRUE,"CACCGCGGTTATACATAAGGTAATAGCTAATAAAATATGGTAAAAAATGTGGTAAGAATTAGTTTAAGTAAAATAAAAATACCCTCTAGCAGTAATAAGCTAACAGAACTTAAGTTACAATAACAGCAATATAATTTTACCTTCTCTCACCCCACTAAAGCTCTAACA","Asterias rubens","species","Asterias rubens","Asterias","Asteriidae","Forcipulatida","Asteroidea","Echinodermata","Metazoa"
"291","OTU_85",TRUE,"CACCGCGGTTATACGAGAGGCCCAAGTTGACAGACACCGGCGTAAAGAGTGGTTAAGCTAAAACTTAAACTAAAGCCAAACATCTTCAAGACTGTTATACGTACCCGAAGACAGGAAACTCAGCCACGAAAGTAGCTTTATTTAATCTGACCCCACGAAAGCTACGGTA","Cyclopterus lumpus","species","Cyclopterus lumpus","Cyclopterus","Cyclopteridae","Perciformes","Actinopteri","Chordata","Metazoa"
"341","OTU_22",TRUE,"CACCGCGGTTATACGAGTGGCCCAAATTGAAAGTTACCGGCGTAAAGAGTGGTTAGGGAAATAATATACTAAAGTCGAACACCCCCTAGGCTGTTATACGCTTCTGGGGGAACGAAGCCCCACTACGAAGGTGGCTTTAATACACCTGAACCCACGACAACTAAGATA","Mallotus villosus","species","Mallotus villosus","Mallotus","Salangidae","Osmeriformes","Actinopteri","Chordata","Metazoa"
"370","OTU_19",TRUE,"CACCGCGGTTATACGAGAGGCCCAAGTTGACAGACATCGGCGTAAAGAGTGGTTAGGGAAATAATAAACTAAAGTCGAACACCCCCCTAGGCTGTTATACGCTTCTGGGGGAACGAAGCCCCACTACGAAGGTGGCTTTAATACACCTGAACCCACGACAACTAAGATA","Mallotus villosus","species","Mallotus villosus","Mallotus","Salangidae","Osmeriformes","Actinopteri","Chordata","Metazoa"
"401","OTU_23",TRUE,"CACCGCGGTTATACGAGTGGCCCAAATTGAAAGTTACCGGCGTAAAGAATGATTAAAGAAATAATAAACTAAAGTCGAACACCCCCTAGGCTGTTATACGCTTCTGGGGGAACGAAGCCCCACTACGAAGGTGGCTTTAATACACCTGAACCCACGACAACTAAGATA","Mallotus villosus","species","Mallotus villosus","Mallotus","Salangidae","Osmeriformes","Actinopteri","Chordata","Metazoa"
"402","OTU_68",TRUE,"CTTCGATCTTATCGGAGTAGTATGCTTCGGCTTTCTCGGCTGCTTCTTGTGCATTGGTTGCACAAAACGCGACAGGAGCGTCCCAGTTTAGGCATAGTACCGTTGCGGAAAAACCGTCCCCAGACGAGGGTTTGTCTTCAACGCAAGGCCCATAC",NA,NA,NA,NA,NA,NA,NA,NA,NA
"409","OTU_74",TRUE,"CGCCGCGGTCACACAAGAGGCCCAAATTAACAGAAATTCGGCGTAAAGAGTGGTCACATGCTATCTCTACAACTAGGGCCAAAGTGCGACTAAGCTGTCATAAGCTCAAGCTACACCTAAGATCCCCCTCAAGATGACCCTAGCACGCACGATCCATTAAGCCCCACCAAAGCTAGGGTC","Phalacrocorax auritus","species","Phalacrocorax auritus","Phalacrocorax","Phalacrocoracidae","Pelecaniformes","Aves","Chordata","Metazoa"
"415","OTU_2",TRUE,"CACCGCGGTTATACGAGTGGCCCAAGTTGAAAGTTACCGGCGTAAAGAGTGGTTAGGGAAATAATAAACTAAAGTCGAACACCCCCCTAGGCTGTTATACGCTTCTGGGGGAACGAAGCCCCACTACGAAGGTGGCTTTACAACCCCTGAACCCACGAAAGCTATGACA",NA,NA,NA,NA,NA,NA,NA,NA,NA
"418","OTU_17",TRUE,"CACCGCGGTTATACGAGTGGCCCAAGTTGAAAGTTACCGGCGTAAAGAGTGGTTAGGGAAATAATAAACTAAAGTCGAACGCCCCCTAGGCTGTTATGCGCTTCTGGGGGAACGAAGCCCCACTACGAAGGTGGCTTTAATACACCTGAACCCACGACAACTAAGATA","Mallotus villosus","species","Mallotus villosus","Mallotus","Salangidae","Osmeriformes","Actinopteri","Chordata","Metazoa"
"420","OTU_67",TRUE,"AAAGTCATCGTCGGTATGTCCGGCGGTGTCGACTCATCGGTCGCTGCCCTCCTGTTACTGGAGCAGGGCTATCGAGTGGAAGGCCTCTTTATGAAAAATTGGGAAGAGGATGACGGGACTGAATACTGCACAGCCAAGGAAGATTTTGCCGACGCACAGGCGGTGGCGGA",NA,NA,NA,NA,NA,NA,NA,NA,NA
"427","OTU_1",TRUE,"CACCGCGGTTATACGAGTGGCCCAAGTTGAAAGTTACCGGCGTAAAGAGTGGTTAGGGAAATAATAAACTAAAGTCGAACACCCCCCTAGGCTGTTATACGCACCCGAAGATAAGAAGTTCAACCACGAAGGTGGCTTTATTTAGTCTGAACCCACGAAAGCTACGGCG",NA,NA,NA,NA,NA,NA,NA,NA,NA
"433","OTU_78",TRUE,"CACCGCGGTTATACGAGAGGCCCAAGCTGATAGACCCCGGCGTAAAGAGTGGTTAAGAAAAAAAAATCACAATAGAGTTAAATTATAACTAAGCTGTAAAAAGCCCTAGTTAAAATAAAATAACCCACGAAAGTGACTCTAATAATCCTGACACACGATAGCTAGGACC",NA,NA,NA,NA,NA,NA,NA,NA,NA
"434","OTU_44",TRUE,"CACCGCGGTTATACGAGAGGCCCAAGTTGACAGACATCGGCGTAAAGAGTGGTTAAGTTAAACCTTATACTAAAGCCGAACGTCCTCAAGGCTGTTATACGCACCCGAAGATAAGAAGTTCAACCACGAAGGTGGCTTTATTTAGCCTGAACCCACGAAAGCTACGGCG","Stichaeus punctatus","species","Stichaeus punctatus","Stichaeus","Stichaeidae","Perciformes","Actinopteri","Chordata","Metazoa"
"436","OTU_70",TRUE,"AGGGTGCCTGGCGCTGGCTCAGGCAACATGGAGATCCTTCCAATTGAGAGAAGTGGCGGTGGGCACGGCGGACAGCAACATGTTGGGCCTGGAGCTGCAATCCCATCTCAAAGTAGCTAAAATATCAGCAATAATCACCAGCACAGAAACGTTCGG",NA,NA,NA,NA,NA,NA,NA,NA,NA
"438","OTU_29",TRUE,"CACCGCGGTCATACAAGAGACCCAAATCAACTGTCCCATACGAGCGGCGTAAAGAGTGGTTAGGGAAACAATAAACTAAAGTCGAACACCCCCTAGGCTGTTATACGCTTCTGGGGGAACGAAGCCCCACTACGAAGGTGGCTTTAATACACCTGAACCCACGACAACTAAGATA",NA,NA,NA,NA,NA,NA,NA,NA,NA
"439","OTU_72",TRUE,"AGAGTTCTCTGTTAGTACCGAACGTAATTTTGGGCACTCGCCAGATCTCCATATTCGCGGTATCTTTAGAAGTACACCCATATTCATTTGTATAGGTAAACTCTAGTATGATGGTATCCTTGTCTGTATTCTGAATAGTGTAATTTGACTCGTCTACATTTAGCCACCAATCGGGAG",NA,NA,NA,NA,NA,NA,NA,NA,NA
"440","OTU_39",TRUE,"TCGTGCCAGCCACCGCGGTTATACGAGAGGCCCAAGCTGATAGACCCCGGCGTAAAGAGTGGTTAAGATAAACTTAAAACTAAAGCCGAACACCCTCACAGCTGTTATACGCACCCGAGAGTAAGAAGCCCAACTACGAAAGCTATGACACAAACTGGGA",NA,NA,NA,NA,NA,NA,NA,NA,NA
"441","OTU_71",TRUE,"GCCAGCCACACACACATGCTCTCGCCCACAATTAAACCCAGGATTGTTCCAACCAGCAAGTCCAGGTGCGAGACGTTCACTACGGCCAATGACGAGCCTATGCATGCCGTACTCCTCGAAGCCATCGAGCTTCCCATCTGGACAGGTTCCCAAACT",NA,NA,NA,NA,NA,NA,NA,NA,NA
"443","OTU_86",TRUE,"TCGTGCCAGCCACCGCGGTTATACGAGAGGCCCAAGTTGACAGACACCGGCGTAAAGAGTGGTTAAGCTAAAACTTAAACTAAAGCCAAACATCTTCAAGACTGTTATACGTACCCGAAGACAGGAAACTCAACCACGAAAGCTATGACACAAACTGGGA",NA,NA,NA,NA,NA,NA,NA,NA,NA
"444","OTU_69",TRUE,"AGTCGTTTCACTGTCGGCAGCTGGTGAAGATGCTTTGGTCCCGTCCACCTTGATCTGAACCCTGTTGCGGTTGCGACGTTCAGCAGAGTGGCCTCTGTTTTTCCTCTCACAGGAATGATCGTTGCTGCTGGCTTCCTCATCGCTACTTCGGTCTCTGGACGTTCGGCCATCCTCCG",NA,NA,NA,NA,NA,NA,NA,NA,NA
"445","OTU_61",TRUE,"CACCGCTGTTATACGAGAGGCCCAAGTTGACAGACATCGGCGTAAAGAGTGGTTAGGGGATTTACTAAACTAGAGCCGAACGCTTTCAAAGCTGTTATACGCACCCGAAAGTATGAAACCCAATTACGAGAGTAGCTCTACTTATCCTGAACCCACGAAAGCTAAGGAA","Pleuronectidae","family",NA,NA,"Pleuronectidae","Pleuronectiformes","Actinopteri","Chordata","Metazoa"
"446","OTU_73",TRUE,"TACCGATTTCTGGATGAAATACATAGACGCACACAACAACCGAGACATTGAGGCTATTAAGTCGATGAGCGCAGACTCTATTTACATATTAGGCCCTGATGGTTCTGAAATTCGCACCAATGGTGCACAAGCAGCCGTGTTAGAGGGCTGGTTTGCCGCCTCAAACC",NA,NA,NA,NA,NA,NA,NA,NA,NA
